geo,time,dc_dac_luxl_cd
afg,1990,300000.01192
afg,1991,150000.00596
afg,1992,340000.00358
afg,1993,140000.0006
afg,1994,180000.00715
afg,1995,519999.98093
afg,1996,469999.99881
afg,1997,449999.98808
afg,1998,519999.98093
afg,1999,140000.0006
afg,2000,180000.00715
afg,2001,6079999.92371
afg,2002,4719999.79019
afg,2003,1509999.99046
afg,2004,959999.97854
afg,2005,1460000.03815
afg,2006,2130000.11444
afg,2007,3200000.04768
afg,2008,3589999.91417
afg,2009,3740000.00954
afg,2010,3190000.05722
afg,2011,3470000.02861
afg,2012,3019999.98093
afg,2013,4130000.11444
afg,2014,4699999.80927
afg,2015,1159999.96662
afg,2016,2759999.99046
afg,2017,2009999.99046
afg,2018,2299999.95232
afg,2019,1250000
ago,1990,300000.01192
ago,1992,189999.99762
ago,1995,479999.98927
ago,1997,280000.00119
ago,1999,9999.99978
ago,2000,479999.98927
ago,2001,439999.99762
ago,2002,699999.98808
ago,2003,109999.9994
ago,2004,230000.00417
ago,2019,59999.99866
alb,1992,159999.99642
alb,1993,140000.0006
alb,1994,180000.00715
alb,1995,70000.0003
alb,1996,750000
alb,1997,310000.00238
alb,1998,310000.00238
alb,1999,2940000.05722
alb,2000,1059999.94278
alb,2002,270000.01073
alb,2003,680000.00715
alb,2004,920000.01669
alb,2005,1470000.02861
alb,2006,1990000.00954
alb,2007,1659999.96662
alb,2008,680000.00715
alb,2009,300000.01192
alb,2010,90000.00358
alb,2011,39999.99911
alb,2012,159999.99642
alb,2013,9999.99978
alb,2017,59999.99866
alb,2018,59999.99866
alb,2019,189999.99762
arg,1990,59999.99866
arg,1991,29999.99933
arg,1992,50000.00075
arg,1993,39999.99911
arg,1994,50000.00075
arg,1995,360000.01431
arg,1996,200000.00298
arg,1997,119999.99732
arg,1998,409999.99642
arg,1999,129999.99523
arg,2000,230000.00417
arg,2002,180000.00715
arg,2003,59999.99866
arg,2004,79999.99821
arg,2005,100000.00149
arg,2006,209999.99344
arg,2007,170000.00179
arg,2008,230000.00417
arg,2009,140000.0006
arg,2010,150000.00596
arg,2011,170000.00179
arg,2012,90000.00358
arg,2013,159999.99642
arg,2014,90000.00358
arg,2015,79999.99821
arg,2016,59999.99866
arg,2017,170000.00179
arg,2018,250000
arg,2019,180000.00715
arm,1992,159999.99642
arm,1993,140000.0006
arm,1994,180000.00715
arm,1995,189999.99762
arm,1999,300000.01192
arm,2000,200000.00298
arm,2004,250000
arm,2005,79999.99821
arm,2010,109999.9994
arm,2011,100000.00149
arm,2012,119999.99732
arm,2019,0
atg,2017,29999.99933
aze,1993,140000.0006
aze,1994,180000.00715
aze,1996,189999.99762
aze,2003,140000.0006
aze,2005,19999.99955
aze,2010,79999.99821
aze,2011,100000.00149
aze,2012,100000.00149
aze,2013,9999.99978
aze,2015,0
aze,2016,50000.00075
aze,2017,59999.99866
aze,2018,79999.99821
aze,2019,79999.99821
bdi,1990,730000.01907
bdi,1991,1269999.98093
bdi,1992,509999.99046
bdi,1993,2150000.09537
bdi,1994,2759999.99046
bdi,1995,1039999.96185
bdi,1996,1299999.95232
bdi,1998,1799999.95232
bdi,1999,1399999.97616
bdi,2000,1860000.01431
bdi,2001,1629999.99523
bdi,2002,170000.00179
bdi,2003,239999.99464
bdi,2004,419999.98689
bdi,2005,379999.99523
bdi,2006,540000.02146
bdi,2007,3210000.03815
bdi,2008,529999.97139
bdi,2009,639999.98569
bdi,2010,1149999.97616
bdi,2011,1139999.98569
bdi,2012,759999.99046
bdi,2013,1029999.97139
bdi,2014,990000.00954
bdi,2015,850000.02384
bdi,2016,569999.99285
bdi,2017,560000.00238
bdi,2018,800000.01192
bdi,2019,270000.01073
ben,1990,70000.0003
ben,1991,79999.99821
ben,1992,70000.0003
ben,1993,29999.99933
ben,1994,39999.99911
ben,1995,119999.99732
ben,1996,29999.99933
ben,1997,379999.99523
ben,1998,379999.99523
ben,1999,310000.00238
ben,2000,779999.97139
ben,2002,730000.01907
ben,2003,1470000.02861
ben,2004,1419999.95708
ben,2005,1580000.04292
ben,2006,5250000
ben,2007,4280000.20981
ben,2008,860000.01431
ben,2009,1159999.96662
ben,2010,1960000.03815
ben,2011,1450000.04768
ben,2012,1259999.99046
ben,2013,1320000.05245
ben,2014,1440000.05722
ben,2015,1039999.96185
ben,2016,980000.01907
ben,2017,870000.00477
ben,2018,1419999.95708
ben,2019,1250000
bfa,1990,349999.99404
bfa,1991,1039999.96185
bfa,1992,330000.01311
bfa,1993,560000.00238
bfa,1994,720000.02861
bfa,1995,1110000.01431
bfa,1996,790000.02146
bfa,1997,1860000.01431
bfa,1998,2220000.02861
bfa,1999,3480000.01907
bfa,2000,6230000.01907
bfa,2001,4880000.11444
bfa,2002,5260000.22888
bfa,2003,7650000.09537
bfa,2004,7400000.09537
bfa,2005,11010000.22888
bfa,2006,10500000
bfa,2007,14210000.03815
bfa,2008,13390000.34332
bfa,2009,14779999.73297
bfa,2010,17899999.61853
bfa,2011,16920000.07629
bfa,2012,19059999.46594
bfa,2013,20469999.31335
bfa,2014,31069999.69482
bfa,2015,21500000
bfa,2016,19569999.69482
bfa,2017,25719999.31335
bfa,2018,24270000.45776
bfa,2019,26139999.38965
bgd,1990,300000.01192
bgd,1991,460000.00834
bgd,1992,140000.0006
bgd,1993,19999.99955
bgd,1994,29999.99933
bgd,1995,239999.99464
bgd,1996,9999.99978
bgd,1997,119999.99732
bgd,1998,100000.00149
bgd,1999,219999.99881
bgd,2000,109999.9994
bgd,2002,319999.99285
bgd,2003,239999.99464
bgd,2004,610000.01431
bgd,2005,300000.01192
bgd,2006,219999.99881
bgd,2007,449999.98808
bgd,2008,569999.99285
bgd,2009,620000.00477
bgd,2010,870000.00477
bgd,2011,1669999.95708
bgd,2012,1399999.97616
bgd,2013,2220000.02861
bgd,2014,2319999.93324
bgd,2015,1929999.94755
bgd,2016,2359999.8951
bgd,2017,3559999.94278
bgd,2018,3140000.1049
bgd,2019,4719999.79019
bgr,1997,129999.99523
bgr,1998,200000.00298
bgr,2000,90000.00358
bgr,2001,50000.00075
bgr,2002,159999.99642
bgr,2003,9999.99978
bgr,2004,9999.99978
bih,1995,370000.00477
bih,1996,910000.02623
bih,1997,1370000.00477
bih,1998,1440000.05722
bih,1999,1220000.02861
bih,2000,889999.98569
bih,2001,579999.98331
bih,2002,340000.00358
bih,2003,649999.97616
bih,2004,349999.99404
bih,2005,200000.00298
bih,2006,310000.00238
bih,2007,79999.99821
bih,2008,59999.99866
bih,2009,70000.0003
bih,2010,39999.99911
bih,2014,379999.99523
bih,2016,39999.99911
bih,2017,50000.00075
bih,2018,70000.0003
bih,2019,219999.99881
blr,1992,150000.00596
blr,1993,79999.99821
blr,1995,9999.99978
blr,1996,150000.00596
blr,1997,100000.00149
blr,1998,140000.0006
blr,1999,59999.99866
blr,2000,50000.00075
blr,2001,100000.00149
blr,2002,50000.00075
blr,2003,50000.00075
blr,2004,90000.00358
blr,2005,70000.0003
blr,2006,19999.99955
blr,2007,29999.99933
blr,2008,19999.99955
blr,2011,9999.99978
blz,2001,39999.99911
bol,1990,9999.99978
bol,1991,39999.99911
bol,1992,340000.00358
bol,1993,129999.99523
bol,1994,170000.00179
bol,1995,140000.0006
bol,1996,939999.99762
bol,1997,129999.99523
bol,1998,409999.99642
bol,1999,70000.0003
bol,2000,119999.99732
bol,2001,119999.99732
bol,2002,389999.98569
bol,2003,1100000.02384
bol,2004,589999.97377
bol,2005,1120000.00477
bol,2006,970000.02861
bol,2007,1080000.04292
bol,2008,1100000.02384
bol,2009,959999.97854
bol,2010,1190000.05722
bol,2011,1240000.00954
bol,2012,1750000
bol,2013,1269999.98093
bol,2014,1309999.94278
bol,2015,1360000.01431
bol,2016,1490000.00954
bol,2017,1590000.03338
bol,2018,1320000.05245
bol,2019,639999.98569
bra,1990,270000.01073
bra,1991,219999.99881
bra,1992,280000.00119
bra,1993,569999.99285
bra,1994,730000.01907
bra,1995,829999.98331
bra,1996,490000.00954
bra,1997,1019999.98093
bra,1998,850000.02384
bra,1999,639999.98569
bra,2000,1070000.05245
bra,2001,1000000
bra,2002,519999.98093
bra,2003,1220000.02861
bra,2004,1139999.98569
bra,2005,1210000.03815
bra,2006,1830000.04292
bra,2007,1539999.96185
bra,2008,2170000.07629
bra,2009,1870000.00477
bra,2010,2089999.91417
bra,2011,2849999.90463
bra,2012,2599999.90463
bra,2013,1429999.94755
bra,2014,1860000.01431
bra,2015,1700000.04768
bra,2016,959999.97854
bra,2017,699999.98808
bra,2018,1450000.04768
bra,2019,1340000.03338
btn,2014,119999.99732
bwa,1995,159999.99642
bwa,1996,509999.99046
bwa,1997,50000.00075
bwa,1998,29999.99933
bwa,2004,19999.99955
caf,1991,9999.99978
caf,1996,9999.99978
caf,2006,310000.00238
caf,2007,680000.00715
caf,2008,360000.01431
caf,2009,349999.99404
caf,2010,409999.99642
caf,2011,500000
caf,2012,270000.01073
caf,2013,1700000.04768
caf,2014,3720000.02861
caf,2015,3190000.05722
caf,2016,2089999.91417
caf,2017,2460000.03815
caf,2018,1399999.97616
caf,2019,1799999.95232
chl,1990,740000.00954
chl,1991,850000.02384
chl,1992,1090000.03338
chl,1993,620000.00477
chl,1994,800000.01192
chl,1995,1299999.95232
chl,1996,1580000.04292
chl,1997,2230000.01907
chl,1998,2650000.09537
chl,1999,2130000.11444
chl,2000,1299999.95232
chl,2001,740000.00954
chl,2002,1730000.01907
chl,2003,660000.02623
chl,2004,980000.01907
chl,2005,479999.98927
chl,2006,379999.99523
chl,2007,270000.01073
chl,2008,270000.01073
chl,2009,129999.99523
chl,2010,519999.98093
chl,2011,680000.00715
chl,2012,280000.00119
chl,2013,349999.99404
chl,2014,100000.00149
chl,2015,90000.00358
chl,2016,109999.9994
chl,2017,109999.9994
chn,1992,9999.99978
chn,1993,349999.99404
chn,1994,449999.98808
chn,1995,90000.00358
chn,1996,1190000.05722
chn,1997,230000.00417
chn,1998,1340000.03338
chn,1999,340000.00358
chn,2000,280000.00119
chn,2001,1509999.99046
chn,2002,540000.02146
chn,2003,449999.98808
chn,2004,980000.01907
chn,2005,879999.99523
chn,2006,860000.01431
chn,2007,1059999.94278
chn,2008,1840000.03338
chn,2009,620000.00477
chn,2010,899999.97616
chn,2011,230000.00417
chn,2012,970000.02861
chn,2013,670000.01669
chn,2014,460000.00834
chn,2015,409999.99642
chn,2016,500000
chn,2017,270000.01073
chn,2018,119999.99732
chn,2019,200000.00298
civ,1990,270000.01073
civ,1991,79999.99821
civ,1992,129999.99523
civ,1993,129999.99523
civ,1994,170000.00179
civ,1995,140000.0006
civ,1996,129999.99523
civ,1997,70000.0003
civ,1998,109999.9994
civ,1999,19999.99955
civ,2002,490000.00954
civ,2003,19999.99955
civ,2004,1250000
civ,2005,579999.98331
civ,2006,19999.99955
civ,2007,550000.01192
civ,2008,19999.99955
civ,2009,419999.98689
civ,2010,509999.99046
civ,2011,319999.99285
civ,2012,70000.0003
civ,2013,79999.99821
civ,2014,159999.99642
civ,2015,59999.99866
civ,2016,90000.00358
civ,2017,70000.0003
civ,2018,79999.99821
civ,2019,109999.9994
cmr,1990,50000.00075
cmr,1991,39999.99911
cmr,1992,50000.00075
cmr,1993,29999.99933
cmr,1994,39999.99911
cmr,1995,159999.99642
cmr,1996,50000.00075
cmr,1997,270000.01073
cmr,1998,100000.00149
cmr,1999,109999.9994
cmr,2000,230000.00417
cmr,2002,300000.01192
cmr,2003,439999.99762
cmr,2004,519999.98093
cmr,2005,460000.00834
cmr,2006,529999.97139
cmr,2007,289999.99166
cmr,2008,519999.98093
cmr,2009,300000.01192
cmr,2010,239999.99464
cmr,2011,449999.98808
cmr,2012,439999.99762
cmr,2013,600000.02384
cmr,2014,540000.02146
cmr,2015,330000.01311
cmr,2016,529999.97139
cmr,2017,500000
cmr,2018,419999.98689
cmr,2019,740000.00954
cod,1990,319999.99285
cod,1991,629999.99523
cod,1992,180000.00715
cod,1993,189999.99762
cod,1994,239999.99464
cod,1995,550000.01192
cod,1996,1700000.04768
cod,1997,1279999.97139
cod,1998,500000
cod,1999,159999.99642
cod,2000,200000.00298
cod,2001,180000.00715
cod,2002,1519999.98093
cod,2003,959999.97854
cod,2004,1220000.02861
cod,2005,1720000.02861
cod,2006,2119999.88556
cod,2007,3559999.94278
cod,2008,3450000.04768
cod,2009,3460000.03815
cod,2010,3269999.98093
cod,2011,2289999.96185
cod,2012,3470000.02861
cod,2013,2940000.05722
cod,2014,3579999.92371
cod,2015,3190000.05722
cod,2016,3559999.94278
cod,2017,3529999.97139
cod,2018,4159999.84741
cod,2019,2640000.1049
cog,1996,280000.00119
cog,1999,19999.99955
cog,2000,769999.98093
cog,2001,180000.00715
cog,2002,419999.98689
cog,2003,119999.99732
cog,2004,159999.99642
cog,2005,189999.99762
cog,2006,239999.99464
cog,2007,310000.00238
cog,2008,129999.99523
cog,2010,70000.0003
cog,2011,280000.00119
cog,2012,39999.99911
cog,2014,90000.00358
cog,2017,140000.0006
col,1990,430000.00715
col,1991,610000.01431
col,1992,509999.99046
col,1993,779999.97139
col,1994,1000000
col,1995,779999.97139
col,1996,449999.98808
col,1997,500000
col,1998,720000.02861
col,1999,180000.00715
col,2000,460000.00834
col,2002,259999.99046
col,2003,509999.99046
col,2004,529999.97139
col,2005,889999.98569
col,2006,1429999.94755
col,2007,2000000
col,2008,2279999.97139
col,2009,2319999.93324
col,2010,1830000.04292
col,2011,2250000
col,2012,2000000
col,2013,1879999.99523
col,2014,1220000.02861
col,2015,910000.02623
col,2016,870000.00477
col,2017,889999.98569
col,2018,1279999.97139
col,2019,1259999.99046
com,1993,170000.00179
com,1994,219999.99881
com,1995,189999.99762
com,2011,109999.9994
com,2012,140000.0006
com,2013,259999.99046
com,2014,79999.99821
cpv,1990,469999.99881
cpv,1991,1990000.00954
cpv,1992,1820000.05245
cpv,1993,2539999.96185
cpv,1994,3259999.99046
cpv,1995,4570000.17166
cpv,1996,6000000
cpv,1997,7130000.11444
cpv,1998,7800000.19073
cpv,1999,7579999.92371
cpv,2000,8300000.19073
cpv,2001,5380000.11444
cpv,2002,7650000.09537
cpv,2003,9640000.34332
cpv,2004,13199999.80927
cpv,2005,16549999.23706
cpv,2006,13819999.69482
cpv,2007,15869999.88556
cpv,2008,19440000.53406
cpv,2009,14239999.77112
cpv,2010,16870000.83923
cpv,2011,15210000.03815
cpv,2012,18149999.61853
cpv,2013,18979999.54224
cpv,2014,15170000.07629
cpv,2015,15180000.30518
cpv,2016,10859999.65668
cpv,2017,10159999.84741
cpv,2018,14729999.54224
cpv,2019,17129999.16077
cri,1991,90000.00358
cri,1999,70000.0003
cri,2004,9999.99978
cri,2007,59999.99866
cri,2009,119999.99732
cri,2010,109999.9994
cri,2011,119999.99732
cri,2012,59999.99866
cri,2013,79999.99821
cri,2014,19999.99955
cri,2016,0
cri,2018,409999.99642
cri,2019,0
cub,1993,59999.99866
cub,1994,79999.99821
cub,1995,100000.00149
cub,1996,119999.99732
cub,1998,209999.99344
cub,1999,100000.00149
cub,2002,50000.00075
cub,2003,19999.99955
cub,2005,70000.0003
cub,2006,170000.00179
cub,2007,219999.99881
cub,2008,230000.00417
cub,2009,230000.00417
cub,2010,319999.99285
cub,2011,209999.99344
cub,2012,550000.01192
cub,2013,239999.99464
cub,2014,319999.99285
cub,2015,180000.00715
cub,2016,189999.99762
cub,2017,150000.00596
cub,2018,79999.99821
cub,2019,109999.9994
cze,1992,100000.00149
cze,1993,140000.0006
cze,1995,129999.99523
cze,1996,159999.99642
cze,1997,119999.99732
cze,1998,100000.00149
cze,1999,259999.99046
cze,2001,79999.99821
cze,2002,790000.02146
cze,2003,620000.00477
cze,2004,29999.99933
dji,1991,790000.02146
dji,1992,100000.00149
dji,1993,1399999.97616
dji,1994,1799999.95232
dji,1995,9999.99978
dji,2005,310000.00238
dji,2017,230000.00417
dma,2011,9999.99978
dom,2007,129999.99523
dom,2014,0
dom,2015,0
dom,2016,39999.99911
dza,1997,50000.00075
dza,2001,109999.9994
dza,2003,109999.9994
dza,2005,19999.99955
dza,2006,150000.00596
dza,2008,19999.99955
dza,2012,0
dza,2016,59999.99866
dza,2017,50000.00075
dza,2018,180000.00715
dza,2019,170000.00179
ecu,1990,140000.0006
ecu,1991,19999.99955
ecu,1992,140000.0006
ecu,1993,129999.99523
ecu,1994,170000.00179
ecu,1995,939999.99762
ecu,1996,170000.00179
ecu,1997,109999.9994
ecu,1998,209999.99344
ecu,2000,150000.00596
ecu,2001,1470000.02861
ecu,2002,2180000.06676
ecu,2003,3369999.88556
ecu,2004,479999.98927
ecu,2005,600000.02384
ecu,2006,879999.99523
ecu,2007,1090000.03338
ecu,2008,2210000.03815
ecu,2009,3730000.01907
ecu,2010,310000.00238
ecu,2011,230000.00417
ecu,2012,170000.00179
ecu,2013,170000.00179
ecu,2014,189999.99762
ecu,2015,170000.00179
ecu,2016,219999.99881
ecu,2017,140000.0006
ecu,2018,70000.0003
ecu,2019,200000.00298
egy,1990,469999.99881
egy,1992,90000.00358
egy,1993,100000.00149
egy,1994,129999.99523
egy,1995,79999.99821
egy,2004,129999.99523
egy,2005,129999.99523
egy,2006,119999.99732
egy,2007,70000.0003
egy,2008,119999.99732
egy,2009,159999.99642
egy,2010,90000.00358
egy,2011,170000.00179
egy,2012,129999.99523
egy,2013,129999.99523
egy,2014,140000.0006
egy,2015,140000.0006
egy,2016,209999.99344
egy,2017,50000.00075
egy,2018,70000.0003
egy,2019,59999.99866
eri,1995,129999.99523
eri,2000,109999.9994
eri,2001,400000.00596
eri,2002,280000.00119
est,1999,9999.99978
eth,1990,129999.99523
eth,1991,529999.97139
eth,1992,100000.00149
eth,1993,180000.00715
eth,1994,230000.00417
eth,1995,289999.99166
eth,1996,319999.99285
eth,1997,560000.00238
eth,1998,250000
eth,1999,460000.00834
eth,2000,200000.00298
eth,2001,529999.97139
eth,2002,670000.01669
eth,2003,479999.98927
eth,2004,439999.99762
eth,2005,150000.00596
eth,2006,1730000.01907
eth,2007,980000.01907
eth,2008,1429999.94755
eth,2009,1629999.99523
eth,2010,740000.00954
eth,2011,1399999.97616
eth,2012,769999.98093
eth,2013,779999.97139
eth,2014,879999.99523
eth,2015,589999.97377
eth,2016,1320000.05245
eth,2017,720000.02861
eth,2018,1070000.05245
eth,2019,1639999.98569
fji,1995,150000.00596
fji,2012,29999.99933
fsm,2013,300000.01192
gab,2011,79999.99821
geo,1993,140000.0006
geo,1994,180000.00715
geo,1995,159999.99642
geo,1997,70000.0003
geo,2003,119999.99732
geo,2004,70000.0003
geo,2005,59999.99866
geo,2008,180000.00715
geo,2009,119999.99732
geo,2010,19999.99955
geo,2012,29999.99933
geo,2013,9999.99978
geo,2016,79999.99821
geo,2017,50000.00075
geo,2018,129999.99523
geo,2019,170000.00179
gha,1996,280000.00119
gha,1999,419999.98689
gha,2002,209999.99344
gha,2003,50000.00075
gha,2004,50000.00075
gha,2005,50000.00075
gha,2006,50000.00075
gha,2007,59999.99866
gha,2008,59999.99866
gha,2009,189999.99762
gha,2010,219999.99881
gha,2011,170000.00179
gha,2012,159999.99642
gha,2013,159999.99642
gha,2014,250000
gha,2015,150000.00596
gha,2016,250000
gha,2017,0
gha,2018,0
gha,2019,59999.99866
gin,1990,79999.99821
gin,1991,370000.00477
gin,1992,340000.00358
gin,1993,9999.99978
gin,1994,9999.99978
gin,1995,600000.02384
gin,1997,759999.99046
gin,1998,689999.99762
gin,1999,360000.01431
gin,2000,349999.99404
gin,2001,569999.99285
gin,2002,870000.00477
gin,2003,119999.99732
gin,2004,629999.99523
gin,2005,360000.01431
gin,2006,600000.02384
gin,2007,209999.99344
gin,2008,740000.00954
gin,2009,239999.99464
gin,2010,349999.99404
gin,2011,600000.02384
gin,2012,400000.00596
gin,2013,810000.00238
gin,2014,699999.98808
gin,2015,720000.02861
gin,2016,629999.99523
gin,2017,540000.02146
gin,2018,560000.00238
gin,2019,490000.00954
gmb,1990,829999.98331
gmb,1991,639999.98569
gmb,1992,730000.01907
gmb,1993,1009999.99046
gmb,1994,1299999.95232
gmb,2010,119999.99732
gmb,2011,159999.99642
gmb,2012,159999.99642
gmb,2013,259999.99046
gmb,2014,289999.99166
gmb,2015,70000.0003
gnb,1990,29999.99933
gnb,1991,29999.99933
gnb,1993,39999.99911
gnb,1994,50000.00075
gnb,1995,29999.99933
gnb,1996,39999.99911
gnb,2003,50000.00075
gnb,2004,39999.99911
gnb,2005,50000.00075
gnb,2006,50000.00075
gnb,2007,50000.00075
gnb,2008,200000.00298
gnb,2009,150000.00596
gnb,2010,50000.00075
gnb,2011,419999.98689
gnb,2012,19999.99955
gnb,2013,19999.99955
gnb,2014,9999.99978
gnb,2019,0
gnq,1991,129999.99523
gnq,1992,100000.00149
gnq,1993,19999.99955
gnq,1994,29999.99933
gnq,1995,29999.99933
gnq,1996,949999.98808
gnq,2019,0
grd,2007,70000.0003
gtm,1990,9999.99978
gtm,1992,9999.99978
gtm,1995,29999.99933
gtm,1996,9999.99978
gtm,1997,419999.98689
gtm,1998,419999.98689
gtm,1999,409999.99642
gtm,2002,90000.00358
gtm,2003,90000.00358
gtm,2004,119999.99732
gtm,2005,300000.01192
gtm,2006,170000.00179
gtm,2007,189999.99762
gtm,2008,200000.00298
gtm,2009,490000.00954
gtm,2010,500000
gtm,2011,579999.98331
gtm,2012,409999.99642
gtm,2013,400000.00596
gtm,2014,400000.00596
gtm,2015,419999.98689
gtm,2016,419999.98689
gtm,2017,490000.00954
gtm,2018,389999.98569
gtm,2019,389999.98569
guy,1999,79999.99821
guy,2002,19999.99955
guy,2004,19999.99955
guy,2005,29999.99933
guy,2007,50000.00075
guy,2008,39999.99911
guy,2010,29999.99933
hnd,1999,370000.00477
hnd,2003,9999.99978
hnd,2004,90000.00358
hnd,2005,50000.00075
hnd,2006,90000.00358
hnd,2007,140000.0006
hnd,2008,219999.99881
hnd,2009,70000.0003
hnd,2010,100000.00149
hnd,2011,180000.00715
hnd,2012,170000.00179
hnd,2013,140000.0006
hnd,2014,170000.00179
hnd,2015,159999.99642
hnd,2016,170000.00179
hnd,2017,140000.0006
hnd,2018,119999.99732
hnd,2019,70000.0003
hrv,1995,50000.00075
hrv,1997,70000.0003
hrv,1998,100000.00149
hrv,1999,29999.99933
hrv,2002,469999.99881
hrv,2003,310000.00238
hrv,2004,119999.99732
hrv,2005,490000.00954
hrv,2007,39999.99911
hrv,2008,109999.9994
hti,1990,59999.99866
hti,1991,19999.99955
hti,1992,159999.99642
hti,1993,270000.01073
hti,1994,349999.99404
hti,1995,400000.00596
hti,1996,439999.99762
hti,1997,479999.98927
hti,1998,300000.01192
hti,1999,610000.01431
hti,2000,349999.99404
hti,2001,189999.99762
hti,2002,300000.01192
hti,2003,219999.99881
hti,2004,1019999.98093
hti,2005,479999.98927
hti,2006,389999.98569
hti,2007,439999.99762
hti,2008,1110000.01431
hti,2009,1039999.96185
hti,2010,3819999.93324
hti,2011,2349999.90463
hti,2012,1879999.99523
hti,2013,1710000.03815
hti,2014,1590000.03338
hti,2015,899999.97616
hti,2016,2309999.94278
hti,2017,850000.02384
hti,2018,2109999.8951
hti,2019,699999.98808
hun,1992,39999.99911
hun,1993,70000.0003
hun,1995,79999.99821
hun,1996,29999.99933
hun,1997,9999.99978
hun,1998,19999.99955
hun,1999,140000.0006
hun,2000,9999.99978
hun,2002,9999.99978
hun,2003,9999.99978
idn,1991,19999.99955
idn,1992,19999.99955
idn,1993,19999.99955
idn,1994,29999.99933
idn,1995,19999.99955
idn,1998,250000
idn,1999,239999.99464
idn,2002,79999.99821
idn,2003,189999.99762
idn,2004,29999.99933
idn,2005,50000.00075
idn,2006,1190000.05722
idn,2007,519999.98093
idn,2008,310000.00238
idn,2009,500000
idn,2010,490000.00954
idn,2011,600000.02384
idn,2012,209999.99344
idn,2013,0
idn,2014,150000.00596
idn,2015,109999.9994
idn,2016,70000.0003
idn,2017,70000.0003
idn,2018,200000.00298
idn,2019,150000.00596
ind,1990,330000.01311
ind,1991,639999.98569
ind,1992,449999.98808
ind,1993,1039999.96185
ind,1994,1330000.04292
ind,1995,1769999.98093
ind,1996,939999.99762
ind,1997,3279999.97139
ind,1998,2839999.91417
ind,1999,3559999.94278
ind,2000,2500000
ind,2001,2910000.08583
ind,2002,1950000.04768
ind,2003,2579999.92371
ind,2004,2190000.05722
ind,2005,2329999.92371
ind,2006,2049999.95232
ind,2007,2960000.03815
ind,2008,3339999.91417
ind,2009,3130000.11444
ind,2010,3700000.04768
ind,2011,3089999.91417
ind,2012,2349999.90463
ind,2013,3019999.98093
ind,2014,2319999.93324
ind,2015,2000000
ind,2016,1960000.03815
ind,2017,2140000.1049
ind,2018,1460000.03815
ind,2019,1710000.03815
irn,1990,300000.01192
irn,1993,70000.0003
irn,1994,90000.00358
irn,1997,280000.00119
irn,2003,529999.97139
irn,2004,819999.99285
irn,2018,289999.99166
irq,1992,310000.00238
irq,1995,159999.99642
irq,1996,159999.99642
irq,1997,140000.0006
irq,1998,200000.00298
irq,1999,140000.0006
irq,2000,340000.00358
irq,2001,129999.99523
irq,2002,300000.01192
irq,2003,4179999.82834
irq,2004,990000.00954
irq,2005,1240000.00954
irq,2006,129999.99523
irq,2007,889999.98569
irq,2008,270000.01073
irq,2009,209999.99344
irq,2010,360000.01431
irq,2011,460000.00834
irq,2012,370000.00477
irq,2013,270000.01073
irq,2014,1259999.99046
irq,2015,759999.99046
irq,2016,2059999.94278
irq,2017,1509999.99046
irq,2018,1809999.94278
irq,2019,2759999.99046
isr,1991,439999.99762
jam,1999,59999.99866
jam,2004,9999.99978
jor,1990,370000.00477
jor,1991,439999.99762
jor,2012,90000.00358
jor,2013,19999.99955
jor,2014,660000.02623
jor,2015,560000.00238
jor,2016,550000.01192
jor,2017,639999.98569
jor,2018,409999.99642
jor,2019,699999.98808
kaz,1993,239999.99464
kaz,1994,310000.00238
kaz,1995,259999.99046
kaz,1996,219999.99881
kaz,1997,200000.00298
kaz,1999,79999.99821
kaz,2000,29999.99933
kaz,2001,29999.99933
kaz,2003,600000.02384
kaz,2005,50000.00075
kaz,2007,150000.00596
kaz,2009,19999.99955
kaz,2010,59999.99866
kaz,2011,50000.00075
kaz,2016,29999.99933
kaz,2017,39999.99911
kaz,2018,100000.00149
kaz,2019,70000.0003
ken,1992,79999.99821
ken,1993,19999.99955
ken,1994,29999.99933
ken,1995,50000.00075
ken,1996,29999.99933
ken,1997,200000.00298
ken,2002,79999.99821
ken,2003,119999.99732
ken,2004,180000.00715
ken,2005,439999.99762
ken,2006,910000.02623
ken,2007,270000.01073
ken,2008,660000.02623
ken,2009,1769999.98093
ken,2010,219999.99881
ken,2011,540000.02146
ken,2012,280000.00119
ken,2013,660000.02623
ken,2014,430000.00715
ken,2015,569999.99285
ken,2016,600000.02384
ken,2017,239999.99464
ken,2018,180000.00715
ken,2019,409999.99642
kgz,1992,79999.99821
kgz,1993,29999.99933
kgz,1994,39999.99911
kgz,2010,129999.99523
kgz,2011,19999.99955
kgz,2012,0
kgz,2015,9999.99978
khm,1990,150000.00596
khm,1991,90000.00358
khm,1993,109999.9994
khm,1994,140000.0006
khm,1995,200000.00298
khm,1997,159999.99642
khm,1998,349999.99404
khm,1999,39999.99911
khm,2000,500000
khm,2002,189999.99762
khm,2003,140000.0006
khm,2004,170000.00179
khm,2005,129999.99523
khm,2006,200000.00298
khm,2007,119999.99732
khm,2008,340000.00358
khm,2009,1110000.01431
khm,2010,439999.99762
khm,2011,200000.00298
khm,2012,330000.01311
khm,2013,259999.99046
khm,2014,490000.00954
khm,2015,500000
khm,2016,460000.00834
khm,2017,119999.99732
khm,2018,400000.00596
khm,2019,819999.99285
kor,1990,29999.99933
kor,1991,19999.99955
kor,1992,29999.99933
kor,1997,109999.9994
kor,1998,90000.00358
kos,2009,7969999.79019
kos,2010,9159999.84741
kos,2011,6889999.86649
kos,2012,14539999.96185
kos,2013,9029999.73297
kos,2014,9140000.34332
kos,2015,4380000.11444
kos,2016,6570000.17166
kos,2017,8630000.11444
kos,2018,7030000.20981
kos,2019,6920000.07629
lao,1995,19999.99955
lao,1997,579999.98331
lao,1998,1250000
lao,1999,2029999.97139
lao,2000,3529999.97139
lao,2001,4849999.90463
lao,2002,4739999.77112
lao,2003,7750000
lao,2004,7420000.07629
lao,2005,8560000.41962
lao,2006,6800000.19073
lao,2007,11340000.15259
lao,2008,14210000.03815
lao,2009,7909999.84741
lao,2010,12350000.38147
lao,2011,16530000.68665
lao,2012,16690000.53406
lao,2013,17760000.22888
lao,2014,17600000.38147
lao,2015,16170000.07629
lao,2016,12409999.84741
lao,2017,19260000.22888
lao,2018,28989999.77112
lao,2019,24659999.84741
lbn,1990,19999.99955
lbn,1991,19999.99955
lbn,1992,109999.9994
lbn,1993,119999.99732
lbn,1994,150000.00596
lbn,1995,39999.99911
lbn,1996,150000.00596
lbn,1997,490000.00954
lbn,1999,319999.99285
lbn,2000,209999.99344
lbn,2001,310000.00238
lbn,2002,340000.00358
lbn,2003,579999.98331
lbn,2004,629999.99523
lbn,2005,100000.00149
lbn,2006,1429999.94755
lbn,2007,360000.01431
lbn,2008,490000.00954
lbn,2009,319999.99285
lbn,2010,180000.00715
lbn,2011,1100000.02384
lbn,2012,330000.01311
lbn,2013,1049999.95232
lbn,2014,899999.97616
lbn,2015,680000.00715
lbn,2016,460000.00834
lbn,2017,769999.98093
lbn,2018,980000.01907
lbn,2019,970000.02861
lbr,2002,280000.00119
lbr,2003,449999.98808
lbr,2004,649999.97616
lbr,2006,109999.9994
lbr,2008,79999.99821
lbr,2009,79999.99821
lbr,2010,409999.99642
lbr,2011,300000.01192
lbr,2012,460000.00834
lbr,2013,250000
lbr,2014,250000
lby,2012,140000.0006
lby,2014,270000.01073
lby,2016,9999.99978
lby,2017,1149999.97616
lby,2019,1200000.04768
lca,2010,29999.99933
lka,1991,159999.99642
lka,1996,159999.99642
lka,1997,140000.0006
lka,1998,100000.00149
lka,1999,70000.0003
lka,2004,109999.9994
lka,2005,19999.99955
lka,2006,1039999.96185
lka,2007,500000
lka,2008,460000.00834
lka,2009,1200000.04768
lka,2010,720000.02861
lka,2011,409999.99642
lka,2012,500000
lka,2013,189999.99762
lka,2014,79999.99821
lka,2015,289999.99166
lka,2016,129999.99523
lka,2017,310000.00238
lka,2018,219999.99881
lka,2019,159999.99642
lso,2009,310000.00238
lso,2011,280000.00119
lso,2012,259999.99046
lso,2015,219999.99881
ltu,2003,79999.99821
lva,1992,109999.9994
lva,1999,59999.99866
mar,1990,29999.99933
mar,1995,19999.99955
mar,1996,19999.99955
mar,1997,610000.01431
mar,1998,810000.00238
mar,1999,1059999.94278
mar,2000,1950000.04768
mar,2001,2769999.98093
mar,2002,1659999.96662
mar,2003,2029999.97139
mar,2004,1889999.98569
mar,2005,1759999.99046
mar,2006,1350000.02384
mar,2007,970000.02861
mar,2008,1340000.03338
mar,2009,1389999.98569
mar,2014,170000.00179
mar,2015,200000.00298
mar,2016,9999.99978
mar,2017,100000.00149
mar,2018,100000.00149
mar,2019,79999.99821
mda,1999,200000.00298
mda,2001,9999.99978
mda,2002,349999.99404
mda,2003,289999.99166
mda,2004,389999.98569
mda,2005,70000.0003
mda,2006,200000.00298
mda,2007,200000.00298
mda,2008,239999.99464
mda,2009,310000.00238
mda,2010,280000.00119
mda,2011,270000.01073
mda,2012,270000.01073
mda,2013,90000.00358
mda,2014,259999.99046
mda,2015,100000.00149
mda,2016,29999.99933
mda,2017,29999.99933
mda,2018,90000.00358
mda,2019,109999.9994
mdg,1992,29999.99933
mdg,1995,29999.99933
mdg,1996,29999.99933
mdg,1997,289999.99166
mdg,1998,200000.00298
mdg,1999,39999.99911
mdg,2000,209999.99344
mdg,2002,79999.99821
mdg,2003,159999.99642
mdg,2004,150000.00596
mdg,2005,100000.00149
mdg,2006,100000.00149
mdg,2007,340000.00358
mdg,2008,639999.98569
mdg,2009,649999.97616
mdg,2010,280000.00119
mdg,2011,620000.00477
mdg,2012,389999.98569
mdg,2013,409999.99642
mdg,2014,280000.00119
mdg,2015,280000.00119
mdg,2016,170000.00179
mdg,2017,270000.01073
mdg,2018,550000.01192
mdg,2019,449999.98808
mdv,2009,29999.99933
mdv,2010,70000.0003
mex,1990,29999.99933
mex,1991,19999.99955
mex,1992,59999.99866
mex,1993,70000.0003
mex,1994,90000.00358
mex,1995,70000.0003
mex,1996,90000.00358
mex,1997,50000.00075
mex,1998,29999.99933
mex,2000,90000.00358
mex,2002,90000.00358
mex,2003,370000.00477
mex,2004,29999.99933
mex,2007,70000.0003
mex,2014,0
mex,2017,9999.99978
mex,2018,19999.99955
mkd,1999,150000.00596
mkd,2001,219999.99881
mkd,2002,189999.99762
mkd,2003,469999.99881
mkd,2005,250000
mkd,2006,70000.0003
mkd,2007,340000.00358
mkd,2008,100000.00149
mkd,2015,0
mkd,2016,119999.99732
mkd,2017,150000.00596
mkd,2018,59999.99866
mkd,2019,140000.0006
mli,1990,280000.00119
mli,1991,259999.99046
mli,1992,360000.01431
mli,1993,230000.00417
mli,1994,300000.01192
mli,1995,670000.01669
mli,1996,1000000
mli,1997,1149999.97616
mli,1998,1460000.03815
mli,1999,2140000.1049
mli,2000,3599999.90463
mli,2001,5179999.82834
mli,2002,5389999.86649
mli,2003,6400000.09537
mli,2004,7610000.13351
mli,2005,11189999.58038
mli,2006,9449999.80927
mli,2007,16860000.61035
mli,2008,20209999.08447
mli,2009,22750000
mli,2010,14239999.77112
mli,2011,24649999.61853
mli,2012,20290000.91553
mli,2013,22739999.77112
mli,2014,13359999.65668
mli,2015,14100000.38147
mli,2016,17930000.30518
mli,2017,18840000.15259
mli,2018,24459999.08447
mli,2019,24649999.61853
mmr,1990,19999.99955
mmr,1991,19999.99955
mmr,1992,9999.99978
mmr,1995,19999.99955
mmr,1997,19999.99955
mmr,2003,280000.00119
mmr,2004,310000.00238
mmr,2005,310000.00238
mmr,2006,310000.00238
mmr,2007,460000.00834
mmr,2008,839999.97377
mmr,2009,239999.99464
mmr,2010,230000.00417
mmr,2011,189999.99762
mmr,2012,9999.99978
mmr,2013,300000.01192
mmr,2014,400000.00596
mmr,2015,1250000
mmr,2016,2140000.1049
mmr,2017,3809999.94278
mmr,2018,6429999.82834
mmr,2019,5710000.03815
mne,2006,2430000.06676
mne,2007,3450000.04768
mne,2008,4889999.86649
mne,2009,4519999.98093
mne,2010,6789999.96185
mne,2011,2829999.92371
mne,2012,5440000.05722
mne,2013,2779999.97139
mne,2014,1090000.03338
mne,2015,9999.99978
mne,2016,109999.9994
mne,2017,59999.99866
mne,2019,79999.99821
mng,1996,280000.00119
mng,2000,90000.00358
mng,2001,230000.00417
mng,2002,910000.02623
mng,2003,620000.00477
mng,2004,310000.00238
mng,2005,300000.01192
mng,2006,540000.02146
mng,2007,1580000.04292
mng,2008,2750000
mng,2009,1450000.04768
mng,2010,2049999.95232
mng,2011,2849999.90463
mng,2012,2960000.03815
mng,2013,3289999.96185
mng,2014,3220000.02861
mng,2015,3089999.91417
mng,2016,2900000.09537
mng,2017,2970000.02861
mng,2018,1820000.05245
mng,2019,1350000.02384
moz,1991,29999.99933
moz,1992,219999.99881
moz,1993,170000.00179
moz,1994,219999.99881
moz,1995,119999.99732
moz,1997,150000.00596
moz,1998,300000.01192
moz,1999,189999.99762
moz,2000,1450000.04768
moz,2001,289999.99166
moz,2002,409999.99642
moz,2003,730000.01907
moz,2004,349999.99404
moz,2005,1350000.02384
moz,2006,1519999.98093
moz,2007,730000.01907
moz,2008,189999.99762
moz,2009,109999.9994
moz,2010,109999.9994
moz,2011,109999.9994
moz,2012,100000.00149
moz,2019,550000.01192
mrt,1992,9999.99978
mrt,1995,29999.99933
mrt,1996,79999.99821
mrt,2004,100000.00149
mrt,2012,59999.99866
mrt,2015,109999.9994
mrt,2018,0
mrt,2019,0
mus,1990,159999.99642
mus,1991,159999.99642
mus,1992,70000.0003
mus,1993,540000.02146
mus,1994,689999.99762
mus,1995,1379999.99523
mus,1996,2400000.09537
mus,1997,1340000.03338
mus,1998,1870000.00477
mus,1999,850000.02384
mus,2000,1149999.97616
mus,2001,959999.97854
mus,2003,569999.99285
mus,2004,860000.01431
mus,2005,720000.02861
mus,2006,209999.99344
mus,2007,19999.99955
mus,2009,150000.00596
mus,2010,370000.00477
mus,2011,119999.99732
mus,2012,129999.99523
mus,2013,70000.0003
mwi,1990,180000.00715
mwi,1991,150000.00596
mwi,1992,409999.99642
mwi,1993,79999.99821
mwi,1994,100000.00149
mwi,1995,400000.00596
mwi,1997,620000.00477
mwi,1998,200000.00298
mwi,1999,460000.00834
mwi,2000,1230000.01907
mwi,2001,159999.99642
mwi,2002,1289999.96185
mwi,2003,1429999.94755
mwi,2004,1240000.00954
mwi,2005,1039999.96185
mwi,2006,529999.97139
mwi,2007,100000.00149
mwi,2008,519999.98093
mwi,2009,90000.00358
mwi,2010,310000.00238
mwi,2011,109999.9994
mwi,2012,400000.00596
mwi,2013,800000.01192
mwi,2014,259999.99046
mwi,2015,509999.99046
mwi,2016,550000.01192
mwi,2017,200000.00298
mwi,2018,779999.97139
mwi,2019,959999.97854
mys,1995,100000.00149
nam,1991,50000.00075
nam,1992,1210000.03815
nam,1993,200000.00298
nam,1994,259999.99046
nam,1995,3519999.98093
nam,1996,2299999.95232
nam,1997,4539999.96185
nam,1998,5650000.09537
nam,1999,3960000.03815
nam,2000,4199999.80927
nam,2001,3769999.98093
nam,2002,4349999.90463
nam,2003,5920000.07629
nam,2004,7210000.03815
nam,2005,5110000.13351
nam,2006,7480000.01907
nam,2007,7860000.13351
nam,2008,5869999.88556
nam,2009,9989999.77112
nam,2010,12460000.03815
nam,2011,6969999.79019
nam,2013,200000.00298
nam,2015,109999.9994
nam,2016,90000.00358
ner,1990,300000.01192
ner,1991,870000.00477
ner,1992,180000.00715
ner,1993,1419999.95708
ner,1994,1820000.05245
ner,1995,4230000.01907
ner,1996,1480000.01907
ner,1997,3700000.04768
ner,1998,2599999.90463
ner,1999,2430000.06676
ner,2000,3099999.90463
ner,2001,3670000.07629
ner,2002,4119999.88556
ner,2003,4400000.09537
ner,2004,7409999.84741
ner,2005,7940000.05722
ner,2006,10250000
ner,2007,10529999.73297
ner,2008,12149999.61853
ner,2009,9329999.92371
ner,2010,8800000.19073
ner,2011,6869999.88556
ner,2012,8260000.22888
ner,2013,15500000
ner,2014,19760000.22888
ner,2015,23639999.38965
ner,2016,24040000.91553
ner,2017,30049999.23706
ner,2018,43889999.38965
ner,2019,42619998.93188
nga,1990,70000.0003
nga,1991,90000.00358
nga,1992,150000.00596
nga,1993,90000.00358
nga,1994,119999.99732
nga,1995,259999.99046
nga,1996,50000.00075
nga,1997,119999.99732
nga,1998,100000.00149
nga,2002,29999.99933
nga,2004,19999.99955
nga,2006,19999.99955
nga,2009,180000.00715
nga,2013,330000.01311
nga,2014,330000.01311
nga,2015,829999.98331
nga,2016,829999.98331
nga,2017,649999.97616
nga,2019,9999.99978
nic,1991,349999.99404
nic,1992,150000.00596
nic,1993,1450000.04768
nic,1994,1860000.01431
nic,1995,1490000.00954
nic,1996,3150000.09537
nic,1997,2150000.09537
nic,1998,4769999.98093
nic,1999,9340000.15259
nic,2000,7900000.09537
nic,2001,5119999.88556
nic,2002,3210000.03815
nic,2003,7130000.11444
nic,2004,6909999.84741
nic,2005,9090000.15259
nic,2006,9369999.88556
nic,2007,13890000.34332
nic,2008,16389999.38965
nic,2009,11850000.38147
nic,2010,9449999.80927
nic,2011,12149999.61853
nic,2012,9600000.38147
nic,2013,15390000.34332
nic,2014,11779999.73297
nic,2015,7820000.17166
nic,2016,9399999.61853
nic,2017,11250000
nic,2018,12609999.65668
nic,2019,6989999.77112
npl,1990,109999.9994
npl,1991,119999.99732
npl,1992,79999.99821
npl,1993,150000.00596
npl,1994,189999.99762
npl,1995,259999.99046
npl,1996,409999.99642
npl,1997,1029999.97139
npl,1998,300000.01192
npl,1999,730000.01907
npl,2000,300000.01192
npl,2001,9999.99978
npl,2002,119999.99732
npl,2003,620000.00477
npl,2004,1159999.96662
npl,2005,689999.99762
npl,2006,850000.02384
npl,2007,2059999.94278
npl,2008,1960000.03815
npl,2009,1350000.02384
npl,2010,779999.97139
npl,2011,1019999.98093
npl,2012,1919999.95708
npl,2013,2119999.88556
npl,2014,1610000.01431
npl,2015,2380000.11444
npl,2016,2809999.94278
npl,2017,2980000.01907
npl,2018,3500000
npl,2019,2759999.99046
pak,2001,219999.99881
pak,2005,4349999.90463
pak,2006,1129999.99523
pak,2007,430000.00715
pak,2008,610000.01431
pak,2009,1509999.99046
pak,2010,3740000.00954
pak,2011,1889999.98569
pak,2012,230000.00417
pak,2014,180000.00715
pak,2015,589999.97377
pak,2016,550000.01192
pak,2017,289999.99166
pak,2018,289999.99166
pan,1995,39999.99911
pan,2012,0
pan,2013,19999.99955
pan,2014,0
pan,2015,50000.00075
per,1990,289999.99166
per,1991,699999.98808
per,1992,649999.97616
per,1993,689999.99762
per,1994,889999.98569
per,1995,730000.01907
per,1996,419999.98689
per,1997,1480000.01907
per,1998,1200000.04768
per,1999,699999.98808
per,2000,469999.99881
per,2001,340000.00358
per,2002,1240000.00954
per,2003,2480000.01907
per,2004,949999.98808
per,2005,1570000.05245
per,2006,1179999.94755
per,2007,4099999.90463
per,2008,2099999.90463
per,2009,1690000.05722
per,2010,1490000.00954
per,2011,1159999.96662
per,2012,1080000.04292
per,2013,1370000.00477
per,2014,1309999.94278
per,2015,1440000.05722
per,2016,1590000.03338
per,2017,1259999.99046
per,2018,1659999.96662
per,2019,850000.02384
phl,1990,209999.99344
phl,1991,349999.99404
phl,1992,300000.01192
phl,1993,460000.00834
phl,1994,589999.97377
phl,1995,600000.02384
phl,1996,550000.01192
phl,1997,589999.97377
phl,1998,1250000
phl,1999,469999.99881
phl,2002,29999.99933
phl,2003,9999.99978
phl,2004,119999.99732
phl,2005,59999.99866
phl,2006,189999.99762
phl,2007,129999.99523
phl,2008,280000.00119
phl,2009,1100000.02384
phl,2010,270000.01073
phl,2011,1350000.02384
phl,2012,1100000.02384
phl,2013,2369999.88556
phl,2014,1429999.94755
phl,2015,1490000.00954
phl,2016,1570000.05245
phl,2017,1679999.94755
phl,2018,639999.98569
phl,2019,1009999.99046
plw,2013,39999.99911
pol,1992,90000.00358
pol,1993,39999.99911
pol,1995,50000.00075
pol,1996,79999.99821
pol,1997,259999.99046
pol,1998,349999.99404
pol,1999,79999.99821
pol,2000,140000.0006
pol,2001,180000.00715
pol,2002,100000.00149
pol,2003,419999.98689
pol,2004,9999.99978
prk,2002,629999.99523
prk,2003,589999.97377
prk,2004,3309999.94278
prk,2005,660000.02623
prk,2006,629999.99523
prk,2007,340000.00358
prk,2008,289999.99166
prk,2009,349999.99404
prk,2011,699999.98808
prk,2012,370000.00477
prk,2013,519999.98093
prk,2014,109999.9994
pry,1990,79999.99821
pry,1991,19999.99955
pry,1992,9999.99978
pry,1993,159999.99642
pry,1994,209999.99344
pry,1996,50000.00075
pry,2002,50000.00075
pry,2004,59999.99866
pry,2005,59999.99866
pry,2006,70000.0003
pry,2007,70000.0003
pry,2008,150000.00596
pry,2009,140000.0006
pry,2010,119999.99732
pry,2011,140000.0006
pry,2012,159999.99642
pry,2013,109999.9994
pry,2014,129999.99523
pry,2015,109999.9994
pry,2016,119999.99732
pry,2017,109999.9994
pry,2018,119999.99732
pry,2019,100000.00149
pse,1995,189999.99762
pse,1996,1129999.99523
pse,1997,750000
pse,1998,1309999.94278
pse,1999,860000.01431
pse,2000,1950000.04768
pse,2001,2170000.07629
pse,2002,4280000.20981
pse,2003,2619999.88556
pse,2004,2730000.01907
pse,2005,4000000
pse,2006,2789999.96185
pse,2007,6250000
pse,2008,6059999.94278
pse,2009,6820000.17166
pse,2010,9449999.80927
pse,2011,9829999.92371
pse,2012,4320000.17166
pse,2013,5230000.01907
pse,2014,4380000.11444
pse,2015,8329999.92371
pse,2016,7030000.20981
pse,2017,8739999.77112
pse,2018,9119999.88556
pse,2019,5780000.20981
rou,1992,150000.00596
rou,1993,209999.99344
rou,1995,150000.00596
rou,1996,400000.00596
rou,1997,189999.99762
rou,1998,270000.01073
rou,1999,129999.99523
rou,2000,340000.00358
rou,2001,639999.98569
rou,2002,379999.99523
rou,2003,349999.99404
rou,2004,170000.00179
rus,1992,569999.99285
rus,1993,230000.00417
rus,1995,939999.99762
rus,1996,180000.00715
rus,1997,569999.99285
rus,1998,740000.00954
rus,1999,280000.00119
rus,2000,200000.00298
rus,2001,280000.00119
rus,2002,750000
rus,2003,779999.97139
rus,2004,740000.00954
rwa,1990,829999.98331
rwa,1991,1289999.96185
rwa,1992,589999.97377
rwa,1993,1269999.98093
rwa,1994,1629999.99523
rwa,1995,1149999.97616
rwa,1996,1830000.04292
rwa,1997,2059999.94278
rwa,1998,3049999.95232
rwa,1999,1799999.95232
rwa,2000,2259999.99046
rwa,2001,1789999.96185
rwa,2002,3990000.00954
rwa,2003,3869999.88556
rwa,2004,3599999.90463
rwa,2005,1379999.99523
rwa,2006,2809999.94278
rwa,2007,5519999.98093
rwa,2008,7900000.09537
rwa,2009,5409999.84741
rwa,2010,5210000.03815
rwa,2011,5519999.98093
rwa,2012,3640000.1049
rwa,2013,2259999.99046
rwa,2014,479999.98927
rwa,2015,389999.98569
rwa,2016,389999.98569
rwa,2017,230000.00417
rwa,2018,870000.00477
rwa,2019,1669999.95708
sdn,1990,9999.99978
sdn,1991,180000.00715
sdn,1995,540000.02146
sdn,1996,449999.98808
sdn,1998,280000.00119
sdn,1999,560000.00238
sdn,2000,109999.9994
sdn,2001,200000.00298
sdn,2002,39999.99911
sdn,2003,540000.02146
sdn,2004,2619999.88556
sdn,2005,2579999.92371
sdn,2006,3430000.06676
sdn,2007,3490000.00954
sdn,2008,3450000.04768
sdn,2009,3650000.09537
sdn,2010,2640000.1049
sdn,2011,3079999.92371
sdn,2012,810000.00238
sdn,2013,759999.99046
sdn,2014,1330000.04292
sdn,2015,560000.00238
sdn,2016,560000.00238
sdn,2017,170000.00179
sdn,2018,170000.00179
sdn,2019,170000.00179
sen,1990,1909999.96662
sen,1991,289999.99166
sen,1992,1000000
sen,1993,409999.99642
sen,1994,529999.97139
sen,1995,2450000.04768
sen,1996,2549999.95232
sen,1997,2240000.00954
sen,1998,2700000.04768
sen,1999,3019999.98093
sen,2000,4099999.90463
sen,2001,1940000.05722
sen,2002,4900000.09537
sen,2003,5010000.22888
sen,2004,9079999.92371
sen,2005,10310000.41962
sen,2006,14630000.11444
sen,2007,15649999.61853
sen,2008,21840000.15259
sen,2009,22889999.38965
sen,2010,18840000.15259
sen,2011,13949999.80927
sen,2012,16670000.07629
sen,2013,14420000.07629
sen,2014,22120000.83923
sen,2015,20250000
sen,2016,20020000.45776
sen,2017,16040000.91553
sen,2018,19129999.16077
sen,2019,22770000.45776
sle,1991,9999.99978
sle,1992,9999.99978
sle,1993,29999.99933
sle,1994,39999.99911
sle,1995,29999.99933
sle,1996,250000
sle,1997,39999.99911
sle,1998,39999.99911
sle,1999,170000.00179
sle,2000,109999.9994
sle,2001,439999.99762
sle,2002,280000.00119
sle,2003,140000.0006
sle,2004,129999.99523
sle,2005,250000
sle,2007,209999.99344
sle,2008,430000.00715
sle,2009,140000.0006
sle,2010,100000.00149
sle,2011,150000.00596
sle,2012,150000.00596
sle,2013,509999.99046
sle,2014,180000.00715
sle,2015,9999.99978
slv,1990,29999.99933
slv,1991,19999.99955
slv,1992,39999.99911
slv,1993,1399999.97616
slv,1994,1799999.95232
slv,1995,29999.99933
slv,1996,1139999.98569
slv,1997,1450000.04768
slv,1998,2250000
slv,1999,6010000.22888
slv,2000,4900000.09537
slv,2001,5400000.09537
slv,2002,5599999.90463
slv,2003,5119999.88556
slv,2004,6940000.05722
slv,2005,6860000.13351
slv,2006,10340000.15259
slv,2007,9100000.38147
slv,2008,11409999.84741
slv,2009,13479999.54224
slv,2010,7070000.17166
slv,2011,7760000.22888
slv,2012,9800000.19073
slv,2013,9800000.19073
slv,2014,8920000.07629
slv,2015,3609999.8951
slv,2016,5070000.17166
slv,2017,4840000.15259
slv,2018,4989999.77112
slv,2019,829999.98331
som,1990,79999.99821
som,1991,59999.99866
som,1992,1740000.00954
som,1993,59999.99866
som,1994,79999.99821
som,1997,409999.99642
som,1998,200000.00298
som,2000,109999.9994
som,2002,460000.00834
som,2003,109999.9994
som,2004,59999.99866
som,2005,100000.00149
som,2006,709999.97854
som,2007,1220000.02861
som,2008,2079999.92371
som,2009,1159999.96662
som,2010,850000.02384
som,2011,1389999.98569
som,2012,280000.00119
som,2013,990000.00954
som,2014,419999.98689
som,2015,280000.00119
som,2016,1820000.05245
som,2017,2380000.11444
som,2018,419999.98689
som,2019,839999.97377
srb,1999,7050000.19073
srb,2000,7889999.86649
srb,2001,6449999.80927
srb,2002,7940000.05722
srb,2003,509999.99046
srb,2004,7050000.19073
srb,2005,6360000.13351
srb,2006,6820000.17166
srb,2007,6260000.22888
srb,2008,8720000.26703
srb,2009,1129999.99523
srb,2010,670000.01669
srb,2011,1269999.98093
srb,2012,2730000.01907
srb,2013,2599999.90463
srb,2014,3140000.1049
srb,2015,660000.02623
srb,2016,230000.00417
srb,2017,100000.00149
srb,2018,239999.99464
srb,2019,90000.00358
ssd,2012,730000.01907
ssd,2013,1720000.02861
ssd,2014,3470000.02861
ssd,2015,3450000.04768
ssd,2016,4539999.96185
ssd,2017,2400000.09537
ssd,2018,2319999.93324
ssd,2019,2220000.02861
stp,1995,29999.99933
stp,2001,109999.9994
stp,2003,100000.00149
stp,2004,140000.0006
stp,2005,39999.99911
stp,2006,100000.00149
stp,2007,90000.00358
stp,2015,0
svk,1992,100000.00149
svk,1993,189999.99762
svk,1995,230000.00417
svk,1996,90000.00358
svk,1997,100000.00149
svk,1998,70000.0003
svk,1999,79999.99821
svk,2000,119999.99732
svk,2002,250000
svk,2003,79999.99821
svn,2002,9999.99978
swz,2009,379999.99523
swz,2010,660000.02623
swz,2011,419999.98689
swz,2014,170000.00179
swz,2015,219999.99881
swz,2016,219999.99881
syr,2012,1980000.01907
syr,2013,7340000.15259
syr,2014,5449999.80927
syr,2015,5949999.80927
syr,2016,6869999.88556
syr,2017,6239999.77112
syr,2018,4489999.77112
syr,2019,2380000.11444
tcd,1995,180000.00715
tcd,1996,540000.02146
tcd,1997,189999.99762
tcd,1998,300000.01192
tcd,1999,400000.00596
tcd,2000,230000.00417
tcd,2001,370000.00477
tcd,2002,280000.00119
tcd,2003,330000.01311
tcd,2004,430000.00715
tcd,2005,1009999.99046
tcd,2006,2039999.96185
tcd,2007,2430000.06676
tcd,2008,1830000.04292
tcd,2009,980000.01907
tcd,2010,1590000.03338
tcd,2011,70000.0003
tcd,2013,689999.99762
tcd,2015,109999.9994
tcd,2016,109999.9994
tcd,2018,479999.98927
tcd,2019,699999.98808
tgo,1990,19999.99955
tgo,1991,59999.99866
tgo,1992,39999.99911
tgo,1993,119999.99732
tgo,1994,150000.00596
tgo,1995,79999.99821
tgo,1996,200000.00298
tgo,1997,59999.99866
tgo,1998,59999.99866
tgo,1999,70000.0003
tgo,2002,59999.99866
tgo,2003,270000.01073
tgo,2004,250000
tgo,2005,850000.02384
tgo,2006,699999.98808
tgo,2007,439999.99762
tgo,2008,589999.97377
tgo,2009,730000.01907
tgo,2010,850000.02384
tgo,2011,899999.97616
tgo,2012,649999.97616
tgo,2013,500000
tgo,2014,1049999.95232
tgo,2015,1100000.02384
tgo,2016,949999.98808
tgo,2017,889999.98569
tgo,2018,870000.00477
tgo,2019,959999.97854
tha,1990,19999.99955
tha,1991,19999.99955
tha,1992,19999.99955
tha,1993,19999.99955
tha,1994,29999.99933
tha,1995,19999.99955
tha,1997,1009999.99046
tha,1998,519999.98093
tha,2000,19999.99955
tha,2001,70000.0003
tha,2002,70000.0003
tha,2003,349999.99404
tha,2004,250000
tha,2005,319999.99285
tha,2006,310000.00238
tha,2007,509999.99046
tha,2008,379999.99523
tha,2009,509999.99046
tha,2010,400000.00596
tha,2011,670000.01669
tha,2012,259999.99046
tha,2013,280000.00119
tha,2014,270000.01073
tha,2015,59999.99866
tha,2016,379999.99523
tha,2017,119999.99732
tha,2018,50000.00075
tha,2019,159999.99642
tjk,1993,159999.99642
tjk,1994,209999.99344
tjk,1996,129999.99523
tjk,1997,239999.99464
tjk,1998,200000.00298
tjk,2001,150000.00596
tjk,2003,340000.00358
tjk,2004,419999.98689
tjk,2005,529999.97139
tjk,2006,340000.00358
tjk,2007,360000.01431
tjk,2008,289999.99166
tjk,2009,430000.00715
tjk,2010,319999.99285
tjk,2011,569999.99285
tjk,2012,129999.99523
tjk,2013,239999.99464
tjk,2014,259999.99046
tjk,2015,250000
tjk,2016,189999.99762
tjk,2017,159999.99642
tjk,2018,19999.99955
tkm,2010,39999.99911
tls,1999,469999.99881
tls,2000,490000.00954
tls,2001,980000.01907
tls,2003,209999.99344
tls,2004,39999.99911
tls,2010,9999.99978
tun,1990,230000.00417
tun,1992,79999.99821
tun,1993,1450000.04768
tun,1994,1860000.01431
tun,1995,620000.00477
tun,1996,2019999.98093
tun,1997,4480000.01907
tun,1998,4579999.92371
tun,1999,2640000.1049
tun,2000,1649999.97616
tun,2001,2140000.1049
tun,2002,2339999.91417
tun,2003,2880000.11444
tun,2004,1580000.04292
tun,2005,810000.00238
tun,2006,1389999.98569
tun,2007,1019999.98093
tun,2008,1340000.03338
tun,2009,610000.01431
tun,2011,129999.99523
tun,2012,1080000.04292
tun,2013,1190000.05722
tun,2014,1539999.96185
tun,2015,529999.97139
tun,2016,439999.99762
tun,2017,970000.02861
tun,2018,980000.01907
tun,2019,1059999.94278
tur,1990,300000.01192
tur,1991,439999.99762
tur,1996,19999.99955
tur,1999,1110000.01431
tur,2000,200000.00298
tur,2001,19999.99955
tur,2003,70000.0003
tur,2004,19999.99955
tur,2011,280000.00119
tur,2012,129999.99523
tur,2015,109999.9994
tur,2016,4849999.90463
tur,2017,670000.01669
tur,2018,2069999.93324
tur,2019,1500000
tza,1992,239999.99464
tza,1995,59999.99866
tza,1996,159999.99642
tza,1999,230000.00417
tza,2001,219999.99881
tza,2002,469999.99881
tza,2003,140000.0006
tza,2004,200000.00298
tza,2005,170000.00179
tza,2006,140000.0006
tza,2007,680000.00715
tza,2008,500000
tza,2009,610000.01431
tza,2010,29999.99933
tza,2011,19999.99955
tza,2012,200000.00298
tza,2013,9999.99978
tza,2014,70000.0003
tza,2015,170000.00179
tza,2016,170000.00179
tza,2017,200000.00298
tza,2018,270000.01073
tza,2019,270000.01073
uga,1992,50000.00075
uga,1993,19999.99955
uga,1994,29999.99933
uga,1995,899999.97616
uga,1997,59999.99866
uga,1998,100000.00149
uga,2002,50000.00075
uga,2003,109999.9994
uga,2004,109999.9994
uga,2005,109999.9994
uga,2006,109999.9994
uga,2007,1549999.95232
uga,2008,1620000.00477
uga,2009,1039999.96185
uga,2010,270000.01073
uga,2011,790000.02146
uga,2012,280000.00119
uga,2013,289999.99166
uga,2014,109999.9994
uga,2015,79999.99821
uga,2016,79999.99821
uga,2017,230000.00417
uga,2018,360000.01431
uga,2019,330000.01311
ukr,1992,159999.99642
ukr,1993,140000.0006
ukr,1995,579999.98331
ukr,1996,330000.01311
ukr,1997,310000.00238
ukr,1998,409999.99642
ukr,1999,670000.01669
ukr,2000,439999.99762
ukr,2001,449999.98808
ukr,2002,59999.99866
ukr,2003,140000.0006
ukr,2004,119999.99732
ukr,2005,239999.99464
ukr,2006,189999.99762
ukr,2007,140000.0006
ukr,2008,159999.99642
ukr,2009,109999.9994
ukr,2010,29999.99933
ukr,2012,19999.99955
ukr,2013,50000.00075
ukr,2014,330000.01311
ukr,2015,689999.99762
ukr,2016,949999.98808
ukr,2017,850000.02384
ukr,2018,920000.01669
ukr,2019,1080000.04292
ury,1990,39999.99911
ury,1992,59999.99866
ury,1993,59999.99866
ury,1994,79999.99821
ury,1995,29999.99933
ury,1996,19999.99955
ury,1997,9999.99978
ury,2005,100000.00149
ury,2006,9999.99978
ury,2007,29999.99933
ury,2008,159999.99642
ury,2009,59999.99866
ury,2010,119999.99732
ury,2011,39999.99911
ury,2012,59999.99866
ury,2013,19999.99955
uzb,2005,180000.00715
uzb,2010,349999.99404
uzb,2011,280000.00119
uzb,2012,289999.99166
uzb,2013,140000.0006
uzb,2014,119999.99732
uzb,2015,79999.99821
uzb,2016,119999.99732
uzb,2017,170000.00179
uzb,2018,129999.99523
uzb,2019,100000.00149
ven,1996,159999.99642
ven,1999,200000.00298
ven,2000,129999.99523
ven,2002,59999.99866
ven,2005,219999.99881
ven,2008,250000
ven,2012,19999.99955
ven,2013,119999.99732
ven,2019,219999.99881
vnm,1990,159999.99642
vnm,1991,19999.99955
vnm,1992,200000.00298
vnm,1993,100000.00149
vnm,1994,129999.99523
vnm,1995,500000
vnm,1996,2589999.91417
vnm,1997,2720000.02861
vnm,1998,4519999.98093
vnm,1999,2990000.00954
vnm,2000,5010000.22888
vnm,2001,4630000.11444
vnm,2002,5260000.22888
vnm,2003,10350000.38147
vnm,2004,10829999.92371
vnm,2005,11920000.07629
vnm,2006,11970000.26703
vnm,2007,14340000.15259
vnm,2008,17950000.76294
vnm,2009,12869999.88556
vnm,2010,12140000.34332
vnm,2011,8770000.45776
vnm,2012,11270000.45776
vnm,2013,12380000.11444
vnm,2014,12500000
vnm,2015,11340000.15259
vnm,2016,7110000.13351
vnm,2017,5440000.05722
vnm,2018,4400000.09537
vnm,2019,3680000.06676
vut,2011,29999.99933
vut,2012,70000.0003
vut,2015,150000.00596
wsm,2009,70000.0003
wsm,2014,29999.99933
yem,2009,349999.99404
yem,2010,529999.97139
yem,2011,419999.98689
yem,2013,270000.01073
yem,2014,330000.01311
yem,2015,550000.01192
yem,2016,1110000.01431
yem,2017,1789999.96185
yem,2018,1980000.01907
yem,2019,1370000.00477
zaf,1993,19999.99955
zaf,1994,29999.99933
zaf,1995,129999.99523
zaf,1996,319999.99285
zaf,1997,560000.00238
zaf,1998,1009999.99046
zaf,1999,1139999.98569
zaf,2000,1269999.98093
zaf,2001,389999.98569
zaf,2002,1009999.99046
zaf,2003,70000.0003
zaf,2004,1870000.00477
zaf,2005,2619999.88556
zaf,2006,870000.00477
zaf,2007,379999.99523
zaf,2008,400000.00596
zaf,2009,300000.01192
zaf,2010,360000.01431
zaf,2011,379999.99523
zaf,2012,709999.97854
zaf,2013,670000.01669
zaf,2014,310000.00238
zaf,2015,360000.01431
zaf,2016,200000.00298
zaf,2017,370000.00477
zaf,2018,579999.98331
zaf,2019,129999.99523
zmb,1995,29999.99933
zmb,2002,280000.00119
zmb,2006,9999.99978
zmb,2007,9999.99978
zmb,2014,150000.00596
zmb,2016,90000.00358
zmb,2017,289999.99166
zmb,2018,330000.01311
zmb,2019,180000.00715
zwe,1993,180000.00715
zwe,1994,230000.00417
zwe,1995,19999.99955
zwe,2002,109999.9994
zwe,2003,150000.00596
zwe,2004,19999.99955
zwe,2005,9999.99978
zwe,2006,29999.99933
zwe,2007,1039999.96185
zwe,2008,2099999.90463
zwe,2009,2470000.02861
zwe,2015,109999.9994
