geo,time,sh_xpd_ehex_pc_cd
afg,2002,2.17024
afg,2003,1.13294
afg,2004,2.02844
afg,2005,3.75333
afg,2006,5.14656
afg,2007,5.05873
afg,2008,7.0397
afg,2009,9.09697
afg,2010,6.98646
afg,2011,10.74972
afg,2012,10.89088
afg,2013,12.61249
afg,2014,12.97242
afg,2015,9.68745
afg,2016,11.40444
afg,2017,12.7602
afg,2018,13.8545
afg,2019,8.16761
ago,2000,0.06677
ago,2001,0.4137
ago,2002,0.37108
ago,2003,0.36243
ago,2004,0.96102
ago,2005,1.64835
ago,2006,4.08853
ago,2007,2.50504
ago,2008,3.37496
ago,2009,4.59279
ago,2010,3.13922
ago,2011,3.49376
ago,2012,2.65806
ago,2013,3.6849
ago,2014,4.17342
ago,2015,2.89951
ago,2016,3.46411
ago,2017,3.56128
ago,2018,2.91132
ago,2019,2.26138
alb,2000,1.09687
alb,2001,3.27852
alb,2002,2.71926
alb,2003,10.3059
alb,2004,8.91256
alb,2005,8.92234
alb,2006,10.58284
alb,2007,12.13852
alb,2008,6.01535
alb,2009,3.85904
alb,2010,4.82516
alb,2011,2.33372
alb,2012,2.2067
alb,2013,2.94694
alb,2014,1.81182
alb,2015,1.79154
alb,2016,2.42057
alb,2017,4.65915
alb,2018,3.70698
are,2000,0
are,2001,0
are,2002,0
are,2003,0
are,2004,0
are,2005,0
are,2006,0
are,2007,0
are,2008,0
are,2009,0
are,2010,0
are,2011,0
are,2012,0
are,2013,0
are,2014,0
are,2015,0
are,2016,0
are,2017,0
are,2018,0
are,2019,0
arg,2000,0.21708
arg,2001,1.35509
arg,2002,4.40387
arg,2003,0.90086
arg,2004,19.60272
arg,2005,4.64462
arg,2006,1.48689
arg,2007,1.31238
arg,2008,6.91031
arg,2009,2.26171
arg,2010,3.11258
arg,2011,7.01189
arg,2012,7.12936
arg,2013,6.33962
arg,2014,6.7963
arg,2015,4.3473
arg,2016,3.55937
arg,2017,6.63559
arg,2018,3.41267
arg,2019,2.37137
arm,2000,3.33912
arm,2001,5.81031
arm,2002,4.72941
arm,2003,3.49179
arm,2004,3.93756
arm,2005,11.24964
arm,2006,14.61112
arm,2007,21.08779
arm,2008,15.68271
arm,2009,11.60317
arm,2010,11.0832
arm,2011,10.41331
arm,2012,9.95701
arm,2013,8.21112
arm,2014,6.20558
arm,2015,3.95229
arm,2016,6.6882
arm,2017,5.22125
arm,2018,5.13827
arm,2019,5.21522
atg,2000,1.78778
atg,2001,0.41171
atg,2002,0.75423
atg,2003,0
atg,2004,0.25239
atg,2005,0.9718
atg,2006,0.9052
atg,2007,0.99104
atg,2008,1.26437
atg,2009,0.16351
atg,2010,0.89335
atg,2011,0.37049
atg,2012,0
atg,2013,1.67371
atg,2014,0
atg,2015,0
atg,2016,0.10548
atg,2017,0.17131
atg,2018,0.78492
atg,2019,0.35331
aus,2000,0
aus,2001,0
aus,2002,0
aus,2003,0
aus,2004,0
aus,2005,0
aus,2006,0
aus,2007,0
aus,2008,0
aus,2009,0
aus,2010,0
aus,2011,0
aus,2012,0
aus,2013,0
aus,2014,0
aus,2015,0
aus,2016,0
aus,2017,0
aus,2018,0
aus,2019,0
aut,2000,0
aut,2001,0
aut,2002,0
aut,2003,0
aut,2004,0
aut,2005,0
aut,2006,0
aut,2007,0
aut,2008,0
aut,2009,0
aut,2010,0
aut,2011,0
aut,2012,0
aut,2013,0
aut,2014,0
aut,2015,0
aut,2016,0
aut,2017,0
aut,2018,0
aut,2019,0
aze,2000,0.38195
aze,2001,0.23943
aze,2002,0.17145
aze,2003,0.63035
aze,2004,0.49193
aze,2005,0.31405
aze,2006,0.85795
aze,2007,1.29576
aze,2008,1.3762
aze,2009,1.56282
aze,2010,2.16401
aze,2011,2.44265
aze,2012,4.03589
aze,2013,1.88887
aze,2014,2.73262
aze,2015,1.88291
aze,2016,0.79746
aze,2017,1.04063
aze,2018,1.10636
aze,2019,0.58318
bdi,2000,0.05979
bdi,2001,1.71448
bdi,2002,1.24786
bdi,2003,1.28805
bdi,2004,2.3777
bdi,2005,3.62934
bdi,2006,4.57121
bdi,2007,4.79303
bdi,2008,5.38153
bdi,2009,7.90206
bdi,2010,11.33212
bdi,2011,6.71077
bdi,2012,6.18675
bdi,2013,9.53805
bdi,2014,2.49721
bdi,2015,1.9202
bdi,2016,7.00369
bdi,2017,7.24933
bdi,2018,7.30408
bdi,2019,5.27631
bel,2003,0
bel,2004,0
bel,2005,0
bel,2006,0
bel,2007,0
bel,2008,0
bel,2009,0
bel,2010,0
bel,2011,0
bel,2012,0
bel,2013,0
bel,2014,0
bel,2015,0
bel,2016,0
bel,2017,0
bel,2018,0
bel,2019,0
ben,2000,2.663
ben,2001,2.86665
ben,2002,3.2241
ben,2003,4.31327
ben,2004,4.95465
ben,2005,4.89072
ben,2006,5.09229
ben,2007,6.98718
ben,2008,7.87469
ben,2009,6.76975
ben,2010,7.99945
ben,2011,9.04989
ben,2012,14.16935
ben,2013,9.09736
ben,2014,9.84921
ben,2015,10.71771
ben,2016,9.10351
ben,2017,5.79767
ben,2018,9.33565
ben,2019,7.08868
bfa,2000,1.60675
bfa,2001,1.51174
bfa,2002,1.9431
bfa,2003,3.73758
bfa,2004,4.70991
bfa,2005,6.40322
bfa,2006,7.56715
bfa,2007,12.05888
bfa,2008,10.96673
bfa,2009,9.82603
bfa,2010,14.06094
bfa,2011,11.39251
bfa,2012,13.33097
bfa,2013,12.92864
bfa,2014,9.35779
bfa,2015,8.27168
bfa,2016,9.62136
bfa,2017,8.01115
bfa,2018,6.11453
bfa,2019,6.68968
bgd,2000,0.68112
bgd,2001,0.83741
bgd,2002,0.94874
bgd,2003,1.00883
bgd,2004,1.12747
bgd,2005,1.11324
bgd,2006,1.01992
bgd,2007,1.1729
bgd,2008,1.34531
bgd,2009,1.71891
bgd,2010,1.91088
bgd,2011,2.01591
bgd,2012,2.19585
bgd,2013,2.48939
bgd,2014,2.55185
bgd,2015,2.63658
bgd,2016,2.70341
bgd,2017,2.53148
bgd,2018,2.73393
bgd,2019,2.80507
bhr,2000,0
bhr,2001,0
bhr,2002,0
bhr,2003,0
bhr,2004,0
bhr,2005,0
bhr,2006,0
bhr,2007,0
bhr,2008,0
bhr,2009,0
bhr,2010,0
bhr,2011,0
bhr,2012,0
bhr,2013,0
bhr,2014,0
bhr,2015,0
bhr,2016,0
bhr,2017,0
bhr,2018,0
bhr,2019,0
bhs,2000,6.71026
bhs,2001,6.60899
bhs,2002,6.50068
bhs,2003,6.38714
bhs,2004,6.27168
bhs,2005,6.15652
bhs,2006,9.06254
bhs,2007,9.21861
bhs,2008,9.13851
bhs,2009,8.53588
bhs,2010,8.63995
bhs,2011,8.51347
bhs,2012,8.9817
bhs,2013,8.74339
bhs,2014,9.20199
bhs,2015,9.66978
bhs,2016,9.67505
bhs,2017,10.25621
bhs,2018,10.64654
bhs,2019,10.22878
bih,2000,8.09432
bih,2001,1.71962
bih,2002,2.36078
bih,2003,2.41133
bih,2004,0.83256
bih,2005,0.58333
bih,2006,1.33549
bih,2007,1.53887
bih,2008,1.94253
bih,2009,4.04878
bih,2010,6.31022
bih,2011,12.14192
bih,2012,8.56093
bih,2013,4.63832
bih,2014,2.28211
bih,2015,7.47949
bih,2016,0.8762
bih,2017,1.86187
bih,2018,2.29026
bih,2019,8.54138
blr,2000,0.05269
blr,2001,0.12333
blr,2002,0.12616
blr,2003,0.1234
blr,2004,0.12973
blr,2005,0.14552
blr,2006,0.39085
blr,2007,0.39271
blr,2008,0.73038
blr,2009,0.76611
blr,2010,1.56116
blr,2011,0.93378
blr,2012,2.00033
blr,2013,1.85994
blr,2014,1.34402
blr,2015,1.41769
blr,2016,1.25155
blr,2017,1.25687
blr,2018,0.72583
blr,2019,0.55734
blz,2000,8.79445
blz,2001,10.50493
blz,2002,10.62954
blz,2003,13.04619
blz,2004,12.68718
blz,2005,12.4108
blz,2006,13.28387
blz,2007,20.57612
blz,2008,13.53526
blz,2009,13.19836
blz,2010,6.77605
blz,2011,10.30103
blz,2012,6.55457
blz,2013,5.92951
blz,2014,27.5288
blz,2015,8.41022
blz,2016,4.91303
blz,2017,4.5396
blz,2018,7.14231
blz,2019,8.77256
bol,2000,2.74383
bol,2001,2.93058
bol,2002,3.08556
bol,2003,4.2102
bol,2004,4.33318
bol,2005,3.9955
bol,2006,3.26555
bol,2007,2.95163
bol,2008,4.68849
bol,2009,3.63145
bol,2010,3.65258
bol,2011,5.64979
bol,2012,6.064
bol,2013,5.72067
bol,2014,4.84757
bol,2015,6.11301
bol,2016,6.80879
bol,2017,5.0108
bol,2018,3.81842
bol,2019,2.77379
bra,2000,0.99448
bra,2001,0.76619
bra,2002,0.77969
bra,2003,0.49511
bra,2004,1.56828
bra,2005,0.2596
bra,2006,0.51535
bra,2007,0.49244
bra,2008,0.37878
bra,2009,1.07605
bra,2010,2.20536
bra,2011,3.4979
bra,2012,1.19215
bra,2013,0.66662
bra,2014,1.40356
bra,2015,0.6292
bra,2016,0.59342
bra,2017,0.62286
bra,2018,0.73986
bra,2019,1.24496
brb,2000,0
brb,2001,0
brb,2002,13.8373
brb,2003,14.3222
brb,2004,11.14549
brb,2005,11.06166
brb,2006,15.26334
brb,2007,19.95128
brb,2008,34.3267
brb,2009,39.18026
brb,2010,24.95068
brb,2011,34.15217
brb,2012,4.68803
brb,2013,22.05197
brb,2014,25.84973
brb,2015,19.22822
brb,2016,19.40292
brb,2017,23.14829
brb,2018,13.83331
brb,2019,10.16256
brn,2000,0
brn,2001,0
brn,2002,0
brn,2003,0
brn,2004,0
brn,2005,0
brn,2006,0
brn,2007,0
brn,2008,0
brn,2009,0
brn,2010,0
brn,2011,0
brn,2012,0
brn,2013,0
brn,2014,0
brn,2015,0
brn,2016,0
brn,2017,0
brn,2018,0
brn,2019,0
btn,2000,2.50856
btn,2001,6.76521
btn,2002,3.21306
btn,2003,4.33137
btn,2004,8.14817
btn,2005,9.0787
btn,2006,16.10361
btn,2007,13.82127
btn,2008,8.82919
btn,2009,5.56968
btn,2010,8.16135
btn,2011,7.76421
btn,2012,7.48789
btn,2013,8.55132
btn,2014,7.69092
btn,2015,5.00141
btn,2016,4.70897
btn,2017,11.71038
btn,2018,6.21752
btn,2019,8.07784
bwa,2000,33.92425
bwa,2001,29.10247
bwa,2002,28.03675
bwa,2003,35.02579
bwa,2004,34.41459
bwa,2005,33.11889
bwa,2006,28.17763
bwa,2007,46.64398
bwa,2008,41.38291
bwa,2009,25.23127
bwa,2010,20.33793
bwa,2011,21.28212
bwa,2012,19.96093
bwa,2013,39.74312
bwa,2014,34.62964
bwa,2015,27.37349
bwa,2016,22.82048
bwa,2017,46.54229
bwa,2018,30.90931
bwa,2019,29.60867
caf,2000,1.1852
caf,2001,0.66456
caf,2002,1.6918
caf,2003,1.66252
caf,2004,1.38666
caf,2005,3.34977
caf,2006,3.03442
caf,2007,4.22074
caf,2008,3.78384
caf,2009,7.84271
caf,2010,3.95145
caf,2011,5.85426
caf,2012,5.53761
caf,2013,6.00585
caf,2014,7.17598
caf,2015,7.86691
caf,2016,7.18675
caf,2017,9.45402
caf,2018,27.58429
caf,2019,10.46219
can,2000,0
can,2001,0
can,2002,0
can,2003,0
can,2004,0
can,2005,0
can,2006,0
can,2007,0
can,2008,0
can,2009,0
can,2010,0
can,2011,0
can,2012,0
can,2013,0
can,2014,0
can,2015,0
can,2016,0
can,2017,0
can,2018,0
can,2019,0
che,2000,0
che,2001,0
che,2002,0
che,2003,0
che,2004,0
che,2005,0
che,2006,0
che,2007,0
che,2008,0
che,2009,0
che,2010,0
che,2011,0
che,2012,0
che,2013,0
che,2014,0
che,2015,0
che,2016,0
che,2017,0
che,2018,0
chl,2000,0
chl,2001,0
chl,2002,0
chl,2003,0
chl,2004,0
chl,2005,0
chl,2006,0.11432
chl,2007,0.00676
chl,2008,0.08638
chl,2009,0.09751
chl,2010,0.08869
chl,2011,0.02011
chl,2012,0.01645
chl,2013,0.03176
chl,2014,0.02779
chl,2015,0.016
chl,2016,0
chl,2017,0
chl,2018,0
chl,2019,0
chn,2000,0.01073
chn,2001,0.09665
chn,2002,0.07149
chn,2003,0.07105
chn,2004,0.07809
chn,2005,0.15099
chn,2006,0.11772
chn,2007,0.17543
chn,2008,0.2053
chn,2009,0.17165
chn,2010,0.22703
chn,2011,0.17847
chn,2012,0.15854
chn,2013,0.18078
chn,2014,0.10846
chn,2015,0.03355
chn,2016,0.00639
chn,2017,0.00193
chn,2018,0.00325
chn,2019,0.00358
civ,2000,3.95169
civ,2001,3.84456
civ,2002,4.33676
civ,2003,4.65573
civ,2004,5.81928
civ,2005,4.30092
civ,2006,4.79132
civ,2007,5.72145
civ,2008,9.05755
civ,2009,7.73823
civ,2010,7.82512
civ,2011,9.05676
civ,2012,11.90949
civ,2013,6.33752
civ,2014,10.84872
civ,2015,8.30911
civ,2016,10.07547
civ,2017,9.09411
civ,2018,8.86097
civ,2019,11.44041
cmr,2000,0.74669
cmr,2001,0.60032
cmr,2002,1.05366
cmr,2003,0.87848
cmr,2004,1.36183
cmr,2005,1.97604
cmr,2006,1.99611
cmr,2007,2.44703
cmr,2008,3.2177
cmr,2009,2.82336
cmr,2010,3.87196
cmr,2011,6.86226
cmr,2012,4.33623
cmr,2013,4.05446
cmr,2014,6.44373
cmr,2015,4.92583
cmr,2016,4.99166
cmr,2017,4.73572
cmr,2018,4.62771
cmr,2019,7.67037
cod,2000,5.1005
cod,2001,0.90178
cod,2002,0.73533
cod,2003,1.30474
cod,2004,1.57007
cod,2005,1.79644
cod,2006,2.26652
cod,2007,2.97133
cod,2008,6.27033
cod,2009,5.57729
cod,2010,5.77286
cod,2011,5.68899
cod,2012,5.27517
cod,2013,6.55736
cod,2014,7.78503
cod,2015,7.75189
cod,2016,8.89551
cod,2017,8.24563
cod,2018,6.52238
cod,2019,7.98691
cog,2000,2.01431
cog,2001,1.80583
cog,2002,1.9996
cog,2003,2.42551
cog,2004,5.65254
cog,2005,6.72098
cog,2006,6.36015
cog,2007,7.92673
cog,2008,7.47405
cog,2009,9.63094
cog,2010,6.68537
cog,2011,13.08587
cog,2012,19.74751
cog,2013,14.98246
cog,2014,13.55971
cog,2015,11.37746
cog,2016,2.91151
cog,2017,3.96755
cog,2018,2.70827
cog,2019,4.05436
col,2000,0.02317
col,2001,0.06405
col,2002,1.16459
col,2003,2.38004
col,2004,1.96269
col,2005,1.96751
col,2006,1.68678
col,2007,1.43012
col,2008,0.22653
col,2009,0.18448
col,2010,0.28109
col,2011,0.76166
col,2012,2.85783
com,2000,2.76922
com,2001,3.56237
com,2002,3.40427
com,2003,7.05007
com,2004,8.32419
com,2005,6.21808
com,2006,3.86335
com,2007,2.92007
com,2008,3.08864
com,2009,2.96228
com,2010,5.60664
com,2011,10.97924
com,2012,10.53743
com,2013,12.60083
com,2014,16.67601
com,2015,6.16696
com,2016,7.50152
com,2017,13.81124
com,2018,9.12133
com,2019,12.70736
cpv,2000,1.62158
cpv,2001,1.90364
cpv,2002,2.08096
cpv,2003,1.44626
cpv,2004,3.85416
cpv,2005,5.45525
cpv,2006,10.77617
cpv,2007,6.93829
cpv,2008,8.22026
cpv,2009,4.27827
cpv,2010,9.13367
cpv,2011,7.59795
cpv,2012,23.00628
cpv,2013,29.21598
cpv,2014,28.79689
cpv,2015,6.01744
cpv,2016,7.75764
cpv,2017,13.87574
cpv,2018,17.89542
cpv,2019,12.17441
cri,2000,2.7655
cri,2001,3.23107
cri,2002,1.07534
cri,2003,0.96967
cri,2004,0.67573
cri,2005,0.55172
cri,2006,0.32352
cri,2007,0.40443
cri,2008,0.72258
cri,2009,1.51774
cri,2010,1.39165
cri,2011,0.96912
cri,2012,0.49785
cri,2013,0.32209
cri,2014,0.20038
cri,2015,0.05629
cri,2016,0.24927
cri,2017,0.46115
cri,2018,0.05651
cri,2019,0.00961
cub,2000,0.13333
cub,2001,0.15193
cub,2002,0.25021
cub,2003,0.32468
cub,2004,0.83088
cub,2005,0.96556
cub,2006,0.54043
cub,2007,0.62906
cub,2008,1.18184
cub,2009,0.66999
cub,2010,0.24121
cub,2011,1.37518
cub,2012,0.9995
cub,2013,0.86303
cub,2014,0.95475
cub,2015,0.47032
cub,2016,1.05488
cub,2017,0.75224
cub,2018,0.85608
cub,2019,1.33797
cyp,2000,4.00359
cyp,2001,3.84926
cyp,2002,5.34045
cyp,2003,6.64333
cyp,2004,7.04466
cyp,2005,7.29029
cyp,2006,8.76819
cyp,2007,10.47435
cyp,2008,9.99117
cyp,2009,11.68324
cyp,2010,18.50274
cyp,2011,20.2256
cyp,2012,17.96289
cyp,2013,21.57973
cyp,2014,20.54037
cyp,2015,18.51398
cyp,2016,3.42948
cyp,2017,7.2383
cyp,2018,7.42986
cyp,2019,13.96911
cze,2003,0
cze,2004,0
cze,2005,0
cze,2006,0
cze,2007,0
cze,2008,0
cze,2009,0
cze,2010,0
cze,2011,0
cze,2012,0
cze,2013,0
cze,2014,0
cze,2015,0
cze,2016,0
cze,2017,0
cze,2018,0
cze,2019,0
deu,2000,0
deu,2001,0
deu,2002,0
deu,2003,0
deu,2004,0
deu,2005,0
deu,2006,0
deu,2007,0
deu,2008,0
deu,2009,0
deu,2010,0
deu,2011,0
deu,2012,0
deu,2013,0
deu,2014,0
deu,2015,0
deu,2016,0
deu,2017,0
deu,2018,0
dji,2000,0
dji,2001,0
dji,2002,8.36175
dji,2003,11.41446
dji,2004,5.98702
dji,2005,5.89796
dji,2006,5.81401
dji,2007,6.49688
dji,2008,5.65879
dji,2009,5.58042
dji,2010,5.49823
dji,2011,7.76029
dji,2012,13.35057
dji,2013,8.84082
dji,2014,12.12476
dji,2015,19.0855
dji,2016,20.72768
dji,2017,18.67775
dji,2018,14.05489
dji,2019,12.8297
dma,2000,7.44151
dma,2001,5.30791
dma,2002,10.55312
dma,2003,7.17791
dma,2004,9.76691
dma,2005,6.93414
dma,2006,6.7794
dma,2007,9.16504
dma,2008,8.51862
dma,2009,10.08429
dma,2010,9.74202
dma,2011,11.69672
dma,2012,13.73937
dma,2013,8.52069
dma,2014,8.50823
dma,2015,7.58668
dma,2016,7.66133
dma,2017,6.47085
dma,2018,8.68154
dma,2019,3.16505
dnk,2000,0
dnk,2001,0
dnk,2002,0
dnk,2003,0
dnk,2004,0
dnk,2005,0
dnk,2006,0
dnk,2007,0
dnk,2008,0
dnk,2009,0
dnk,2010,0
dnk,2011,0
dnk,2012,0
dnk,2013,0
dnk,2014,0
dnk,2015,0
dnk,2016,0
dnk,2017,0
dnk,2018,0
dnk,2019,0
dom,2000,2.57882
dom,2001,4.21547
dom,2002,8.23654
dom,2003,3.40356
dom,2004,2.32642
dom,2005,2.90835
dom,2006,1.83643
dom,2007,3.33755
dom,2008,4.12566
dom,2009,2.24021
dom,2010,1.83946
dom,2011,1.55891
dom,2012,4.43914
dom,2013,1.8548
dom,2014,24.19282
dom,2015,29.68857
dom,2016,2.61992
dom,2017,3.28032
dom,2018,4.37877
dom,2019,4.11197
dza,2000,0.03214
dza,2001,0.03092
dza,2002,0.02958
dza,2003,0.03804
dza,2004,0.0433
dza,2005,0.07994
dza,2006,0.06107
dza,2007,0.09998
dza,2008,0.07584
dza,2009,0.10719
dza,2010,0.06454
dza,2011,0.05664
dza,2012,0.10731
dza,2013,0.06582
dza,2014,0.12757
dza,2015,0.07823
dza,2016,0.05243
dza,2017,0.07463
dza,2018,0.06897
dza,2019,0.11079
ecu,2000,1.34058
ecu,2001,1.39376
ecu,2002,1.02713
ecu,2003,0.74796
ecu,2004,1.76517
ecu,2005,1.0126
ecu,2006,1.79376
ecu,2007,0.92534
ecu,2008,1.01242
ecu,2009,1.10569
ecu,2010,4.76078
ecu,2011,0.71402
ecu,2012,0.75243
ecu,2013,0.64098
ecu,2014,0.84201
ecu,2015,1.05793
ecu,2016,0.86088
ecu,2017,0.6174
ecu,2018,0.53664
ecu,2019,0.50507
egy,2003,0.46234
egy,2004,0.57443
egy,2005,0.78362
egy,2006,1.1186
egy,2007,1.65127
egy,2008,1.31986
egy,2009,1.7161
egy,2010,0.72645
egy,2011,0.71984
egy,2012,0.56747
egy,2013,0.24532
egy,2014,2.28753
egy,2015,0.37082
egy,2016,1.55104
egy,2017,0.35919
egy,2018,0.83321
egy,2019,1.58638
eri,2000,0.0881
eri,2001,2.00273
eri,2002,3.39124
eri,2003,7.28037
eri,2004,9.42721
eri,2005,10.80349
eri,2006,11.75261
eri,2007,5.90985
eri,2008,8.39677
eri,2009,7.78
eri,2010,7.35481
eri,2011,16.15325
eri,2012,6.83409
eri,2013,10.54933
eri,2014,11.06509
eri,2015,11.05841
eri,2016,5.14151
eri,2017,6.66218
eri,2018,8.51215
eri,2019,9.90488
esp,2014,0
esp,2015,0
esp,2017,0
esp,2018,0
esp,2019,0
est,2000,0.03784
est,2003,1.06746
est,2004,3.09137
est,2005,2.56209
est,2006,3.99595
est,2007,4.78934
est,2008,4.48174
est,2009,3.53784
est,2010,16.79764
est,2011,14.55122
est,2012,3.97492
est,2013,0.70421
est,2014,2.92795
est,2015,2.27831
est,2016,2.18698
est,2017,0.36708
est,2018,0.36705
est,2019,0.32955
eth,2000,0.87536
eth,2001,0.95887
eth,2002,0.66792
eth,2003,0.8292
eth,2004,1.74335
eth,2005,1.47972
eth,2006,2.80262
eth,2007,3.99589
eth,2008,6.29022
eth,2009,5.25294
eth,2010,5.75389
eth,2011,5.67083
eth,2012,5.77462
eth,2013,4.62723
eth,2014,5.21941
eth,2015,4.36736
eth,2016,5.07386
eth,2017,8.81276
eth,2018,8.76979
eth,2019,9.12042
fin,2000,0.10417
fin,2001,0.17221
fin,2002,0.19522
fin,2003,0.1006
fin,2004,0.05375
fin,2005,0.04682
fin,2006,0.04851
fin,2007,0.04784
fin,2008,0.00111
fin,2009,0.20113
fin,2010,0.29657
fin,2011,0.28758
fin,2012,0.13404
fin,2013,0.06056
fin,2014,0.10363
fin,2015,0.04873
fin,2016,0.05977
fin,2017,0.11943
fin,2018,0.17977
fin,2019,0.28735
fji,2000,6.0494
fji,2001,6.14583
fji,2002,6.43046
fji,2003,6.45482
fji,2004,16.03447
fji,2005,11.24946
fji,2006,6.35249
fji,2007,5.31698
fji,2008,9.21812
fji,2009,8.7885
fji,2010,8.5295
fji,2011,7.27526
fji,2012,10.92754
fji,2013,8.3689
fji,2014,7.68668
fji,2015,4.56733
fji,2016,5.72395
fji,2017,4.5214
fji,2018,4.71558
fji,2019,16.99565
fsm,2000,121.59923
fsm,2001,139.04852
fsm,2002,129.67386
fsm,2003,159.45554
fsm,2004,205.7067
fsm,2005,340.78147
fsm,2006,181.24822
fsm,2007,198.07974
fsm,2008,216.2824
fsm,2009,268.03593
fsm,2010,298.8591
fsm,2011,289.40118
fsm,2012,291.40554
fsm,2013,269.48971
fsm,2014,239.74742
fsm,2015,258.86721
fsm,2016,281.26778
fsm,2017,287.71031
fsm,2018,296.54892
fsm,2019,285.67974
gab,2000,2.71936
gab,2001,1.67203
gab,2002,2.24218
gab,2003,2.86909
gab,2004,3.02339
gab,2005,7.88584
gab,2006,5.19248
gab,2007,7.441
gab,2008,5.93316
gab,2009,4.51992
gab,2010,2.49794
gab,2011,3.00759
gab,2012,1.1452
gab,2013,1.01618
gab,2014,2.44613
gab,2015,1.61119
gab,2016,1.49275
gab,2017,1.22291
gab,2018,2.67081
gab,2019,1.22167
gbr,2000,0.15958
gbr,2001,0.16372
gbr,2002,0.18798
gbr,2003,0.23434
gbr,2004,0.26211
gbr,2005,0.28278
gbr,2006,0.31354
gbr,2007,0.34237
gbr,2008,0.33709
gbr,2009,0.28775
gbr,2010,0.30923
gbr,2011,0.35821
gbr,2012,0.38338
gbr,2013,0.4237
gbr,2014,0.45361
gbr,2015,0.47021
gbr,2016,0.46033
gbr,2017,0.49903
gbr,2018,0.59286
gbr,2019,0.64216
geo,2000,3.71206
geo,2001,3.81695
geo,2002,5.02645
geo,2003,4.50795
geo,2004,4.93876
geo,2005,5.37228
geo,2006,8.31169
geo,2007,12.49865
geo,2008,27.04072
geo,2009,13.95021
geo,2010,9.85515
geo,2011,10.02523
geo,2012,11.17558
geo,2013,10.0971
geo,2014,8.56122
geo,2015,7.00826
geo,2016,6.80811
geo,2017,6.80923
geo,2018,1.67421
geo,2019,1.53774
gha,2000,1.99135
gha,2001,2.53251
gha,2002,2.94035
gha,2003,2.99328
gha,2004,4.81835
gha,2005,6.21087
gha,2006,7.02419
gha,2007,6.81639
gha,2008,7.13243
gha,2009,7.64728
gha,2010,7.05624
gha,2011,9.20408
gha,2012,7.25908
gha,2013,17.95719
gha,2014,12.68107
gha,2015,20.0937
gha,2016,8.55591
gha,2017,9.19492
gha,2018,8.46832
gha,2019,8.48773
gin,2000,6.48592
gin,2001,6.32494
gin,2002,7.10645
gin,2003,7.34257
gin,2004,6.73199
gin,2005,4.59386
gin,2006,3.5358
gin,2007,4.69114
gin,2008,4.66687
gin,2009,4.69758
gin,2010,4.47686
gin,2011,6.3911
gin,2012,5.34265
gin,2013,6.01039
gin,2014,6.97263
gin,2015,10.48488
gin,2016,10.76285
gin,2017,3.18064
gin,2018,3.85374
gin,2019,4.64656
gmb,2000,38.00764
gmb,2001,30.91437
gmb,2002,30.21181
gmb,2003,24.11423
gmb,2004,25.56091
gmb,2005,26.91393
gmb,2006,28.91442
gmb,2007,31.0904
gmb,2008,34.57002
gmb,2009,27.53182
gmb,2010,27.76161
gmb,2011,26.05533
gmb,2012,21.91355
gmb,2013,12.61562
gmb,2014,13.69035
gmb,2015,7.33471
gmb,2016,9.26579
gmb,2017,13.75702
gmb,2018,20.1039
gmb,2019,13.4561
gnb,2000,2.45534
gnb,2001,2.99991
gnb,2002,5.97109
gnb,2003,5.96324
gnb,2004,7.46524
gnb,2005,8.92163
gnb,2006,8.69154
gnb,2007,11.30641
gnb,2008,13.02602
gnb,2009,9.29449
gnb,2010,16.098
gnb,2011,24.35973
gnb,2012,10.97707
gnb,2013,11.40523
gnb,2014,24.12391
gnb,2015,12.65757
gnb,2016,15.53066
gnb,2017,11.91425
gnb,2018,15.76805
gnb,2019,15.84675
gnq,2000,1.30802
gnq,2001,5.59483
gnq,2002,4.11568
gnq,2003,3.48567
gnq,2004,4.33566
gnq,2005,5.10417
gnq,2006,10.80123
gnq,2007,13.91655
gnq,2008,10.59417
gnq,2009,18.2405
gnq,2010,13.6854
gnq,2011,14.51652
gnq,2012,9.26143
gnq,2013,4.56112
gnq,2014,1.51689
gnq,2015,4.09474
gnq,2016,3.47079
gnq,2017,6.01245
gnq,2018,7.30876
gnq,2019,2.32926
grc,2003,0
grc,2004,0
grc,2005,0
grc,2006,0
grc,2007,0
grc,2008,0
grc,2009,0.26816
grc,2010,0.49837
grc,2011,4.35479
grc,2012,2.83695
grc,2013,15.05109
grc,2014,22.19598
grc,2015,23.87524
grc,2016,3.86768
grc,2017,2.69931
grc,2018,2.13626
grc,2019,2.06889
grd,2000,4.11234
grd,2001,4.09577
grd,2002,4.08055
grd,2003,4.066
grd,2004,2.65442
grd,2005,2.40964
grd,2006,11.01131
grd,2007,8.00496
grd,2008,17.72053
grd,2009,5.4798
grd,2010,4.78211
grd,2011,0.03681
grd,2012,0.50893
grd,2013,1.0311
grd,2014,1.41358
grd,2015,1.34419
grd,2016,1.21531
grd,2017,0.95336
grd,2018,1.26555
grd,2019,0.49291
gtm,2000,2.26538
gtm,2001,1.91365
gtm,2002,2.3236
gtm,2003,2.94254
gtm,2004,3.76008
gtm,2005,3.09139
gtm,2006,4.88283
gtm,2007,4.73203
gtm,2008,3.86942
gtm,2009,6.25558
gtm,2010,4.63003
gtm,2011,6.16202
gtm,2012,7.97039
gtm,2013,5.15435
gtm,2014,5.96801
gtm,2015,3.85504
gtm,2016,3.98192
gtm,2017,2.81301
gtm,2018,4.36761
gtm,2019,2.35021
guy,2000,0.091
guy,2001,0.39335
guy,2002,1.23264
guy,2003,3.69979
guy,2004,6.88314
guy,2005,12.96825
guy,2006,19.61997
guy,2007,31.64705
guy,2008,29.80688
guy,2009,31.84576
guy,2010,31.0807
guy,2011,25.06337
guy,2012,18.46376
guy,2013,18.95802
guy,2014,12.41909
guy,2015,10.68797
guy,2016,10.39849
guy,2017,10.61367
guy,2018,9.52854
guy,2019,8.77318
hnd,2000,1.90556
hnd,2001,1.24447
hnd,2002,3.02817
hnd,2003,7.59879
hnd,2004,8.14308
hnd,2005,8.32516
hnd,2006,5.81805
hnd,2007,7.45036
hnd,2008,10.72508
hnd,2009,13.42119
hnd,2010,12.523
hnd,2011,11.26364
hnd,2012,13.11688
hnd,2013,9.38387
hnd,2014,10.9195
hnd,2015,8.659
hnd,2016,8.95266
hnd,2017,6.34913
hnd,2018,5.36714
hnd,2019,4.96506
hrv,2000,0
hrv,2001,0
hrv,2002,0
hrv,2003,0
hrv,2004,0
hrv,2005,0
hrv,2006,0
hrv,2007,0
hrv,2008,0
hrv,2009,0
hrv,2010,0
hrv,2011,0
hrv,2012,0
hrv,2013,0
hrv,2014,0.04096
hrv,2015,0
hrv,2016,0.03506
hrv,2017,0.01213
hrv,2018,0.04494
hrv,2019,0.0889
hti,2000,9.37794
hti,2001,8.88181
hti,2002,7.66811
hti,2003,6.29671
hti,2004,7.90898
hti,2005,8.21752
hti,2006,12.98751
hti,2007,12.94992
hti,2008,14.31512
hti,2009,14.37873
hti,2010,25.34467
hti,2011,48.96977
hti,2012,44.80114
hti,2013,28.24466
hti,2014,35.17588
hti,2015,34.2934
hti,2016,29.23134
hti,2017,27.29386
hti,2018,24.06339
hti,2019,23.06113
hun,2015,0
hun,2016,0
hun,2017,0
hun,2018,0
hun,2019,0
idn,2000,0.45952
idn,2001,0.69558
idn,2002,0.26564
idn,2003,0.32606
idn,2004,0.51089
idn,2005,0.56554
idn,2006,0.61581
idn,2007,0.94607
idn,2008,0.70753
idn,2009,1.02434
idn,2010,0.74549
idn,2011,1.04344
idn,2012,1.0346
idn,2013,1.18961
idn,2014,2.10878
idn,2015,0.47751
idn,2016,0.56774
idn,2017,0.76477
idn,2018,0.4522
idn,2019,0.66809
ind,2000,0.49615
ind,2001,0.4611
ind,2002,0.49635
ind,2003,0.33412
ind,2004,0.56003
ind,2005,0.42381
ind,2006,0.42425
ind,2007,0.54245
ind,2008,0.70864
ind,2009,0.39012
ind,2010,0.43799
ind,2011,0.42275
ind,2012,0.46134
ind,2013,0.15159
ind,2014,0.42668
ind,2015,0.41935
ind,2016,0.38895
ind,2017,0.33884
ind,2018,0.50652
ind,2019,0.53156
irl,2011,0
irl,2012,0
irl,2013,0
irl,2014,0
irl,2015,0
irl,2016,0
irl,2017,0
irl,2018,0
irl,2019,0
irn,2016,0.14724
irn,2017,0.10434
irn,2018,0.10196
irn,2019,0.07031
irq,2003,0
irq,2004,0
irq,2005,0
irq,2006,0
irq,2007,3.75074
irq,2008,0
irq,2009,0
irq,2010,0
irq,2011,0.01452
irq,2012,1.35766
irq,2013,1.46056
irq,2014,1.4005
irq,2015,0.42399
irq,2016,0.58583
irq,2017,0.17817
irq,2018,1.20543
irq,2019,1.34911
isl,2000,0
isl,2001,0
isl,2002,0
isl,2003,0
isl,2004,0
isl,2005,0
isl,2006,0
isl,2007,0
isl,2008,0
isl,2009,0
isl,2010,0
isl,2011,0
isl,2012,0
isl,2013,0
isl,2014,0
isl,2015,0
isl,2016,0
isl,2017,0
isl,2018,0
isl,2019,0
isr,2000,35.26512
isr,2001,31.27759
isr,2002,31.1723
isr,2003,28.86273
isr,2004,33.62422
isr,2005,31.74634
isr,2006,22.91079
isr,2007,23.35699
isr,2008,29.85204
isr,2009,26.59723
isr,2010,28.86977
isr,2011,32.81098
isr,2012,33.92063
isr,2013,37.16615
isr,2014,37.57768
isr,2015,37.50275
isr,2016,37.72906
isr,2017,42.93293
isr,2018,66.19189
isr,2019,72.01767
ita,2012,0
ita,2013,0
ita,2014,0
ita,2015,0
ita,2016,0
ita,2017,0
ita,2018,0
ita,2019,0
jam,2000,0.46203
jam,2001,0.91821
jam,2002,1.17883
jam,2003,1.0499
jam,2004,3.26488
jam,2005,2.54819
jam,2006,2.92173
jam,2007,4.46924
jam,2008,4.44552
jam,2009,5.43536
jam,2010,5.45198
jam,2011,6.07187
jam,2012,8.26461
jam,2013,2.50416
jam,2014,3.53698
jam,2015,3.86907
jam,2016,4.34851
jam,2017,4.46007
jam,2018,4.79519
jam,2019,5.21364
jor,2000,4.13013
jor,2001,4.59583
jor,2002,3.71342
jor,2003,6.22935
jor,2004,26.28657
jor,2005,5.62645
jor,2006,10.12241
jor,2007,7.44083
jor,2008,4.08346
jor,2009,12.66802
jor,2010,13.77119
jor,2011,11.76336
jor,2012,18.80264
jor,2013,18.35172
jor,2014,17.52899
jor,2015,2.48862
jor,2016,12.54503
jor,2017,31.41547
jor,2018,15.03056
jor,2019,10.46947
jpn,2000,0
jpn,2001,0
jpn,2002,0
jpn,2003,0
jpn,2004,0
jpn,2005,0
jpn,2006,0
jpn,2007,0
jpn,2008,0
jpn,2009,0
jpn,2010,0
jpn,2011,0
jpn,2012,0
jpn,2013,0
jpn,2014,0
jpn,2015,0
jpn,2016,0
jpn,2017,0
jpn,2018,0
jpn,2019,0
kaz,2003,0
kaz,2004,0
kaz,2005,0
kaz,2006,0
kaz,2007,0
kaz,2008,0
kaz,2009,0
kaz,2010,2.66615
kaz,2011,0.4166
kaz,2012,0.57397
kaz,2013,0.676
kaz,2014,0.45409
kaz,2015,0.26445
kaz,2016,0.48328
kaz,2017,0.51378
kaz,2018,0.4272
ken,2000,2.54964
ken,2001,2.69969
ken,2002,3.08568
ken,2003,3.90293
ken,2004,5.23684
ken,2005,5.27489
ken,2006,11.4573
ken,2007,14.15066
ken,2008,15.6886
ken,2009,15.90503
ken,2010,16.76783
ken,2011,14.86375
ken,2012,15.51518
ken,2013,15.12988
ken,2014,14.38061
ken,2015,12.50442
ken,2016,11.75179
ken,2017,13.72975
ken,2018,16.29281
ken,2019,15.43945
kgz,2000,0
kgz,2001,0
kgz,2002,0
kgz,2003,2.23255
kgz,2004,4.28274
kgz,2005,2.32566
kgz,2006,4.66504
kgz,2007,6.3967
kgz,2008,4.43136
kgz,2009,6.64468
kgz,2010,4.77565
kgz,2011,3.58997
kgz,2012,7.15275
kgz,2013,5.63591
kgz,2014,5.93495
kgz,2015,6.01186
kgz,2016,2.75797
kgz,2017,4.34327
kgz,2018,3.25074
kgz,2019,1.44359
khm,2000,0.42344
khm,2001,1.61671
khm,2002,1.94785
khm,2003,2.69925
khm,2004,4.67957
khm,2005,4.68555
khm,2006,6.52075
khm,2007,9.38061
khm,2008,7.99491
khm,2009,9.08213
khm,2010,7.546
khm,2011,7.35829
khm,2012,13.38495
khm,2013,13.47776
khm,2014,16.64414
khm,2015,14.6644
khm,2016,14.71539
khm,2017,7.28886
khm,2018,6.03654
khm,2019,7.37067
kir,2000,0
kir,2001,1.35611
kir,2002,1.73005
kir,2003,1.42568
kir,2004,1.04409
kir,2005,1.36079
kir,2006,19.85197
kir,2007,26.72346
kir,2008,46.26026
kir,2009,59.33422
kir,2010,7.19935
kir,2011,2.31689
kir,2012,11.05655
kir,2013,23.45611
kir,2014,22.64846
kir,2015,13.21649
kir,2016,25.16841
kir,2017,37.14574
kir,2018,46.36794
kir,2019,25.48308
kna,2000,0
kna,2001,0
kna,2002,0
kna,2003,0
kna,2004,4.85356
kna,2005,0.41638
kna,2006,0.03243
kna,2007,1.43279
kna,2008,28.89562
kna,2009,19.75604
kna,2010,12.35259
kna,2011,15.08749
kna,2012,0
kna,2013,2.13896
kna,2014,0
kna,2015,0
kna,2016,0
kna,2017,0
kna,2018,0
kna,2019,0
kwt,2000,0
kwt,2001,0
kwt,2002,0
kwt,2003,0
kwt,2004,0
kwt,2005,0
kwt,2006,0
kwt,2007,0
kwt,2008,0
kwt,2009,0
kwt,2010,0
kwt,2011,0
kwt,2012,0
kwt,2013,0
kwt,2014,0
kwt,2015,0
kwt,2016,0
kwt,2017,0
kwt,2018,0
kwt,2019,0
lao,2000,1.41377
lao,2001,3.02962
lao,2002,2.06204
lao,2003,2.49881
lao,2004,3.70655
lao,2005,3.57505
lao,2006,5.4614
lao,2007,5.93711
lao,2008,5.97796
lao,2009,7.10333
lao,2010,5.84957
lao,2011,7.57921
lao,2012,8.87505
lao,2013,8.35166
lao,2014,7.71737
lao,2015,8.90637
lao,2016,9.94323
lao,2017,10.33547
lao,2018,7.18537
lao,2019,14.46905
lbn,2000,0.45989
lbn,2001,1.08905
lbn,2002,1.1931
lbn,2003,1.80159
lbn,2004,3.16965
lbn,2005,1.64135
lbn,2006,3.56334
lbn,2007,4.9599
lbn,2008,5.24182
lbn,2009,9.23026
lbn,2010,4.4518
lbn,2011,4.50077
lbn,2012,2.78292
lbn,2013,5.96936
lbn,2014,5.15869
lbn,2015,18.48781
lbn,2016,15.54242
lbn,2017,15.17024
lbn,2018,6.65262
lbn,2019,5.89413
lbr,2000,1.06752
lbr,2001,1.51138
lbr,2002,1.2952
lbr,2003,1.34598
lbr,2004,2.94124
lbr,2005,5.03951
lbr,2006,5.40933
lbr,2007,8.49647
lbr,2008,7.63934
lbr,2009,16.58036
lbr,2010,16.76556
lbr,2011,17.69648
lbr,2012,23.27171
lbr,2013,26.09712
lbr,2014,23.76955
lbr,2015,24.41742
lbr,2016,21.1331
lbr,2017,17.86027
lbr,2018,15.27637
lbr,2019,12.97614
lby,2000,0
lby,2001,0
lby,2002,0
lby,2003,0
lby,2004,0
lby,2005,0
lby,2006,0.03384
lby,2007,0.07976
lby,2008,0.24465
lby,2009,0.37852
lby,2010,0.35217
lby,2011,0.11709
lca,2000,0
lca,2001,0
lca,2002,0.70685
lca,2003,1.64964
lca,2004,1.68428
lca,2005,7.36162
lca,2006,12.38716
lca,2007,5.02019
lca,2008,8.72011
lca,2009,8.01161
lca,2010,9.42544
lca,2011,9.83254
lca,2012,1.92065
lca,2013,3.62009
lca,2014,1.91655
lca,2015,4.18363
lca,2016,18.00138
lca,2017,5.71762
lca,2018,2.34893
lca,2019,4.98208
lka,2000,0.39936
lka,2001,0.29742
lka,2002,0.0847
lka,2003,0.44887
lka,2004,0.25935
lka,2005,0.48365
lka,2006,1.62037
lka,2007,0.81547
lka,2008,0.79695
lka,2009,1.21073
lka,2010,1.25596
lka,2011,0.60788
lka,2012,0.43118
lka,2013,0.88841
lka,2014,1.66216
lka,2015,2.05344
lka,2016,1.31528
lka,2017,4.37257
lka,2018,2.42345
lka,2019,2.18566
lso,2000,0.90361
lso,2001,1.88103
lso,2002,2.49859
lso,2003,2.72685
lso,2004,4.62194
lso,2005,7.07428
lso,2006,6.58973
lso,2007,7.57662
lso,2008,14.347
lso,2009,20.86521
lso,2010,19.56074
lso,2011,31.65486
lso,2012,33.97621
lso,2013,40.35916
lso,2014,33.9914
lso,2015,25.28842
lso,2016,21.81957
lso,2017,31.99092
lso,2018,47.75308
lso,2019,52.51536
ltu,2000,0.08945
ltu,2001,0.15591
ltu,2002,0.32783
ltu,2003,0.49735
ltu,2004,0.23243
ltu,2005,0.36488
ltu,2006,0.35019
ltu,2007,0.63173
ltu,2008,0.91109
ltu,2009,0.91659
ltu,2010,1.34878
ltu,2011,1.59423
ltu,2012,1.24052
ltu,2013,1.38489
ltu,2014,1.35227
ltu,2015,2.69542
ltu,2016,2.29774
ltu,2017,1.63471
ltu,2018,3.90805
ltu,2019,4.93982
lux,2011,0.2453
lux,2012,92.03963
lux,2013,92.98349
lux,2014,91.48887
lux,2015,75.06341
lux,2016,72.27082
lux,2017,78.85236
lux,2018,87.94512
lux,2019,82.8445
lva,2004,1.77151
lva,2005,1.38685
lva,2007,0.40872
lva,2008,0.90163
lva,2009,3.56602
lva,2010,0.04561
lva,2017,1.52808
lva,2018,1.81339
lva,2019,3.14274
mar,2000,0.1643
mar,2001,0.25982
mar,2002,0.14555
mar,2003,0.19425
mar,2004,0.24205
mar,2005,0.28295
mar,2006,0.32257
mar,2007,0.83133
mar,2008,0.50783
mar,2009,0.15552
mar,2010,0.74551
mar,2011,1.18662
mar,2012,1.00391
mar,2013,0.57777
mar,2014,0.53486
mar,2015,0.31011
mar,2016,0.24267
mar,2017,0.3579
mar,2018,0.3167
mar,2019,1.25056
mda,2000,0.82817
mda,2001,0.53394
mda,2002,1.37891
mda,2003,1.66262
mda,2004,1.46931
mda,2005,3.47202
mda,2006,4.16594
mda,2007,4.97869
mda,2008,6.07137
mda,2009,22.53142
mda,2010,23.72944
mda,2011,15.76762
mda,2012,17.95359
mda,2013,22.98978
mda,2014,26.31493
mda,2015,13.57195
mda,2016,6.32488
mda,2017,11.46366
mda,2018,7.5121
mda,2019,9.69615
mdg,2000,1.83633
mdg,2001,3.15778
mdg,2002,3.10878
mdg,2003,1.97275
mdg,2004,3.17127
mdg,2005,3.85703
mdg,2006,4.22147
mdg,2007,3.37022
mdg,2008,4.48608
mdg,2009,5.40289
mdg,2010,3.50249
mdg,2011,6.27438
mdg,2012,3.89054
mdg,2013,4.11905
mdg,2014,5.91143
mdg,2015,6.59661
mdg,2016,6.61439
mdg,2017,5.67351
mdg,2018,6.60915
mdg,2019,5.6033
mdv,2000,0
mdv,2001,0.24257
mdv,2002,2.24124
mdv,2003,1.91755
mdv,2004,1.38772
mdv,2005,6.32121
mdv,2006,4.97634
mdv,2007,6.11584
mdv,2008,21.56349
mdv,2009,35.27603
mdv,2010,20.06191
mdv,2011,23.36983
mdv,2012,22.52379
mdv,2013,5.75658
mdv,2014,4.16424
mdv,2015,0.24477
mdv,2016,2.20694
mdv,2017,0.7075
mdv,2018,20.45387
mdv,2019,14.09695
mhl,2000,158.55339
mhl,2001,143.95098
mhl,2002,143.84383
mhl,2003,145.20914
mhl,2004,199.58661
mhl,2005,339.15723
mhl,2006,387.53365
mhl,2007,214.50604
mhl,2008,235.66456
mhl,2009,215.8632
mhl,2010,239.61649
mhl,2011,191.5763
mhl,2012,195.17009
mhl,2013,193.5581
mhl,2014,204.89848
mhl,2015,255.58822
mhl,2016,276.87027
mhl,2017,268.18255
mhl,2018,269.65573
mhl,2019,285.82045
mkd,2000,6.47314
mkd,2001,3.59636
mkd,2002,6.8081
mkd,2003,1.96528
mkd,2004,3.12071
mkd,2005,3.44456
mkd,2006,6.54879
mkd,2007,2.63183
mkd,2008,9.40525
mkd,2009,5.47991
mkd,2010,2.12091
mkd,2011,3.5765
mkd,2012,3.93616
mkd,2013,0.93463
mkd,2014,2.76656
mkd,2015,1.11683
mkd,2016,2.3821
mkd,2017,0.46542
mkd,2018,0.00605
mli,2000,0.8564
mli,2001,0.95438
mli,2002,2.38503
mli,2003,1.77233
mli,2004,2.78219
mli,2005,3.60776
mli,2006,5.44068
mli,2007,5.60135
mli,2008,7.25637
mli,2009,8.63653
mli,2010,9.08919
mli,2011,10.94422
mli,2012,12.17255
mli,2013,13.43711
mli,2014,16.85867
mli,2015,12.765
mli,2016,8.90598
mli,2017,8.72972
mli,2018,11.6881
mli,2019,11.46886
mlt,2018,0.44663
mlt,2019,0.40826
mmr,2000,0.05138
mmr,2001,0.12706
mmr,2002,0.26423
mmr,2003,0.42232
mmr,2004,0.69588
mmr,2005,0.75691
mmr,2006,1.07074
mmr,2007,0.74931
mmr,2008,1.34498
mmr,2009,1.64259
mmr,2010,1.84548
mmr,2011,2.85852
mmr,2012,2.19608
mmr,2013,3.24914
mmr,2014,5.14612
mmr,2015,4.66309
mmr,2016,5.41216
mmr,2017,5.50669
mmr,2018,5.1648
mmr,2019,4.97286
mne,2011,4.48483
mne,2012,6.78435
mne,2013,5.99862
mne,2014,4.53214
mne,2015,2.69766
mne,2016,2.35348
mne,2017,1.84036
mng,2000,0.30153
mng,2001,0.9597
mng,2002,1.44184
mng,2003,1.02846
mng,2004,2.16309
mng,2005,1.4495
mng,2006,2.12722
mng,2007,1.83967
mng,2008,5.69966
mng,2009,4.35053
mng,2010,4.29708
mng,2011,8.31859
mng,2012,9.693
mng,2013,9.11255
mng,2014,10.5553
mng,2015,7.30188
mng,2016,9.17334
mng,2017,4.16785
mng,2018,8.54926
mng,2019,8.34375
moz,2000,0.67971
moz,2001,2.23623
moz,2002,3.48364
moz,2003,4.65023
moz,2004,7.32266
moz,2005,9.71047
moz,2006,10.26279
moz,2007,10.61938
moz,2008,13.97567
moz,2009,17.65457
moz,2010,17.45348
moz,2011,19.67645
moz,2012,20.14498
moz,2013,23.82334
moz,2014,23.0324
moz,2015,21.66504
moz,2016,18.44024
moz,2017,22.44364
moz,2018,25.37071
moz,2019,24.74817
mrt,2000,0.99455
mrt,2001,0.89456
mrt,2002,1.26503
mrt,2003,2.68663
mrt,2004,2.17501
mrt,2005,1.73878
mrt,2006,0.85303
mrt,2007,1.63381
mrt,2008,2.46978
mrt,2009,2.26775
mrt,2010,2.51135
mrt,2011,2.48348
mrt,2012,2.54515
mrt,2013,4.84418
mrt,2014,5.97469
mrt,2015,4.83614
mrt,2016,1.12066
mrt,2017,4.49743
mrt,2018,5.32582
mrt,2019,6.8733
mus,2000,0.35973
mus,2001,0.67366
mus,2002,0.42032
mus,2003,0.18075
mus,2004,0.05654
mus,2005,0.07793
mus,2006,0.17008
mus,2007,0.39078
mus,2008,2.95285
mus,2009,5.41657
mus,2010,6.91313
mus,2011,15.58112
mus,2012,8.61526
mus,2013,6.41878
mus,2014,2.55996
mus,2015,13.75291
mus,2016,1.25044
mus,2017,3.00635
mus,2018,3.27661
mus,2019,2.00516
mwi,2000,2.62561
mwi,2001,2.21381
mwi,2002,5.18631
mwi,2003,5.73576
mwi,2004,10.70479
mwi,2005,10.95057
mwi,2006,13.34463
mwi,2007,16.61867
mwi,2008,19.05304
mwi,2009,22.51266
mwi,2010,21.75602
mwi,2011,25.82394
mwi,2012,23.5019
mwi,2013,27.53633
mwi,2014,22.72938
mwi,2015,19.09116
mwi,2016,18.6536
mwi,2017,22.97687
mwi,2018,21.50088
mwi,2019,13.24315
mys,2000,0
mys,2001,0
mys,2002,0
mys,2003,0
mys,2004,0
mys,2005,0
mys,2006,0
mys,2007,0.00746
mys,2008,0.00445
mys,2009,0.00343
mys,2010,0.00104
mys,2011,0.00137
mys,2012,0
mys,2013,0
mys,2014,0
mys,2015,0
mys,2016,0
mys,2017,0
mys,2018,0
mys,2019,0
nam,2000,10.85458
nam,2001,10.86501
nam,2002,10.36648
nam,2003,15.99641
nam,2004,49.29156
nam,2005,78.76833
nam,2006,99.15438
nam,2007,91.75867
nam,2008,89.27632
nam,2009,74.72808
nam,2010,73.74967
nam,2011,61.3275
nam,2012,43.68456
nam,2013,31.47425
nam,2014,27.71066
nam,2015,27.91263
nam,2016,29.5484
nam,2017,31.70873
nam,2018,21.70106
nam,2019,19.87822
ner,2000,0.85562
ner,2001,0.92209
ner,2002,1.0429
ner,2003,1.29296
ner,2004,1.4698
ner,2005,1.95775
ner,2006,2.07131
ner,2007,2.75863
ner,2008,3.08539
ner,2009,2.95203
ner,2010,2.92524
ner,2011,2.67605
ner,2012,2.99942
ner,2013,2.91908
ner,2014,3.32255
ner,2015,6.35701
ner,2016,3.33194
ner,2017,4.17968
ner,2018,3.57431
ner,2019,4.78775
nga,2000,3.00903
nga,2001,1.24906
nga,2002,1.32965
nga,2003,2.25403
nga,2004,2.77649
nga,2005,2.97148
nga,2006,3.59971
nga,2007,4.13459
nga,2008,4.92619
nga,2009,4.28921
nga,2010,4.80302
nga,2011,6.63669
nga,2012,7.79682
nga,2013,12.7608
nga,2014,13.25085
nga,2015,9.69785
nga,2016,8.18919
nga,2017,5.84855
nga,2018,4.91103
nga,2019,9.1117
nic,2000,1.89409
nic,2001,6.04968
nic,2002,4.87291
nic,2003,8.40567
nic,2004,12.1628
nic,2005,13.2978
nic,2006,8.54182
nic,2007,10.12531
nic,2008,13.68937
nic,2009,10.90357
nic,2010,16.46239
nic,2011,15.58138
nic,2012,13.31546
nic,2013,13.95693
nic,2014,15.85866
nic,2015,10.19035
nic,2016,8.85336
nic,2017,10.87701
nic,2018,9.40117
nic,2019,4.3899
nld,2000,0
nld,2001,0
nld,2002,0
nld,2003,0
nld,2004,0
nld,2005,0
nld,2006,0
nld,2007,0
nld,2008,0
nld,2009,0
nld,2010,0
nld,2011,0
nld,2012,0
nld,2013,0
nld,2014,0
nld,2015,1.05038
nld,2016,1.17346
nld,2017,0.79362
nld,2018,1.37471
nld,2019,1.3603
nor,2000,0
nor,2001,0
nor,2002,0
nor,2003,0
nor,2004,0
nor,2005,0
nor,2006,0
nor,2007,0
nor,2008,4.19199
nor,2009,3.77742
nor,2010,4.01856
nor,2011,0
nor,2012,0
nor,2013,0
nor,2014,0
nor,2015,0
nor,2016,0
nor,2017,0
nor,2018,0
nor,2019,0
npl,2000,1.84071
npl,2001,2.82029
npl,2002,2.31955
npl,2003,2.57109
npl,2004,3.37006
npl,2005,3.43115
npl,2006,3.67691
npl,2007,2.48374
npl,2008,2.83018
npl,2009,3.32303
npl,2010,4.15401
npl,2011,3.72104
npl,2012,4.62313
npl,2013,4.28878
npl,2014,5.92362
npl,2015,6.88298
npl,2016,5.65716
npl,2017,7.75648
npl,2018,6.92282
npl,2019,6.34133
nru,2000,35.33463
nru,2001,51.64527
nru,2002,66.69047
nru,2003,46.0743
nru,2004,36.39262
nru,2005,8.52911
nru,2006,21.004
nru,2007,158.20214
nru,2008,335.4724
nru,2009,242.42284
nru,2010,212.19229
nru,2011,242.43943
nru,2012,429.12202
nru,2013,322.68064
nru,2014,130.06117
nru,2015,365.29026
nru,2016,59.2235
nru,2017,278.81191
nru,2018,117.43637
nru,2019,95.45582
omn,2013,0
omn,2016,0
omn,2017,0
omn,2018,0
omn,2019,0
pak,2000,0.12162
pak,2001,0.24268
pak,2002,0.70204
pak,2003,0.92472
pak,2004,0.46255
pak,2005,0.88151
pak,2006,0.81227
pak,2007,1.06734
pak,2008,1.29155
pak,2009,0.77413
pak,2010,1.2486
pak,2011,1.11487
pak,2012,1.19341
pak,2013,1.62532
pak,2014,1.92066
pak,2015,1.35337
pak,2016,0.71294
pak,2017,0.73629
pak,2018,0.25694
pak,2019,2.80232
pan,2000,0.98781
pan,2001,1.08635
pan,2002,1.30137
pan,2003,1.27813
pan,2004,0.7139
pan,2005,0.80198
pan,2006,0.53883
pan,2007,0.55094
pan,2008,0.89814
pan,2009,0.61501
pan,2010,3.96728
pan,2011,1.67376
pan,2012,0.97377
pan,2013,1.52203
pan,2014,4.61068
pan,2015,0.95097
pan,2016,0.89645
pan,2017,0.62717
pan,2018,1.01745
pan,2019,1.1048
per,2000,0.19836
per,2001,0.49457
per,2002,0.57404
per,2003,2.28603
per,2004,2.12181
per,2005,2.61432
per,2006,2.46736
per,2007,1.59257
per,2008,1.41512
per,2009,3.93185
per,2010,2.80584
per,2011,2.67377
per,2012,1.9988
per,2013,1.54819
per,2014,0.93362
per,2015,0.73732
per,2016,0.65398
per,2017,0.81944
per,2018,0.72743
per,2019,0.7248
phl,2000,1.15782
phl,2001,1.06937
phl,2002,0.77393
phl,2003,1.08663
phl,2004,1.33485
phl,2005,1.96204
phl,2006,2.10077
phl,2007,1.2784
phl,2008,1.14025
phl,2009,1.8457
phl,2010,1.64203
phl,2011,0.94454
phl,2012,1.15562
phl,2013,2.13901
phl,2014,1.63106
phl,2015,1.68567
phl,2016,2.75421
phl,2017,2.71379
phl,2018,0.40054
phl,2019,0.58943
plw,2000,173.25308
plw,2001,172.05478
plw,2002,195.0055
plw,2003,212.52966
plw,2004,290.93472
plw,2005,326.42657
plw,2006,326.44452
plw,2007,374.42384
plw,2008,377.76845
plw,2009,308.17856
plw,2010,423.49412
plw,2011,374.11496
plw,2012,456.40646
plw,2013,447.63717
plw,2014,533.93617
plw,2015,560.54566
plw,2016,311.88948
plw,2017,280.57047
plw,2018,45.54561
plw,2019,620.76854
png,2000,1.11651
png,2001,3.25447
png,2002,5.52644
png,2003,7.16552
png,2004,6.65859
png,2005,7.17738
png,2006,7.54715
png,2007,8.38654
png,2008,7.28586
png,2009,8.62695
png,2010,10.68933
png,2011,12.42311
png,2012,16.71045
png,2013,22.26819
png,2014,30.83553
png,2015,5.78787
png,2016,10.44584
png,2017,9.36843
png,2018,12.83202
png,2019,21.08235
pol,2003,0.06055
pol,2004,0.01933
pol,2005,0.0239
pol,2013,1.2229
pol,2014,0.34588
pol,2015,0.30713
pol,2016,0.16032
pol,2017,0.27646
pol,2018,0.57075
pol,2019,0.55943
prt,2000,0.40553
prt,2001,0.42481
prt,2002,0.51851
prt,2003,0.62815
prt,2004,0.74826
prt,2005,0.75869
prt,2006,0.82417
prt,2007,0.96287
prt,2008,1.14278
prt,2009,1.2016
prt,2010,1.10336
prt,2011,1.1849
prt,2012,1.10901
prt,2013,1.15243
prt,2014,1.24858
prt,2015,1.09082
prt,2016,1.68048
prt,2017,1.88471
prt,2018,1.5492
prt,2019,1.55776
pry,2000,2.93567
pry,2001,1.48208
pry,2002,1.05428
pry,2003,1.01317
pry,2004,1.07078
pry,2005,0.59638
pry,2006,0.60527
pry,2007,0.6207
pry,2008,1.16771
pry,2009,1.74458
pry,2010,2.06455
pry,2011,2.50468
pry,2012,1.8028
pry,2013,1.94669
pry,2014,1.40919
pry,2015,1.16701
pry,2016,1.27299
pry,2017,1.06314
pry,2018,0.25222
pry,2019,0.03989
qat,2011,0
qat,2012,0
qat,2013,0
qat,2014,0
qat,2015,0
qat,2016,0
qat,2017,0
qat,2018,0
qat,2019,0
rou,2000,0
rou,2001,0
rou,2002,0
rou,2003,0.00557
rou,2004,0.91394
rou,2005,1.06421
rou,2006,0.51398
rou,2007,0.65427
rou,2008,0.22879
rou,2009,0.14595
rou,2010,0.37963
rou,2011,0.06493
rou,2012,0
rou,2013,1.06561
rou,2014,0.2172
rus,2000,0.19426
rus,2001,0.23509
rus,2002,0.2636
rus,2003,0.24784
rus,2004,0.26496
rus,2005,0.27069
rus,2006,0.2821
rus,2007,0.30015
rus,2008,0.30898
rus,2019,0
rwa,2000,4.34119
rwa,2001,3.23445
rwa,2002,2.57023
rwa,2003,7.34982
rwa,2004,9.71011
rwa,2005,12.88309
rwa,2006,15.93099
rwa,2007,19.07778
rwa,2008,21.80601
rwa,2009,23.95165
rwa,2010,25.61018
rwa,2011,26.23008
rwa,2012,31.35654
rwa,2013,21.68041
rwa,2014,24.44994
rwa,2015,21.08848
rwa,2016,22.42718
rwa,2017,19.41186
rwa,2018,20.56516
rwa,2019,17.3675
sau,2013,0
sau,2016,0
sau,2017,0
sau,2018,0
sau,2019,0
sdn,2003,0.36492
sdn,2004,0.44989
sdn,2005,1.09311
sdn,2006,2.77182
sdn,2007,2.42938
sdn,2008,2.28386
sdn,2009,3.48776
sdn,2010,2.82013
sdn,2011,10.67806
sdn,2012,4.39907
sdn,2013,6.37122
sdn,2014,4.31933
sdn,2015,3.0786
sdn,2016,3.37022
sdn,2017,10.35284
sdn,2018,4.58741
sdn,2019,3.07739
sen,2000,0.86714
sen,2001,0.858
sen,2002,1.3486
sen,2003,1.04645
sen,2004,0.91531
sen,2005,2.40941
sen,2006,2.10168
sen,2007,2.37855
sen,2008,3.19104
sen,2009,3.41338
sen,2010,6.30947
sen,2011,4.91479
sen,2012,5.25248
sen,2013,5.6725
sen,2014,11.26515
sen,2015,9.61013
sen,2016,9.37778
sen,2017,8.80835
sen,2018,13.34975
sen,2019,10.59873
sgp,2000,0
sgp,2001,0
sgp,2002,0
sgp,2003,0
sgp,2004,0
sgp,2005,0
sgp,2006,0
sgp,2007,0
sgp,2008,0
sgp,2009,0
sgp,2010,0
sgp,2011,0
sgp,2012,0
sgp,2013,0
sgp,2014,0
sgp,2015,0
sgp,2016,0
sgp,2017,0
sgp,2018,0
sgp,2019,0
slb,2000,1.23752
slb,2001,2.64684
slb,2002,32.6651
slb,2003,12.85563
slb,2004,22.80059
slb,2005,24.55182
slb,2006,28.45973
slb,2007,25.34421
slb,2008,32.63575
slb,2009,55.23881
slb,2010,82.5881
slb,2011,56.59995
slb,2012,37.94336
slb,2013,41.94463
slb,2014,44.52887
slb,2015,28.05437
slb,2016,26.9345
slb,2017,22.86202
slb,2018,17.85105
slb,2019,24.41986
sle,2000,1.35407
sle,2001,1.37546
sle,2002,1.83824
sle,2003,2.41577
sle,2004,3.90355
sle,2005,5.53523
sle,2006,6.76126
sle,2007,5.81659
sle,2008,7.17359
sle,2009,9.3174
sle,2010,10.61652
sle,2011,13.77368
sle,2012,10.53474
sle,2013,24.74909
sle,2014,74.70476
sle,2015,60.66844
sle,2016,35.70411
sle,2017,16.22708
sle,2018,12.78054
sle,2019,13.83919
slv,2000,2.13668
slv,2001,4.03641
slv,2002,3.1949
slv,2003,3.00793
slv,2004,6.05282
slv,2005,6.32613
slv,2006,11.51347
slv,2007,12.52608
slv,2008,15.85036
slv,2009,30.33953
slv,2010,22.32005
slv,2011,14.60856
slv,2012,8.41479
slv,2013,11.56312
slv,2014,11.78353
slv,2015,5.76146
slv,2016,6.59932
slv,2017,0.39851
slv,2018,0.58811
slv,2019,1.92269
srb,2003,2.75926
srb,2004,3.1144
srb,2005,2.3869
srb,2006,2.60879
srb,2007,3.17746
srb,2008,1.34627
srb,2009,1.75833
srb,2010,4.89044
srb,2011,5.03122
srb,2012,4.19932
srb,2013,4.24587
srb,2014,3.40641
srb,2015,1.99715
srb,2016,2.11404
srb,2017,0.99088
srb,2018,4.22376
srb,2019,10.52217
ssd,2017,17.97022
ssd,2018,16.69829
ssd,2019,12.44469
stp,2000,15.10454
stp,2001,13.8682
stp,2002,15.07525
stp,2003,17.62452
stp,2004,18.84089
stp,2005,22.87094
stp,2006,38.65457
stp,2007,33.46336
stp,2008,43.14713
stp,2009,38.83691
stp,2010,35.06129
stp,2011,38.11148
stp,2012,40.68805
stp,2013,62.2885
stp,2014,57.53657
stp,2015,43.49073
stp,2016,48.26595
stp,2017,44.35456
stp,2018,39.04816
stp,2019,36.31059
sur,2000,24.33407
sur,2001,0.15983
sur,2002,9.62937
sur,2003,10.9113
sur,2004,15.60808
sur,2005,10.95555
sur,2006,26.80636
sur,2007,6.59377
sur,2008,11.18835
sur,2009,12.79504
sur,2010,26.61742
sur,2011,16.22976
sur,2012,7.35199
sur,2013,3.23088
sur,2014,3.14205
sur,2015,1.63641
sur,2016,4.86006
sur,2017,1.9652
sur,2018,6.10017
sur,2019,3.68247
swe,2001,0
swe,2002,0
swe,2003,0
swe,2004,0
swe,2005,0
swe,2006,0
swe,2007,0
swe,2008,0
swe,2009,0
swe,2010,0
swe,2011,0
swe,2012,0
swe,2013,0
swe,2014,0
swe,2015,0
swe,2016,0
swe,2017,0
swe,2018,0
swe,2019,0
swz,2000,3.29544
swz,2001,8.67765
swz,2002,12.28301
swz,2003,24.9786
swz,2004,37.70958
swz,2005,42.8285
swz,2006,64.52338
swz,2007,61.84125
swz,2008,67.55408
swz,2009,67.74034
swz,2010,91.49162
swz,2011,122.02192
swz,2012,109.61388
swz,2013,94.47862
swz,2014,107.62055
swz,2015,84.77837
swz,2016,76.27793
swz,2017,64.91776
swz,2018,87.99883
swz,2019,68.965
syc,2000,0
syc,2001,0.87707
syc,2002,2.9101
syc,2003,4.04931
syc,2004,11.86827
syc,2005,3.29376
syc,2006,3.41471
syc,2007,2.352
syc,2008,1.82889
syc,2009,1.37695
syc,2010,10.78735
syc,2011,36.57858
syc,2012,10.7171
syc,2013,18.80683
syc,2014,3.05588
syc,2015,2.2538
syc,2016,30.25835
syc,2017,4.57464
syc,2018,3.19395
syc,2019,0
syr,2000,0.07765
syr,2001,0.12113
syr,2002,0.27196
syr,2003,0.20701
syr,2004,0.17729
syr,2005,0.09935
syr,2006,1.03225
syr,2007,0.56293
syr,2008,0.7249
syr,2009,1.02227
syr,2010,1.11536
syr,2011,1.14422
syr,2012,0.71471
tcd,2000,0.35219
tcd,2001,0.41821
tcd,2002,0.54941
tcd,2003,3.06964
tcd,2004,2.94968
tcd,2005,3.21591
tcd,2006,3.85568
tcd,2007,2.19464
tcd,2008,2.21847
tcd,2009,2.91166
tcd,2010,2.1597
tcd,2011,4.79238
tcd,2012,3.95917
tcd,2013,3.30919
tcd,2014,4.59819
tcd,2015,5.97797
tcd,2016,7.81646
tcd,2017,6.21517
tcd,2018,4.5737
tcd,2019,6.09986
tgo,2000,0.45227
tgo,2001,0.51333
tgo,2002,0.63961
tgo,2003,0.90978
tgo,2004,1.19711
tgo,2005,1.44039
tgo,2006,1.7576
tgo,2007,2.33059
tgo,2008,3.05222
tgo,2009,3.16392
tgo,2010,1.877
tgo,2011,3.02645
tgo,2012,3.7785
tgo,2013,6.79655
tgo,2014,6.54249
tgo,2015,5.92993
tgo,2016,8.13603
tgo,2017,8.10082
tgo,2018,5.21964
tgo,2019,4.66297
tha,2000,0.00492
tha,2001,0.01153
tha,2002,0.14745
tha,2003,0.13906
tha,2004,0.14957
tha,2005,0.05234
tha,2006,0.05838
tha,2007,0.06774
tha,2008,0.19647
tha,2009,0.10904
tha,2010,0.22433
tha,2011,0.37612
tha,2012,0.27098
tha,2013,0.66306
tha,2014,0.74325
tha,2015,0.62725
tha,2016,0.20802
tha,2017,0.21726
tha,2018,0.41899
tha,2019,0.33718
tjk,2000,0.00521
tjk,2001,0.33495
tjk,2002,0.29348
tjk,2003,1.05349
tjk,2004,1.28321
tjk,2005,2.36458
tjk,2006,2.26722
tjk,2007,2.81049
tjk,2008,3.38814
tjk,2009,4.655
tjk,2010,3.83324
tjk,2011,7.19802
tjk,2012,4.9222
tjk,2013,6.08045
tjk,2014,4.71175
tjk,2015,4.80202
tjk,2016,2.91669
tjk,2017,4.45052
tjk,2018,2.59621
tjk,2019,0.81726
tkm,2000,0.01075
tkm,2001,0.08568
tkm,2002,0.21526
tkm,2003,0.49008
tkm,2004,0.33481
tkm,2005,0.36132
tkm,2006,0.44032
tkm,2007,0.48899
tkm,2008,0.67165
tkm,2009,0.58494
tkm,2010,0.48039
tkm,2011,1.25885
tkm,2012,1.38377
tkm,2013,0.60448
tkm,2014,1.23799
tkm,2015,0.98362
tkm,2016,0.7931
tkm,2017,0.45612
tkm,2018,2.07889
tkm,2019,0.5031
tls,2003,1.21333
tls,2004,3.89764
tls,2005,5.00163
tls,2006,9.55275
tls,2007,18.99351
tls,2008,16.97525
tls,2009,23.06562
tls,2010,19.47681
tls,2011,24.20808
tls,2012,22.31329
tls,2013,42.27233
tls,2014,32.1303
tls,2015,31.97694
tls,2016,36.56008
tls,2017,19.42183
tls,2018,26.22971
tls,2019,28.76044
ton,2000,0.67181
ton,2001,7.15724
ton,2002,7.32398
ton,2003,8.76629
ton,2004,34.59519
ton,2005,27.94132
ton,2006,54.58708
ton,2007,24.64542
ton,2008,81.31596
ton,2009,5.16302
ton,2010,44.88164
ton,2011,20.18847
ton,2012,78.91126
ton,2013,28.8031
ton,2014,68.20078
ton,2015,48.28148
ton,2016,57.3878
ton,2017,67.77979
ton,2018,52.61523
ton,2019,68.48179
tto,2000,0
tto,2001,0.00418
tto,2002,0.4463
tto,2003,0.31977
tto,2004,0.53751
tto,2005,0.92336
tto,2006,1.07095
tto,2007,1.33382
tto,2008,2.80712
tto,2009,1.95027
tto,2010,1.85686
tto,2011,1.96118
tto,2012,1.10213
tto,2013,0.84752
tto,2014,0.80046
tto,2015,1.18203
tto,2016,0.80854
tto,2017,0
tto,2018,0.13788
tto,2019,0.7407
tun,2000,0.11272
tun,2001,0.10443
tun,2002,0.10252
tun,2003,0.10936
tun,2004,0.10887
tun,2005,0.10905
tun,2006,0.56891
tun,2007,1.13923
tun,2008,1.85907
tun,2009,2.39779
tun,2010,2.92059
tun,2011,3.7873
tun,2012,0.27172
tun,2013,0.29967
tun,2014,0.17822
tun,2015,0.08003
tun,2016,1.68457
tun,2017,1.08863
tun,2018,1.08886
tun,2019,0.8376
tur,2019,0
tuv,2000,0.06769
tuv,2001,12.27546
tuv,2002,12.22263
tuv,2003,21.78286
tuv,2004,7.79238
tuv,2005,5.74732
tuv,2006,45.85989
tuv,2007,14.6079
tuv,2008,5.64872
tuv,2009,46.62493
tuv,2010,59.559
tuv,2011,60.81875
tuv,2012,44.20204
tuv,2013,138.69037
tuv,2014,73.79382
tuv,2015,106.53145
tuv,2016,106.1603
tuv,2017,164.34749
tuv,2018,112.35382
tuv,2019,226.45502
tza,2000,4.74547
tza,2001,4.90455
tza,2002,4.77256
tza,2003,5.62922
tza,2004,6.4622
tza,2005,8.06748
tza,2006,15.24359
tza,2007,15.65323
tza,2008,9.50709
tza,2009,11.91957
tza,2010,14.79495
tza,2011,17.08576
tza,2012,20.43693
tza,2013,21.22673
tza,2014,17.49425
tza,2015,12.71066
tza,2016,13.54196
tza,2017,15.60185
tza,2018,17.11301
tza,2019,14.58196
uga,2000,5.24528
uga,2001,4.76023
uga,2002,3.85491
uga,2003,2.73337
uga,2004,5.81321
uga,2005,8.51339
uga,2006,9.49512
uga,2007,10.52181
uga,2008,11.77287
uga,2009,18.55633
uga,2010,23.65182
uga,2011,27.60685
uga,2012,25.16338
uga,2013,19.60527
uga,2014,18.07557
uga,2015,16.89977
uga,2016,15.77996
uga,2017,13.23667
uga,2018,13.94781
uga,2019,13.61797
ukr,2000,0.04881
ukr,2001,0.05141
ukr,2002,0.05506
ukr,2003,0.03547
ukr,2004,0.35834
ukr,2005,0.28298
ukr,2006,0.72804
ukr,2007,1.2227
ukr,2008,1.45095
ukr,2009,1.36087
ukr,2010,1.48782
ukr,2011,1.0429
ukr,2012,1.56172
ukr,2013,1.89196
ukr,2014,1.92905
ukr,2015,2.71812
ukr,2016,1.89676
ukr,2017,3.11705
ukr,2018,2.25599
ukr,2019,1.68633
ury,2000,0.14937
ury,2001,0.13546
ury,2002,0.08486
ury,2003,0.25598
ury,2004,0.34613
ury,2008,0.48363
ury,2009,0.33504
ury,2010,0.43192
ury,2011,0.4261
ury,2012,0.38392
ury,2013,0.51171
ury,2014,0.78988
ury,2015,0.27797
ury,2016,0.28909
ury,2017,0.11171
ury,2018,0
ury,2019,0
usa,2000,0
usa,2001,0
usa,2002,0
usa,2003,0
usa,2004,0
usa,2005,0
usa,2006,0
usa,2007,0
usa,2008,0
usa,2009,0
usa,2010,0
usa,2011,0
usa,2012,0
usa,2013,0
usa,2014,0
usa,2015,0
usa,2016,0
usa,2017,0
usa,2018,0
usa,2019,0
uzb,2000,0
uzb,2001,0.00033
uzb,2002,0.00005
uzb,2003,0.98624
uzb,2004,0.76262
uzb,2005,1.2896
uzb,2006,0.79323
uzb,2007,0.86222
uzb,2008,0.92662
uzb,2009,1.08509
uzb,2010,1.38551
uzb,2011,1.88336
uzb,2012,1.6124
uzb,2013,2.21089
uzb,2014,2.25915
uzb,2015,1.81463
uzb,2016,1.24557
uzb,2017,0.98094
uzb,2018,0.66679
uzb,2019,0.05231
vct,2000,0
vct,2001,0
vct,2002,0
vct,2003,0
vct,2004,0
vct,2005,0.41773
vct,2006,4.19783
vct,2007,11.53929
vct,2008,6.6029
vct,2009,5.60342
vct,2010,14.86151
vct,2011,20.36696
vct,2012,8.42449
vct,2013,4.38491
vct,2014,5.34426
vct,2015,4.67811
vct,2016,1.47653
vct,2017,3.9552
vct,2018,1.31015
vct,2019,5.50068
ven,2000,0.18236
ven,2001,0.28037
ven,2002,0.3729
ven,2003,0.19576
ven,2004,0.04589
ven,2005,0.0431
ven,2006,0.15132
ven,2007,0.106
ven,2008,0.0615
ven,2009,0.05767
ven,2010,0.11962
ven,2011,0.12083
ven,2012,0.07585
ven,2013,0.0583
ven,2014,0.03371
ven,2015,0.03475
ven,2016,0.02901
ven,2017,0.01882
ven,2018,0.07589
ven,2019,0.13193
vnm,2000,0.80341
vnm,2001,0.90945
vnm,2002,0.92203
vnm,2003,1.09292
vnm,2004,1.58131
vnm,2005,1.40468
vnm,2006,1.6954
vnm,2007,1.78111
vnm,2008,1.30429
vnm,2009,1.58216
vnm,2010,1.76491
vnm,2011,2.11316
vnm,2012,2.63768
vnm,2013,2.67268
vnm,2014,3.7471
vnm,2015,2.54697
vnm,2016,2.85079
vnm,2017,1.52072
vnm,2018,1.65873
vnm,2019,1.75388
vut,2000,7.258
vut,2001,6.84653
vut,2002,12.65835
vut,2003,8.77658
vut,2004,13.58588
vut,2005,13.62505
vut,2006,15.59577
vut,2007,11.37716
vut,2008,12.59524
vut,2009,21.89056
vut,2010,32.91353
vut,2011,26.01831
vut,2012,36.10193
vut,2013,50.55887
vut,2014,76.622
vut,2015,47.74041
vut,2016,32.57068
vut,2017,27.37798
vut,2018,24.63639
vut,2019,32.60226
wsm,2000,2.75567
wsm,2001,1.94179
wsm,2002,7.39892
wsm,2003,14.66737
wsm,2004,21.1336
wsm,2005,22.06845
wsm,2006,21.95631
wsm,2007,25.96892
wsm,2008,13.47981
wsm,2009,15.96829
wsm,2010,21.42922
wsm,2011,41.32961
wsm,2012,13.84907
wsm,2013,60.27934
wsm,2014,45.9033
wsm,2015,18.97701
wsm,2016,24.67558
wsm,2017,30.5985
wsm,2018,34.56422
wsm,2019,44.96449
yem,2000,0.8205
yem,2001,0.76431
yem,2002,0.71314
yem,2003,0.66355
yem,2004,0.9537
yem,2005,0.89866
yem,2006,1.78331
yem,2007,1.7042
yem,2008,1.80029
yem,2009,1.90462
yem,2010,1.66636
yem,2011,2.36738
yem,2012,2.646
yem,2013,3.72053
yem,2014,5.17215
yem,2015,5.69622
zaf,2000,1.59685
zaf,2001,1.354
zaf,2002,1.19936
zaf,2003,16.46979
zaf,2004,20.45593
zaf,2005,48.79324
zaf,2006,27.704
zaf,2007,34.17315
zaf,2008,36.60987
zaf,2009,40.44452
zaf,2010,48.53595
zaf,2011,49.67175
zaf,2012,43.65835
zaf,2013,40.76484
zaf,2014,9.5194
zaf,2015,8.4307
zaf,2016,9.50689
zaf,2017,5.79389
zaf,2018,6.38799
zaf,2019,6.0328
zmb,2000,0.74069
zmb,2001,1.76126
zmb,2002,3.52258
zmb,2003,6.11848
zmb,2004,10.27191
zmb,2005,17.01271
zmb,2006,19.0746
zmb,2007,17.48085
zmb,2008,23.46991
zmb,2009,29.3691
zmb,2010,25.2703
zmb,2011,21.32356
zmb,2012,30.74582
zmb,2013,48.24582
zmb,2014,21.96906
zmb,2015,21.57528
zmb,2016,24.3764
zmb,2017,27.2715
zmb,2018,33.8627
zmb,2019,30.29779
zwe,2010,27.29743
zwe,2011,16.97716
zwe,2012,13.84525
zwe,2013,20.46298
zwe,2014,23.6034
zwe,2015,26.12082
zwe,2016,31.37314
zwe,2017,35.50637
zwe,2018,35.5829
zwe,2019,30.44884
