geo,time,sh_xpd_chex_pc_cd
afg,2002,15.80316
afg,2003,17.03574
afg,2004,20.41276
afg,2005,23.8905
afg,2006,27.83657
afg,2007,31.27184
afg,2008,38.10266
afg,2009,41.72274
afg,2010,44.99053
afg,2011,50.85347
afg,2012,51.44026
afg,2013,55.03463
afg,2014,59.00893
afg,2015,58.90653
afg,2016,60.18867
afg,2017,65.70602
afg,2018,69.9986
afg,2019,65.80603
ago,2000,12.99897
ago,2001,28.91812
ago,2002,29.04936
ago,2003,34.87519
ago,2004,49.81074
ago,2005,54.26078
ago,2006,69.8123
ago,2007,92.86031
ago,2008,135.60582
ago,2009,119.99628
ago,2010,96.69701
ago,2011,122.10723
ago,2012,122.18559
ago,2013,143.60687
ago,2014,131.64766
ago,2015,108.58294
ago,2016,95.12498
ago,2017,114.3346
ago,2018,87.31074
ago,2019,71.326
alb,2000,80.61695
alb,2001,89.58073
alb,2002,96.27112
alb,2003,125.98798
alb,2004,156.56818
alb,2005,165.26537
alb,2006,174.53024
alb,2007,222.30367
alb,2008,220.46425
alb,2009,186.44281
alb,2010,192.00322
alb,2011,211.07552
alb,2012,213.71974
alb,2013,236.95796
alb,2014,251.35826
alb,2015,192.88513
alb,2016,202.01332
alb,2017,226.28067
alb,2018,274.91409
and,2000,1302.62073
and,2001,1347.48499
and,2002,1528.75061
and,2003,1820.04187
and,2004,2043.30225
and,2005,2299.70361
and,2006,2161.20532
and,2007,2403.59912
and,2008,2818.80469
and,2009,2714.24976
and,2010,2685.47974
and,2011,2634.03271
and,2012,2370.05713
and,2013,2432.78271
and,2014,2529.08984
and,2015,2246.25439
and,2016,2361.21753
and,2017,2567.42383
and,2018,2821.80127
and,2019,2744.19434
are,2000,787.02112
are,2001,777.13062
are,2002,857.91193
are,2003,886.50122
are,2004,894.54041
are,2005,913.35608
are,2006,974.52063
are,2007,1072.70532
are,2008,1303.14075
are,2009,1296.97766
are,2010,1314.63
are,2011,1438.47217
are,2012,1403.5249
are,2013,1523.88379
are,2014,1588.28235
are,2015,1385.53772
are,2016,1322.00427
are,2017,1650.01855
are,2018,1817.34766
are,2019,1842.69446
arg,2000,708.76953
arg,2001,675.05786
arg,2002,223.8486
arg,2003,262.28659
arg,2004,311.64505
arg,2005,392.58875
arg,2006,455.7981
arg,2007,572.0401
arg,2008,746.49329
arg,2009,785.67023
arg,2010,985.03442
arg,2011,1208.3916
arg,2012,1368.42297
arg,2013,1421.65759
arg,2014,1286.21765
arg,2015,1531.48425
arg,2016,1153.53406
arg,2017,1529.67004
arg,2018,1127.92847
arg,2019,945.99194
arm,2000,26.12909
arm,2001,32.25934
arm,2002,59.63239
arm,2003,66.77802
arm,2004,72.17178
arm,2005,96.35484
arm,2006,126.25294
arm,2007,172.60187
arm,2008,266.31158
arm,2009,252.8356
arm,2010,297.22906
arm,2011,330.57556
arm,2012,336.32056
arm,2013,396.23254
arm,2014,405.72888
arm,2015,364.97281
arm,2016,357.45776
arm,2017,405.6507
arm,2018,422.28268
arm,2019,523.99908
atg,2000,512.5683
atg,2001,563.73712
atg,2002,550.06458
atg,2003,602.6936
atg,2004,585.72125
atg,2005,626.71667
atg,2006,648.22711
atg,2007,694.53644
atg,2008,673.83752
atg,2009,591.42523
atg,2010,701.81781
atg,2011,693.80725
atg,2012,727.25696
atg,2013,711.2298
atg,2014,792.84149
atg,2015,754.24188
atg,2016,778.45111
atg,2017,750.01923
atg,2018,808.69928
atg,2019,760.26495
aus,2000,1638.81494
aus,2001,1564.1665
aus,2002,1770.46619
aus,2003,2249.29077
aus,2004,2767.13696
aus,2005,3013.08765
aus,2006,3184.80762
aus,2007,3799.73755
aus,2008,4090.76196
aus,2009,3995.34009
aus,2010,4945.03809
aus,2011,5861.70264
aus,2012,6025.34473
aus,2013,5813.98535
aus,2014,5607.91797
aus,2015,4862.60156
aus,2016,4993.68945
aus,2017,5340.36475
aus,2018,5364.54297
aus,2019,5427.4624
aut,2000,2269.12646
aut,2001,2282.51587
aut,2002,2497.86597
aut,2003,3091.24023
aut,2004,3594.65039
aut,2005,3710.39795
aut,2006,3882.98193
aut,2007,4478.76855
aut,2008,5057.76074
aut,2009,4928.98779
aut,2010,4800.79346
aut,2011,5167.81787
aut,2012,4966.0957
aut,2013,5235.34131
aut,2014,5393.60205
aut,2015,4612.82422
aut,2016,4709.87598
aut,2017,4938.91992
aut,2018,5322.2627
aut,2019,5242.18311
aze,2000,19.14172
aze,2001,19.19028
aze,2002,20.59106
aze,2003,23.80008
aze,2004,27.38258
aze,2005,35.07611
aze,2006,50.24788
aze,2007,75.3952
aze,2008,107.36143
aze,2009,129.72586
aze,2010,145.84526
aze,2011,176.40848
aze,2012,222.98552
aze,2013,239.95081
aze,2014,267.30972
aze,2015,226.51003
aze,2016,156.99573
aze,2017,155.09827
aze,2018,168.39165
aze,2019,193.10884
bdi,2000,8.42835
bdi,2001,8.60475
bdi,2002,7.96743
bdi,2003,7.16897
bdi,2004,9.88211
bdi,2005,12.77717
bdi,2006,16.64111
bdi,2007,18.25146
bdi,2008,18.31874
bdi,2009,21.8832
bdi,2010,26.41332
bdi,2011,25.13241
bdi,2012,21.51785
bdi,2013,21.93877
bdi,2014,20.10721
bdi,2015,19.64326
bdi,2016,21.78308
bdi,2017,23.15568
bdi,2018,22.4054
bdi,2019,20.56754
bel,2000,1849.91602
bel,2001,1879.93481
bel,2002,2084.71997
bel,2003,2828.3335
bel,2004,3326.63721
bel,2005,3419.69312
bel,2006,3558.12134
bel,2007,4078.14697
bel,2008,4670.42285
bel,2009,4653.43652
bel,2010,4544.77979
bel,2011,4943.79688
bel,2012,4706.47021
bel,2013,4947.76953
bel,2014,5072.95068
bel,2015,4291.48975
bel,2016,4534.22998
bel,2017,4775.8125
bel,2018,5134.41455
bel,2019,4960.39355
ben,2000,15.90676
ben,2001,16.8325
ben,2002,17.49716
ben,2003,21.60637
ben,2004,24.56986
ben,2005,24.14695
ben,2006,25.45316
ben,2007,27.96021
ben,2008,30.34991
ben,2009,30.7605
ben,2010,31.06598
ben,2011,34.99643
ben,2012,39.10081
ben,2013,35.76725
ben,2014,34.44754
ben,2015,31.30698
ben,2016,29.78626
ben,2017,29.7686
ben,2018,31.07242
ben,2019,29.12529
bfa,2000,7.54438
bfa,2001,7.71472
bfa,2002,8.75489
bfa,2003,11.77481
bfa,2004,17.64383
bfa,2005,18.0934
bfa,2006,21.37371
bfa,2007,28.00374
bfa,2008,29.9042
bfa,2009,31.71803
bfa,2010,33.9439
bfa,2011,34.91964
bfa,2012,34.88827
bfa,2013,43.80943
bfa,2014,39.64447
bfa,2015,33.52824
bfa,2016,40.98265
bfa,2017,44.51367
bfa,2018,40.26912
bfa,2019,42.34453
bgd,2000,8.56026
bgd,2001,8.36238
bgd,2002,9.34001
bgd,2003,10.27599
bgd,2004,11.08632
bgd,2005,11.60705
bgd,2006,12.33578
bgd,2007,14.31882
bgd,2008,15.80424
bgd,2009,17.92319
bgd,2010,20.8027
bgd,2011,22.84562
bgd,2012,23.45908
bgd,2013,26.67388
bgd,2014,29.74625
bgd,2015,32.84909
bgd,2016,34.56891
bgd,2017,37.40678
bgd,2018,41.90408
bgd,2019,45.85716
bgr,2000,94.49745
bgr,2001,119.82998
bgr,2002,148.14792
bgr,2003,195.7437
bgr,2004,233.11333
bgr,2005,267.74139
bgr,2006,294.10892
bgr,2007,361.23499
bgr,2008,455.54059
bgr,2009,459.3002
bgr,2010,484.75229
bgr,2011,555.8642
bgr,2012,558.64795
bgr,2013,547.45483
bgr,2014,605.25891
bgr,2015,521.41907
bgr,2016,562.34082
bgr,2017,624.52502
bgr,2018,689.9054
bgr,2019,697.89636
bhr,2000,485.68646
bhr,2001,484.90735
bhr,2002,503.03006
bhr,2003,567.23798
bhr,2004,550.3598
bhr,2005,570.29425
bhr,2006,591.31128
bhr,2007,692.96832
bhr,2008,757.73615
bhr,2009,785.26031
bhr,2010,796.31842
bhr,2011,805.31476
bhr,2012,971.36847
bhr,2013,1066.13245
bhr,2014,1101.25684
bhr,2015,1128.75916
bhr,2016,1098.88354
bhr,2017,1126.06689
bhr,2018,994.17902
bhr,2019,940.39569
bhs,2000,1030.96899
bhs,2001,1078.69446
bhs,2002,1100.53259
bhs,2003,1138.7406
bhs,2004,1148.94238
bhs,2005,1220.78821
bhs,2006,1323.53088
bhs,2007,1415.03674
bhs,2008,1489.42725
bhs,2009,1470.68774
bhs,2010,1495.23132
bhs,2011,1491.04163
bhs,2012,1568.28796
bhs,2013,1609.31799
bhs,2014,1670.24036
bhs,2015,1635.88293
bhs,2016,1774.02173
bhs,2017,2162.42358
bhs,2018,2002.41296
bhs,2019,2004.61633
bih,2000,113.31326
bih,2001,112.06852
bih,2002,127.2114
bih,2003,180.99417
bih,2004,244.5274
bih,2005,262.89282
bih,2006,303.51224
bih,2007,388.099
bih,2008,482.93652
bih,2009,425.05115
bih,2010,417.74832
bih,2011,467.03192
bih,2012,452.9765
bih,2013,484.22702
bih,2014,504.78723
bih,2015,442.03784
bih,2016,461.97934
bih,2017,482.17715
bih,2018,539.91003
bih,2019,553.82294
blr,2000,57.66817
blr,2001,74.33643
blr,2002,87.08404
blr,2003,109.87693
blr,2004,142.74802
blr,2005,198.30737
blr,2006,223.83119
blr,2007,281.07764
blr,2008,351.72797
blr,2009,290.70154
blr,2010,343.67911
blr,2011,319.75372
blr,2012,365.87494
blr,2013,456.49167
blr,2014,450.22263
blr,2015,362.75284
blr,2016,298.62659
blr,2017,333.54108
blr,2018,351.00681
blr,2019,399.39709
blz,2000,132.70746
blz,2001,157.4632
blz,2002,166.04504
blz,2003,168.39444
blz,2004,170.21199
blz,2005,174.41145
blz,2006,189.33286
blz,2007,226.23004
blz,2008,249.92667
blz,2009,241.73036
blz,2010,242.34943
blz,2011,252.82539
blz,2012,246.06036
blz,2013,257.98932
blz,2014,292.14331
blz,2015,283.57245
blz,2016,296.04523
blz,2017,282.55374
blz,2018,285.97034
blz,2019,293.4126
bol,2000,43.84844
bol,2001,45.78475
bol,2002,44.27475
bol,2003,47.16544
bol,2004,47.04487
bol,2005,52.48217
bol,2006,56.81023
bol,2007,64.47034
bol,2008,79.0157
bol,2009,90.77088
bol,2010,101.72988
bol,2011,121.37859
bol,2012,137.12178
bol,2013,162.12198
bol,2014,181.71205
bol,2015,198.87558
bol,2016,210.2381
bol,2017,217.49469
bol,2018,235.70088
bol,2019,245.92348
bra,2000,312.53928
bra,2001,270.18982
bra,2002,246.94701
bra,2003,251.43794
bra,2004,295.52863
bra,2005,384.93201
bra,2006,485.59933
bra,2007,602.68591
bra,2008,707.49121
bra,2009,721.76801
bra,2010,896.69714
bra,2011,1031.57617
bra,2012,957.00708
bra,2013,981.15283
bra,2014,1017.04712
bra,2015,785.26483
bra,2016,798.62708
bra,2017,940.36975
bra,2018,866.1554
bra,2019,853.38794
brb,2000,600.80896
brb,2001,619.3396
brb,2002,665.92029
brb,2003,781.96509
brb,2004,915.30463
brb,2005,935.64044
brb,2006,1000.61719
brb,2007,1015.60669
brb,2008,1107.04602
brb,2009,1135.60986
brb,2010,1087.65649
brb,2011,1135.5177
brb,2012,1263.9187
brb,2013,1233.11487
brb,2014,1153.88416
brb,2015,1119.54822
brb,2016,1129.19336
brb,2017,1151.69373
brb,2018,1164.54456
brb,2019,1143.32202
brn,2000,508.5484
brn,2001,464.79044
brn,2002,473.22723
brn,2003,535.2774
brn,2004,619.28699
brn,2005,646.16022
brn,2006,654.69019
brn,2007,702.66919
brn,2008,788.61536
brn,2009,741.29535
brn,2010,803.52686
brn,2011,877.15759
brn,2012,883.6756
brn,2013,849.33063
brn,2014,798.7937
brn,2015,743.92004
brn,2016,692.03571
brn,2017,648.66882
brn,2018,763.14569
brn,2019,671.56268
btn,2000,30.89351
btn,2001,35.94556
btn,2002,36.1376
btn,2003,37.73608
btn,2004,46.9071
btn,2005,47.74117
btn,2006,55.31651
btn,2007,66.06006
btn,2008,58.85732
btn,2009,61.12593
btn,2010,74.09109
btn,2011,79.55759
btn,2012,85.97569
btn,2013,88.24406
btn,2014,88.89918
btn,2015,98.56244
btn,2016,98.90504
btn,2017,104.8551
btn,2018,102.73852
btn,2019,115.98076
bwa,2000,205.23715
bwa,2001,201.81081
bwa,2002,204.88693
bwa,2003,267.49493
bwa,2004,293.97195
bwa,2005,277.06097
bwa,2006,263.60596
bwa,2007,311.03723
bwa,2008,330.35922
bwa,2009,342.93564
bwa,2010,398.57071
bwa,2011,440.0437
bwa,2012,433.004
bwa,2013,449.70569
bwa,2014,435.55368
bwa,2015,389.38074
bwa,2016,402.80164
bwa,2017,484.22391
bwa,2018,494.19547
bwa,2019,481.53305
caf,2000,10.18517
caf,2001,9.56679
caf,2002,10.97876
caf,2003,13.49363
caf,2004,14.26364
caf,2005,15.28491
caf,2006,16.59565
caf,2007,19.75129
caf,2008,19.52352
caf,2009,22.96818
caf,2010,18.69205
caf,2011,21.3736
caf,2012,22.29368
caf,2013,18.83095
caf,2014,20.86846
caf,2015,19.00077
caf,2016,21.89539
caf,2017,30.05441
caf,2018,53.69038
caf,2019,37.19958
can,2000,2007.88086
can,2001,2063.92749
can,2002,2159.31592
can,2003,2562.91455
can,2004,2925.06714
can,2005,3296.50146
can,2006,3788.09009
can,2007,4212.99072
can,2008,4474.97461
can,2009,4371.55273
can,2010,5065.91504
can,2011,5400.11377
can,2012,5500.68408
can,2013,5443.625
can,2014,5189.01465
can,2015,4637.21143
can,2016,4629.375
can,2017,4865.0708
can,2018,5018.71143
can,2019,5048.37256
che,2000,3559.81982
che,2001,3763.38452
che,2002,4211.72949
che,2003,5018.52734
che,2004,5608.70312
che,2005,5673.94043
che,2006,5671.98145
che,2007,6154.70312
che,2008,7120.65186
che,2009,7297.37988
che,2010,7705.17578
che,2011,9191.95898
che,2012,8917.11914
che,2013,9275.79883
che,2014,9578.64551
che,2015,9382.79102
che,2016,9439.4248
che,2017,9606.34961
che,2018,9870.66406
che,2019,9666.33789
chl,2000,356.96378
chl,2001,327.13199
chl,2002,323.06717
chl,2003,349.98782
chl,2004,427.51669
chl,2005,500.64517
chl,2006,571.20142
chl,2007,648.55981
chl,2008,724.70123
chl,2009,735.97894
chl,2010,867.73077
chl,2011,991.20288
chl,2012,1077.82019
chl,2013,1179.47266
chl,2014,1145.40857
chl,2015,1127.02161
chl,2016,1171.62305
chl,2017,1360.17358
chl,2018,1455.1167
chl,2019,1375.80298
chn,2000,42.1124
chn,2001,43.66368
chn,2002,49.14167
chn,2003,55.65108
chn,2004,63.26199
chn,2005,71.86442
chn,2006,81.22816
chn,2007,97.0793
chn,2008,131.88728
chn,2009,162.61755
chn,2010,186.4915
chn,2011,236.37492
chn,2012,281.67715
chn,2013,326.0416
chn,2014,359.30933
chn,2015,390.1041
chn,2016,395.35995
chn,2017,437.25674
chn,2018,501.05939
chn,2019,535.13336
civ,2000,55.2962
civ,2001,55.29139
civ,2002,58.75072
civ,2003,66.02467
civ,2004,69.8438
civ,2005,64.44138
civ,2006,62.54813
civ,2007,66.86507
civ,2008,78.3477
civ,2009,75.07719
civ,2010,74.04659
civ,2011,74.29047
civ,2012,76.08685
civ,2013,72.76118
civ,2014,80.52973
civ,2015,63.51419
civ,2016,67.48299
civ,2017,69.77151
civ,2018,72.17319
civ,2019,75.08779
cmr,2000,28.00376
cmr,2001,26.70228
cmr,2002,30.54584
cmr,2003,37.04441
cmr,2004,40.62355
cmr,2005,41.45747
cmr,2006,42.8313
cmr,2007,47.34065
cmr,2008,52.65299
cmr,2009,49.35915
cmr,2010,48.35902
cmr,2011,56.44068
cmr,2012,55.17245
cmr,2013,55.47434
cmr,2014,60.95221
cmr,2015,49.76532
cmr,2016,50.88278
cmr,2017,49.76704
cmr,2018,53.17177
cmr,2019,53.99585
cod,2000,19.86826
cod,2001,6.0385
cod,2002,4.64879
cod,2003,6.63941
cod,2004,8.5772
cod,2005,9.28722
cod,2006,11.22324
cod,2007,12.41401
cod,2008,16.34124
cod,2009,13.57573
cod,2010,12.89442
cod,2011,12.62923
cod,2012,14.01604
cod,2013,16.33388
cod,2014,19.368
cod,2015,19.73957
cod,2016,20.57793
cod,2017,19.41378
cod,2018,18.52062
cod,2019,20.57073
cog,2000,17.48368
cog,2001,20.64844
cog,2002,17.19758
cog,2003,21.75997
cog,2004,27.93211
cog,2005,31.53102
cog,2006,36.82758
cog,2007,43.0965
cog,2008,65.03125
cog,2009,50.24731
cog,2010,56.96957
cog,2011,62.42331
cog,2012,74.91541
cog,2013,75.50089
cog,2014,74.61357
cog,2015,60.15249
cog,2016,56.93315
cog,2017,54.75908
cog,2018,49.4641
cog,2019,48.55877
col,2000,132.87971
col,2001,136.61053
col,2002,130.42552
col,2003,128.00615
col,2004,157.57558
col,2005,207.159
col,2006,237.01752
col,2007,305.99179
col,2008,374.42697
col,2009,379.69586
col,2010,448.08777
col,2011,497.38071
col,2012,543.07001
col,2013,576.70123
col,2014,583.0589
col,2015,464.63498
col,2016,442.13824
col,2017,489.64459
col,2018,513.15869
col,2019,495.32971
com,2000,47.00236
com,2001,44.58985
com,2002,50.12068
com,2003,62.38849
com,2004,68.60703
com,2005,65.68196
com,2006,63.42576
com,2007,67.18291
com,2008,70.62155
com,2009,66.25401
com,2010,65.71719
com,2011,76.77274
com,2012,72.61225
com,2013,76.68771
com,2014,79.20177
com,2015,57.17093
com,2016,59.2308
com,2017,69.73938
com,2018,69.41636
com,2019,72.3238
cpv,2000,63.0344
cpv,2001,67.14394
cpv,2002,72.88203
cpv,2003,89.07603
cpv,2004,98.08787
cpv,2005,100.67198
cpv,2006,118.32914
cpv,2007,133.41765
cpv,2008,133.23508
cpv,2009,135.40572
cpv,2010,151.16014
cpv,2011,161.03374
cpv,2012,176.98373
cpv,2013,191.28299
cpv,2014,191.17624
cpv,2015,146.67517
cpv,2016,151.74736
cpv,2017,173.79355
cpv,2018,190.4556
cpv,2019,177.89027
cri,2000,248.75342
cri,2001,256.39359
cri,2002,277.6987
cri,2003,289.06827
cri,2004,292.03183
cri,2005,311.70877
cri,2006,362.50491
cri,2007,427.04202
cri,2008,515.43335
cri,2009,534.57446
cri,2010,660.58643
cri,2011,749.64496
cri,2012,784.48297
cri,2013,825.39325
cri,2014,831.30017
cri,2015,883.91547
cri,2016,878.88892
cri,2017,861.32007
cri,2018,909.6731
cri,2019,921.58575
cub,2000,180.81122
cub,2001,198.13365
cub,2002,213.39079
cub,2003,227.09096
cub,2004,231.98782
cub,2005,331.53214
cub,2006,387.42017
cub,2007,571.2655
cub,2008,612.24359
cub,2009,679.62634
cub,2010,612.46509
cub,2011,699.83429
cub,2012,604.21234
cub,2013,713.24133
cub,2014,866.07562
cub,2015,986.73401
cub,2016,984.84845
cub,2017,1000.28955
cub,2018,986.93732
cub,2019,1031.92175
cyp,2000,750.51672
cyp,2001,782.16162
cyp,2002,890.48297
cyp,2003,1145.05847
cyp,2004,1286.97156
cyp,2005,1366.01709
cyp,2006,1474.02063
cyp,2007,1694.27185
cyp,2008,2155.24658
cyp,2009,2105.47778
cyp,2010,2045.29236
cyp,2011,2114.66895
cyp,2012,1899.37256
cyp,2013,1916.32263
cyp,2014,1873.89136
cyp,2015,1581.41357
cyp,2016,1634.93555
cyp,2017,1750.50732
cyp,2018,1981.77844
cyp,2019,1996.45825
cze,2000,342.92105
cze,2001,388.54404
cze,2002,497.74203
cze,2003,640.6604
cze,2004,746.32892
cze,2005,852.65247
cze,2006,942.11804
cze,2007,1110.17664
cze,2008,1449.33679
cze,2009,1442.2428
cze,2010,1373.93176
cze,2011,1516.55542
cze,2012,1387.40601
cze,2013,1554.50903
cze,2014,1512.92615
cze,2015,1284.04675
cze,2016,1321.62024
cze,2017,1475.91528
cze,2018,1765.58862
cze,2019,1844.21777
deu,2000,2344.35474
deu,2001,2346.61499
deu,2002,2567.50293
deu,2003,3152.79419
deu,2004,3459.82495
deu,2005,3558.21338
deu,2006,3697.92163
deu,2007,4182.79932
deu,2008,4669.65332
deu,2009,4674.7832
deu,2010,4611.27588
deu,2011,5037.37012
deu,2012,4765.58301
deu,2013,5099.64111
deu,2014,5307.08203
deu,2015,4624.55664
deu,2016,4744.22949
deu,2017,5055.82129
deu,2018,5481.9873
deu,2019,5440.25146
dji,2000,31.95798
dji,2001,31.04226
dji,2002,40.1945
dji,2003,46.11334
dji,2004,40.28805
dji,2005,40.95963
dji,2006,47.32996
dji,2007,50.44794
dji,2008,53.96246
dji,2009,55.32074
dji,2010,56.20141
dji,2011,68.77837
dji,2012,72.22034
dji,2013,67.53491
dji,2014,73.12317
dji,2015,82.28988
dji,2016,76.86835
dji,2017,72.23477
dji,2018,71.0863
dji,2019,61.80943
dma,2000,254.78555
dma,2001,226.96007
dma,2002,222.09386
dma,2003,237.35446
dma,2004,247.45882
dma,2005,256.73413
dma,2006,263.91165
dma,2007,285.24042
dma,2008,326.64169
dma,2009,344.11966
dma,2010,359.22134
dma,2011,376.95007
dma,2012,396.81378
dma,2013,375.1051
dma,2014,385.15659
dma,2015,391.93454
dma,2016,414.04245
dma,2017,398.63541
dma,2018,479.09354
dma,2019,440.16986
dnk,2000,2496.04712
dnk,2001,2602.64282
dnk,2002,2895.80737
dnk,2003,3607.04297
dnk,2004,4194.87354
dnk,2005,4442.75537
dnk,2006,4778.8916
dnk,2007,5468.37939
dnk,2008,6137.77637
dnk,2009,6221.68896
dnk,2010,6011.53809
dnk,2011,6281.00439
dnk,2012,6003.83057
dnk,2013,6236.5542
dnk,2014,6380.78467
dnk,2015,5469.33496
dnk,2016,5565.59326
dnk,2017,5800.15283
dnk,2018,6216.76855
dnk,2019,6003.3252
dom,2000,140.13885
dom,2001,145.35367
dom,2002,155.09561
dom,2003,106.13857
dom,2004,106.65016
dom,2005,171.23001
dom,2006,164.10039
dom,2007,198.07254
dom,2008,240.41107
dom,2009,256.35791
dom,2010,309.95718
dom,2011,335.00128
dom,2012,359.60818
dom,2013,359.57056
dom,2014,380.0755
dom,2015,400.38495
dom,2016,424.30017
dom,2017,443.67068
dom,2018,461.53516
dom,2019,491.05936
dza,2000,61.58218
dza,2001,66.80212
dza,2002,66.46336
dza,2003,75.74335
dza,2004,92.50652
dza,2005,100.71383
dza,2006,116.71432
dza,2007,150.96564
dza,2008,206.88519
dza,2009,208.11992
dza,2010,229.28946
dza,2011,287.38611
dza,2012,335.56195
dza,2013,331.94168
dza,2014,359.64212
dza,2015,291.55353
dza,2016,260.76126
dza,2017,258.06396
dza,2018,256.00946
dza,2019,248.20587
ecu,2000,48.12062
ecu,2001,71.11089
ecu,2002,97.16692
ecu,2003,131.98309
ecu,2004,149.81384
ecu,2005,167.94582
ecu,2006,189.84698
ecu,2007,190.51663
ecu,2008,228.48567
ecu,2009,241.16141
ecu,2010,283.41574
ecu,2011,336.86093
ecu,2012,384.23395
ecu,2013,411.90674
ecu,2014,428.79379
ecu,2015,458.81421
ecu,2016,441.17093
ecu,2017,461.57547
ecu,2018,495.16959
ecu,2019,486.49216
egy,2000,73.65685
egy,2001,73.07784
egy,2002,68.25555
egy,2003,53.8235
egy,2004,53.9309
egy,2005,63.86014
egy,2006,71.35442
egy,2007,78.95717
egy,2008,97.20935
egy,2009,106.66519
egy,2010,113.2482
egy,2011,125.25487
egy,2012,150.71841
egy,2013,150.6196
egy,2014,167.24709
egy,2015,183.43262
egy,2016,153.48695
egy,2017,113.97538
egy,2018,125.54537
egy,2019,149.84032
eri,2000,13.75258
eri,2001,14.51353
eri,2002,15.21526
eri,2003,18.99912
eri,2004,22.12164
eri,2005,20.64317
eri,2006,22.02857
eri,2007,17.96752
eri,2008,19.3259
eri,2009,22.39599
eri,2010,24.71433
eri,2011,33.53649
eri,2012,26.23008
eri,2013,29.87801
eri,2014,31.90615
eri,2015,26.82021
eri,2016,22.65307
eri,2017,20.79556
eri,2018,23.97976
eri,2019,25.26793
esp,2000,1005.284
esp,2001,1045.05066
esp,2002,1174.57935
esp,2003,1641.05872
esp,2004,1924.44531
esp,2005,2060.33081
esp,2006,2242.17822
esp,2007,2606.17896
esp,2008,2995.0498
esp,2009,2937.53442
esp,2010,2789.53394
esp,2011,2909.11768
esp,2012,2591.01611
esp,2013,2629.60547
esp,2014,2679.62939
esp,2015,2349.05444
esp,2016,2376.72119
esp,2017,2526.72046
esp,2018,2740.26929
esp,2019,2711.19287
est,2000,209.71313
est,2001,214.70415
est,2002,250.48021
est,2003,349.05804
est,2004,455.06812
est,2005,524.68011
est,2006,600.50787
est,2007,832.73309
est,2008,1038.56226
est,2009,963.01965
est,2010,926.45416
est,2011,1015.96826
est,2012,1013.31421
est,2013,1144.64685
est,2014,1238.927
est,2015,1112.91406
est,2016,1186.10278
est,2017,1350.38062
est,2018,1552.63245
est,2019,1598.81885
eth,2000,5.3845
eth,2001,5.61692
eth,2002,5.25928
eth,2003,5.84134
eth,2004,5.88065
eth,2005,6.6536
eth,2006,8.66179
eth,2007,11.98232
eth,2008,13.4518
eth,2009,15.63804
eth,2010,16.70585
eth,2011,15.11117
eth,2012,20.66479
eth,2013,19.88365
eth,2014,22.27193
eth,2015,23.91624
eth,2016,25.0756
eth,2017,24.92481
eth,2018,24.29409
eth,2019,26.7422
fin,2000,1722.83264
fin,2001,1806.05017
fin,2002,2054.26294
fin,2003,2606.77588
fin,2004,3035.97876
fin,2005,3228.95215
fin,2006,3407.66553
fin,2007,3911.96582
fin,2008,4481.2168
fin,2009,4347.12158
fin,2010,4249.60205
fin,2011,4715.93506
fin,2012,4572.52344
fin,2013,4892.09717
fin,2014,4922.67578
fin,2015,4127.1499
fin,2016,4107.06299
fin,2017,4233.46826
fin,2018,4515.67725
fin,2019,4450.30273
fji,2000,77.02473
fji,2001,64.19379
fji,2002,73.04816
fji,2003,91.39411
fji,2004,117.67281
fji,2005,129.10287
fji,2006,135.927
fji,2007,150.64467
fji,2008,143.73784
fji,2009,128.6579
fji,2010,135.1687
fji,2011,149.02316
fji,2012,162.41483
fji,2013,167.81087
fji,2014,188.83432
fji,2015,179.22098
fji,2016,185.34676
fji,2017,194.43666
fji,2018,216.09642
fji,2019,235.67502
fra,2000,2161.85303
fra,2001,2192.71582
fra,2002,2449.7583
fra,2003,3006.30591
fra,2004,3458.62744
fra,2005,3575.02515
fra,2006,3811.55176
fra,2007,4312.31055
fra,2008,4807.37451
fra,2009,4737.57812
fra,2010,4592.3833
fra,2011,4931.87793
fra,2012,4644.5957
fra,2013,4893.47607
fra,2014,4982.99121
fra,2015,4201.55566
fra,2016,4257.1499
fra,2017,4402.07959
fra,2018,4657.75293
fra,2019,4491.73535
fsm,2000,168.45786
fsm,2001,190.07368
fsm,2002,178.55959
fsm,2003,219.3636
fsm,2004,270.7168
fsm,2005,417.72437
fsm,2006,257.90271
fsm,2007,272.11096
fsm,2008,304.58194
fsm,2009,341.31836
fsm,2010,378.24478
fsm,2011,393.68103
fsm,2012,384.15121
fsm,2013,363.26303
fsm,2014,348.3201
fsm,2015,361.47208
fsm,2016,395.79208
fsm,2017,402.18201
fsm,2018,417.68973
fsm,2019,415.19827
gab,2000,127.96137
gab,2001,125.87947
gab,2002,137.92825
gab,2003,174.49161
gab,2004,191.20839
gab,2005,199.66486
gab,2006,223.4991
gab,2007,267.60782
gab,2008,286.54739
gab,2009,298.6124
gab,2010,219.07191
gab,2011,276.48001
gab,2012,237.58188
gab,2013,275.09753
gab,2014,244.75702
gab,2015,196.24397
gab,2016,217.05521
gab,2017,201.05853
gab,2018,218.47528
gab,2019,215.01915
gbr,2000,2029.5249
gbr,2001,2101.83643
gbr,2002,2386.2124
gbr,2003,2796.34106
gbr,2004,3384.60522
gbr,2005,3552.64307
gbr,2006,3842.67578
gbr,2007,4450.12891
gbr,2008,4301.1167
gbr,2009,3841.87891
gbr,2010,3904.50708
gbr,2011,4156.57715
gbr,2012,4222.08496
gbr,2013,4344.66846
gbr,2014,4740.11035
gbr,2015,4477.28564
gbr,2016,4067.17578
gbr,2017,3966.05835
gbr,2018,4270.22119
gbr,2019,4312.88916
geo,2000,51.85282
geo,2001,55.22227
geo,2002,64.06044
geo,2003,77.73463
geo,2004,100.87418
geo,2005,126.44508
geo,2006,145.05231
geo,2007,186.61778
geo,2008,268.14035
geo,2009,257.06177
geo,2010,271.01666
geo,2011,296.68869
geo,2012,326.47607
geo,2013,334.68906
geo,2014,345.25598
geo,2015,275.84082
geo,2016,301.54578
geo,2017,285.9877
geo,2018,312.74692
geo,2019,291.12204
gha,2000,16.60114
gha,2001,19.6333
gha,2002,20.25616
gha,2003,23.87804
gha,2004,26.3738
gha,2005,40.99432
gha,2006,47.44152
gha,2007,56.52697
gha,2008,63.90114
gha,2009,63.79365
gha,2010,73.89851
gha,2011,98.95211
gha,2012,86.24561
gha,2013,108.43036
gha,2014,80.82214
gha,2015,80.5949
gha,2016,66.85625
gha,2017,68.02946
gha,2018,76.83074
gha,2019,75.28166
gin,2000,23.2588
gin,2001,22.10682
gin,2002,25.11639
gin,2003,25.97828
gin,2004,26.85199
gin,2005,19.99733
gin,2006,16.37117
gin,2007,22.65229
gin,2008,23.32743
gin,2009,24.11286
gin,2010,23.04637
gin,2011,24.67529
gin,2012,24.29986
gin,2013,26.61382
gin,2014,37.69288
gin,2015,44.68756
gin,2016,39.52142
gin,2017,33.49687
gin,2018,35.70617
gin,2019,43.03782
gmb,2000,50.86864
gmb,2001,42.06742
gmb,2002,40.10683
gmb,2003,32.37855
gmb,2004,35.62045
gmb,2005,38.13536
gmb,2006,41.04984
gmb,2007,44.29708
gmb,2008,50.5449
gmb,2009,43.18163
gmb,2010,43.80533
gmb,2011,41.94843
gmb,2012,38.35943
gmb,2013,27.41662
gmb,2014,27.04078
gmb,2015,20.98541
gmb,2016,25.43909
gmb,2017,28.17405
gmb,2018,35.81453
gmb,2019,29.7258
gnb,2000,21.97259
gnb,2001,22.55652
gnb,2002,21.66681
gnb,2003,25.36908
gnb,2004,33.14951
gnb,2005,34.49229
gnb,2006,33.59095
gnb,2007,38.9257
gnb,2008,46.37085
gnb,2009,41.68201
gnb,2010,38.65888
gnb,2011,46.01939
gnb,2012,38.86497
gnb,2013,47.39304
gnb,2014,66.86971
gnb,2015,53.94602
gnb,2016,58.17871
gnb,2017,56.28973
gnb,2018,61.23582
gnb,2019,62.57558
gnq,2000,41.02703
gnq,2001,58.39389
gnq,2002,73.83692
gnq,2003,108.55357
gnq,2004,138.13895
gnq,2005,163.83368
gnq,2006,195.41931
gnq,2007,250.27495
gnq,2008,421.31564
gnq,2009,308.59097
gnq,2010,314.40918
gnq,2011,336.20602
gnq,2012,274.33688
gnq,2013,382.46207
gnq,2014,425.29581
gnq,2015,328.95062
gnq,2016,290.87692
gnq,2017,286.14676
gnq,2018,310.58487
gnq,2019,254.8911
grc,2000,885.4104
grc,2001,1004.81543
grc,2002,1168.8241
grc,2003,1566.40979
grc,2004,1782.69592
grc,2005,1935.26758
grc,2006,2052.87549
grc,2007,2426.75952
grc,2008,2840.50854
grc,2009,2809.05957
grc,2010,2564.36938
grc,2011,2338.91504
grc,2012,1948.24854
grc,2013,1813.87793
grc,2014,1705.1145
grc,2015,1452.052
grc,2016,1488.19812
grc,2017,1505.94592
grc,2018,1572.6842
grc,2019,1500.59497
grd,2000,270.98392
grd,2001,283.47583
grd,2002,322.0144
grd,2003,300.3642
grd,2004,308.14841
grd,2005,341.89975
grd,2006,340.39716
grd,2007,377.75787
grd,2008,421.8443
grd,2009,396.14377
grd,2010,393.33411
grd,2011,423.11542
grd,2012,433.50952
grd,2013,438.27972
grd,2014,399.53253
grd,2015,422.72177
grd,2016,427.35168
grd,2017,472.76404
grd,2018,479.81177
grd,2019,534.27441
gtm,2000,83.95554
gtm,2001,100.39343
gtm,2002,107.95599
gtm,2003,113.6129
gtm,2004,122.26273
gtm,2005,132.33414
gtm,2006,148.71378
gtm,2007,158.33392
gtm,2008,174.77887
gtm,2009,168.18478
gtm,2010,173.75179
gtm,2011,189.2429
gtm,2012,198.46655
gtm,2013,196.13559
gtm,2014,213.94275
gtm,2015,229.8062
gtm,2016,241.78253
gtm,2017,259.91251
gtm,2018,259.62018
gtm,2019,271.02127
guy,2000,63.88975
guy,2001,61.65348
guy,2002,66.68852
guy,2003,69.84245
guy,2004,76.36301
guy,2005,87.04457
guy,2006,100.0065
guy,2007,127.54288
guy,2008,140.14713
guy,2009,151.09639
guy,2010,162.66496
guy,2011,184.65996
guy,2012,199.45345
guy,2013,208.71324
guy,2014,213.44785
guy,2015,224.33635
guy,2016,233.52495
guy,2017,264.54227
guy,2018,301.44827
guy,2019,325.88516
hnd,2000,68.51775
hnd,2001,67.19782
hnd,2002,70.81792
hnd,2003,79.79922
hnd,2004,83.47967
hnd,2005,98.11773
hnd,2006,112.44801
hnd,2007,127.98851
hnd,2008,149.64786
hnd,2009,161.00055
hnd,2010,166.16116
hnd,2011,183.60168
hnd,2012,185.62592
hnd,2013,178.24165
hnd,2014,174.59979
hnd,2015,172.29205
hnd,2016,180.16776
hnd,2017,171.51489
hnd,2018,180.8898
hnd,2019,187.55434
hrv,2000,371.06213
hrv,2001,388.32489
hrv,2002,386.44409
hrv,2003,512.1521
hrv,2004,634.6203
hrv,2005,727.13104
hrv,2006,816.01703
hrv,2007,1041.03442
hrv,2008,1258.87244
hrv,2009,1187.54529
hrv,2010,1126.37366
hrv,2011,1132.4989
hrv,2012,1029.97119
hrv,2013,889.94452
hrv,2014,909.37164
hrv,2015,795.52081
hrv,2016,840.90503
hrv,2017,902.62524
hrv,2018,1014.22235
hrv,2019,1040.08569
hti,2000,29.78231
hti,2001,26.9067
hti,2002,21.99155
hti,2003,18.31631
hti,2004,23.67709
hti,2005,24.89042
hti,2006,28.71922
hti,2007,37.113
hti,2008,39.96041
hti,2009,40.94066
hti,2010,54.91715
hti,2011,75.7063
hti,2012,73.75851
hti,2013,58.3647
hti,2014,64.02371
hti,2015,67.40188
hti,2016,59.1344
hti,2017,62.79302
hti,2018,63.13831
hti,2019,56.9944
hun,2000,313.10858
hun,2001,359.69748
hun,2002,473.12784
hun,2003,682.86566
hun,2004,798.45361
hun,2005,895.20331
hun,2006,893.203
hun,2007,1003.25818
hun,2008,1117.20227
hun,2009,943.68768
hun,2010,983.11084
hun,2011,1063.43225
hun,2012,961.13837
hun,2013,990.63116
hun,2014,1006.15649
hun,2015,870.51941
hun,2016,914.19354
hun,2017,985.79901
hun,2018,1074.01758
hun,2019,1062.39417
idn,2000,15.7236
idn,2001,17.24096
idn,2002,19.39154
idn,2003,26.05935
idn,2004,26.52275
idn,2005,34.78798
idn,2006,45.29361
idn,2007,57.1265
idn,2008,60.42225
idn,2009,63.60499
idn,2010,87.14134
idn,2011,108.90616
idn,2012,107.66364
idn,2013,103.98309
idn,2014,103.50387
idn,2015,97.42826
idn,2016,107.64949
idn,2017,111.44987
idn,2018,111.65947
idn,2019,120.12496
ind,2000,18.50239
ind,2001,19.79768
ind,2002,20.23548
ind,2003,21.9978
ind,2004,25.06458
ind,2005,27.66702
ind,2006,29.56234
ind,2007,35.85624
ind,2008,37.88212
ind,2009,38.30339
ind,2010,45.12977
ind,2011,48.6039
ind,2012,48.94622
ind,2013,56.1184
ind,2014,57.07432
ind,2015,58.9169
ind,2016,60.60255
ind,2017,57.55659
ind,2018,60.26567
ind,2019,63.74832
irl,2000,1564.8374
irl,2001,1823.73474
irl,2002,2200.35742
irl,2003,2910.93213
irl,2004,3483.16064
irl,2005,3938.19116
irl,2006,4147.13232
irl,2007,4858.64502
irl,2008,5638.7793
irl,2009,5502.8877
irl,2010,5133.45508
irl,2011,5558.29688
irl,2012,5222.04492
irl,2013,5328.5791
irl,2014,5329.98047
irl,2015,4561.38916
irl,2016,4709.16846
irl,2017,5010.25635
irl,2018,5484.22119
irl,2019,5428.58887
irn,2000,80.85905
irn,2001,94.6177
irn,2002,105.77117
irn,2003,116.6152
irn,2004,142.40454
irn,2005,174.84387
irn,2006,199.80202
irn,2007,248.38495
irn,2008,302.44983
irn,2009,371.4201
irn,2010,445.66364
irn,2011,530.71381
irn,2012,525.5849
irn,2013,418.88528
irn,2014,387.3761
irn,2015,377.83749
irn,2016,458.25818
irn,2017,481.57639
irn,2018,484.28659
irn,2019,470.4346
irq,2003,28.15368
irq,2004,53.49329
irq,2005,53.76188
irq,2006,57.49063
irq,2007,98.87437
irq,2008,140.75539
irq,2009,145.22536
irq,2010,150.45607
irq,2011,168.74902
irq,2012,183.91609
irq,2013,199.51622
irq,2014,190.69331
irq,2015,156.83722
irq,2016,159.73895
irq,2017,214.35634
irq,2018,239.41298
irq,2019,253.31464
isl,2000,2873.84814
isl,2001,2557.26953
isl,2002,3091.28833
isl,2003,3861.73608
isl,2004,4430.375
isl,2005,5111.64209
isl,2006,4986.39795
isl,2007,5926.80713
isl,2008,4851.42139
isl,2009,3652.2085
isl,2010,3589.55566
isl,2011,3860.03003
isl,2012,3705.94604
isl,2013,4029.23315
isl,2014,4474.54932
isl,2015,4280.49072
isl,2016,5068.1001
isl,2017,6144.54639
isl,2018,6565.87939
isl,2019,6274.95947
isr,2000,1513.9447
isr,2001,1559.08325
isr,2002,1403.31604
isr,2003,1433.67078
isr,2004,1488.16138
isr,2005,1555.03601
isr,2006,1593.60986
isr,2007,1799.73254
isr,2008,2144.82153
isr,2009,2039.00305
isr,2010,2234.94971
isr,2011,2437.04614
isr,2012,2402.91577
isr,2013,2678.36182
isr,2014,2819.57178
isr,2015,2670.4668
isr,2016,2818.50537
isr,2017,3118.43359
isr,2018,3329.23291
isr,2019,3456.38696
ita,2000,1524.23962
ita,2001,1586.6571
ita,2002,1762.5376
ita,2003,2163.02539
ita,2004,2565.62744
ita,2005,2677.55225
ita,2006,2832.69775
ita,2007,3092.55884
ita,2008,3504.11157
ita,2009,3337.75073
ita,2010,3217.68286
ita,2011,3392.0127
ita,2012,3086.30322
ita,2013,3149.24268
ita,2014,3154.27588
ita,2015,2675.67163
ita,2016,2699.73291
ita,2017,2809.72144
ita,2018,3000.71094
ita,2019,2905.5
jam,2000,191.47247
jam,2001,177.26375
jam,2002,171.27206
jam,2003,146.88263
jam,2004,179.3847
jam,2005,186.54173
jam,2006,182.25623
jam,2007,246.01036
jam,2008,276.53769
jam,2009,223.1118
jam,2010,249.08258
jam,2011,267.73898
jam,2012,254.50778
jam,2013,247.21297
jam,2014,249.72156
jam,2015,276.05673
jam,2016,276.1369
jam,2017,311.73264
jam,2018,319.87717
jam,2019,327.40353
jor,2000,159.14764
jor,2001,170.04581
jor,2002,174.0002
jor,2003,171.04767
jor,2004,184.51149
jor,2005,193.50096
jor,2006,202.44814
jor,2007,227.05791
jor,2008,293.36459
jor,2009,328.34686
jor,2010,305.29361
jor,2011,313.93478
jor,2012,305.71707
jor,2013,289.82498
jor,2014,297.8349
jor,2015,310.68472
jor,2016,298.80917
jor,2017,337.7554
jor,2018,335.21057
jor,2019,334.04422
jpn,2000,2740.6748
jpn,2001,2479.81152
jpn,2002,2404.64648
jpn,2003,2642.22705
jpn,2004,2875.93359
jpn,2005,2883.30005
jpn,2006,2754.37744
jpn,2007,2772.69702
jpn,2008,3213.69556
jpn,2009,3686.1543
jpn,2010,4060.49097
jpn,2011,5087.35645
jpn,2012,5212.18359
jpn,2013,4336.10693
jpn,2014,4099.28027
jpn,2015,3733.37646
jpn,2016,4174.42236
jpn,2017,4121.03662
jpn,2018,4256.0957
jpn,2019,4360.47363
kaz,2000,50.99633
kaz,2001,51.56955
kaz,2002,59.46536
kaz,2003,76.02937
kaz,2004,112.7057
kaz,2005,144.7014
kaz,2006,177.00896
kaz,2007,180.50116
kaz,2008,256.54428
kaz,2009,251.49954
kaz,2010,249.26892
kaz,2011,303.98087
kaz,2012,377.12729
kaz,2013,370.09402
kaz,2014,380.6601
kaz,2015,319.04993
kaz,2016,263.48373
kaz,2017,281.61777
kaz,2018,275.85461
kaz,2019,272.96524
ken,2000,20.5172
ken,2001,21.25756
ken,2002,21.68993
ken,2003,25.03597
ken,2004,27.09414
ken,2005,30.47352
ken,2006,40.28915
ken,2007,49.51649
ken,2008,54.57352
ken,2009,54.56043
ken,2010,58.21166
ken,2011,56.46788
ken,2012,63.82014
ken,2013,66.80594
ken,2014,71.83387
ken,2015,69.77668
ken,2016,72.51428
ken,2017,65.11085
ken,2018,73.54043
ken,2019,83.41163
kgz,2000,12.29037
kgz,2001,13.16162
kgz,2002,14.77256
kgz,2003,22.32097
kgz,2004,27.23155
kgz,2005,36.11393
kgz,2006,45.97068
kgz,2007,50.84463
kgz,2008,63.82301
kgz,2009,60.65093
kgz,2010,61.45378
kgz,2011,79.82954
kgz,2012,99.98524
kgz,2013,104.78458
kgz,2014,94.01565
kgz,2015,80.11973
kgz,2016,71.92368
kgz,2017,76.98123
kgz,2018,65.73706
kgz,2019,62.14478
khm,2000,19.73248
khm,2001,22.5629
khm,2002,24.55883
khm,2003,25.21897
khm,2004,28.98139
khm,2005,32.49567
khm,2006,33.0271
khm,2007,30.96166
khm,2008,49.21836
khm,2009,55.96895
khm,2010,54.29156
khm,2011,66.20181
khm,2012,69.04489
khm,2013,71.99204
khm,2014,73.2815
khm,2015,72.034
khm,2016,77.65437
khm,2017,79.27455
khm,2018,92.90359
khm,2019,113.31044
kir,2000,68.88992
kir,2001,90.62193
kir,2002,98.50438
kir,2003,108.2701
kir,2004,140.2952
kir,2005,139.9231
kir,2006,134.90601
kir,2007,156.48007
kir,2008,200.8367
kir,2009,176.54558
kir,2010,139.49522
kir,2011,148.8027
kir,2012,154.00323
kir,2013,162.52477
kir,2014,162.96077
kir,2015,123.3464
kir,2016,147.77731
kir,2017,175.06552
kir,2018,202.2019
kir,2019,172.30574
kna,2000,458.55939
kna,2001,451.68024
kna,2002,473.88654
kna,2003,487.4155
kna,2004,491.52451
kna,2005,551.97992
kna,2006,678.22388
kna,2007,692.07739
kna,2008,856.41272
kna,2009,842.46271
kna,2010,828.48224
kna,2011,872.81146
kna,2012,829.82159
kna,2013,877.50299
kna,2014,891.93127
kna,2015,958.0849
kna,2016,1059.45752
kna,2017,1072.09656
kna,2018,1004.72302
kna,2019,1087.80103
kor,2000,474.23624
kor,2001,508.36133
kor,2002,544.03717
kor,2003,644.13214
kor,2004,717.29193
kor,2005,886.28741
kor,2006,1064.65271
kor,2007,1223.01843
kor,2008,1151.71606
kor,2009,1105.79053
kor,2010,1365.91284
kor,2011,1512.53271
kor,2012,1565.65601
kor,2013,1700.95288
kor,2014,1899.13892
kor,2015,1919.03735
kor,2016,2033.8512
kor,2017,2257.51758
kor,2018,2543.59644
kor,2019,2624.5332
kwt,2000,406.41135
kwt,2001,528.69751
kwt,2002,557.56757
kwt,2003,611.35742
kwt,2004,636.68396
kwt,2005,716.55084
kwt,2006,779.2583
kwt,2007,882.07135
kwt,2008,1067.61731
kwt,2009,1016.60938
kwt,2010,1033.38379
kwt,2011,1134.39294
kwt,2012,1212.57043
kwt,2013,1228.76709
kwt,2014,1285.00769
kwt,2015,1259.18457
kwt,2016,1308.1062
kwt,2017,1384.57825
kwt,2018,1733.80908
kwt,2019,1758.67419
lao,2000,14.38795
lao,2001,14.7659
lao,2002,13.18179
lao,2003,17.97391
lao,2004,16.57515
lao,2005,17.68592
lao,2006,19.61175
lao,2007,25.2152
lao,2008,27.20223
lao,2009,36.25553
lao,2010,34.9944
lao,2011,27.4564
lao,2012,32.84053
lao,2013,43.96372
lao,2014,45.96819
lao,2015,52.50928
lao,2016,54.87628
lao,2017,61.99768
lao,2018,57.70953
lao,2019,68.22131
lbn,2000,479.60199
lbn,2001,459.46579
lbn,2002,418.0903
lbn,2003,385.02695
lbn,2004,370.42245
lbn,2005,345.35742
lbn,2006,400.70999
lbn,2007,445.77625
lbn,2008,477.75702
lbn,2009,515.38916
lbn,2010,577.35938
lbn,2011,627.64221
lbn,2012,556.73999
lbn,2013,560.36951
lbn,2014,577.87903
lbn,2015,566.79968
lbn,2016,603.61847
lbn,2017,606.8374
lbn,2018,695.05878
lbn,2019,663.05109
lbr,2000,13.01917
lbr,2001,10.75422
lbr,2002,9.0524
lbr,2003,8.48155
lbr,2004,26.1755
lbr,2005,28.49938
lbr,2006,28.3088
lbr,2007,41.98615
lbr,2008,41.8951
lbr,2009,44.32735
lbr,2010,45.36039
lbr,2011,54.93714
lbr,2012,56.66407
lbr,2013,59.36724
lbr,2014,65.25737
lbr,2015,73.45074
lbr,2016,69.98904
lbr,2017,64.49088
lbr,2018,61.2219
lbr,2019,52.56287
lby,2000,244.675
lby,2001,253.90991
lby,2002,180.98595
lby,2003,189.68851
lby,2004,201.76945
lby,2005,212.05681
lby,2006,234.78423
lby,2007,275.47913
lby,2008,321.21362
lby,2009,355.18661
lby,2010,399.01917
lby,2011,309.87866
lca,2000,289.2843
lca,2001,288.75674
lca,2002,304.02979
lca,2003,322.10931
lca,2004,314.05533
lca,2005,337.52008
lca,2006,392.91214
lca,2007,439.90485
lca,2008,427.18515
lca,2009,426.18546
lca,2010,430.23776
lca,2011,461.78833
lca,2012,454.57471
lca,2013,482.43463
lca,2014,468.12479
lca,2015,462.40115
lca,2016,509.01566
lca,2017,514.55823
lca,2018,501.52756
lca,2019,502.1817
lka,2000,43.71691
lka,2001,41.3237
lka,2002,42.84845
lka,2003,42.36934
lka,2004,50.92407
lka,2005,57.30347
lka,2006,65.39843
lka,2007,73.72817
lka,2008,92.90745
lka,2009,100.32187
lka,2010,108.27518
lka,2011,118.97397
lka,2012,113.44898
lka,2013,137.64352
lka,2014,137.67101
lka,2015,149.96318
lka,2016,151.47502
lka,2017,148.78862
lka,2018,162.1084
lka,2019,160.69696
lso,2000,23.37423
lso,2001,27.73781
lso,2002,23.51197
lso,2003,31.494
lso,2004,40.47373
lso,2005,40.7688
lso,2006,48.55777
lso,2007,65.21095
lso,2008,68.66408
lso,2009,80.8466
lso,2010,97.6808
lso,2011,125.72116
lso,2012,117.28894
lso,2013,115.78518
lso,2014,113.33662
lso,2015,104.15738
lso,2016,89.53188
lso,2017,110.86827
lso,2018,124.68973
lso,2019,124.19363
ltu,2000,217.17613
ltu,2001,218.81802
ltu,2002,254.36688
ltu,2003,338.86307
ltu,2004,366.95969
ltu,2005,438.93268
ltu,2006,536.05737
ltu,2007,704.29315
ltu,2008,936.50934
ltu,2009,864.73639
ltu,2010,805.22449
ltu,2011,925.47162
ltu,2012,896.93707
ltu,2013,958.92719
ltu,2014,1021.23297
ltu,2015,920.19977
ltu,2016,988.52795
ltu,2017,1083.30334
ltu,2018,1249.03101
ltu,2019,1369.97949
lux,2000,2901.19995
lux,2001,3109.20142
lux,2002,3600.86743
lux,2003,4607.40283
lux,2004,5610.35352
lux,2005,5818.146
lux,2006,6070.73584
lux,2007,6671.26514
lux,2008,7578.74951
lux,2009,7670.59375
lux,2010,7459.83545
lux,2011,7174.73926
lux,2012,6029.4751
lux,2013,6356.64453
lux,2014,6547.03467
lux,2015,5421.93213
lux,2016,5475.13965
lux,2017,5713.11865
lux,2018,6227.08398
lux,2019,6220.74121
lva,2000,181.57072
lva,2001,205.02048
lva,2002,237.29517
lva,2003,280.50879
lva,2004,393.29807
lva,2005,440.80975
lva,2006,552.30157
lva,2007,775.19153
lva,2008,913.52148
lva,2009,744.66162
lva,2010,689.07721
lva,2011,764.59174
lva,2012,745.51746
lva,2013,807.13
lva,2014,856.76654
lva,2015,775.86432
lva,2016,874.79773
lva,2017,932.50159
lva,2018,1101.49255
lva,2019,1166.79785
mar,2000,53.68618
mar,2001,55.94983
mar,2002,63.52367
mar,2003,79.60365
mar,2004,93.63454
mar,2005,97.53406
mar,2006,110.1038
mar,2007,137.54327
mar,2008,155.53877
mar,2009,169.95036
mar,2010,169.00949
mar,2011,177.28041
mar,2012,169.95767
mar,2013,180.20198
mar,2014,169.92953
mar,2015,147.85619
mar,2016,154.11241
mar,2017,161.36484
mar,2018,174.78185
mar,2019,174.22377
mco,2000,1408.09424
mco,2001,1431.13391
mco,2002,1560.80945
mco,2003,2214.79492
mco,2004,2570.47681
mco,2005,2628.36108
mco,2006,2706.86279
mco,2007,3039.25659
mco,2008,3573.77271
mco,2009,3523.40356
mco,2010,3509.56616
mco,2011,3677.65063
mco,2012,3520.15454
mco,2013,3818.14014
mco,2014,3947.6792
mco,2015,3366.15015
mco,2016,2765.32959
mco,2017,2751.86694
mco,2018,2968.84912
mco,2019,2905.84375
mda,2000,21.37988
mda,2001,25.39859
mda,2002,33.92424
mda,2003,38.43837
mda,2004,64.60715
mda,2005,79.33213
mda,2006,100.10816
mda,2007,135.44366
mda,2008,185.56116
mda,2009,208.53004
mda,2010,198.28894
mda,2011,214.98247
mda,2012,223.61896
mda,2013,231.66229
mda,2014,230.76982
mda,2015,186.43643
mda,2016,171.18477
mda,2017,243.9454
mda,2018,276.47144
mda,2019,284.30713
mdg,2000,13.12315
mdg,2001,15.91025
mdg,2002,15.8686
mdg,2003,17.50808
mdg,2004,14.94955
mdg,2005,16.62432
mdg,2006,17.19595
mdg,2007,19.71443
mdg,2008,22.02349
mdg,2009,20.65012
mdg,2010,21.95084
mdg,2011,23.57986
mdg,2012,19.80638
mdg,2013,20.2303
mdg,2014,23.50833
mdg,2015,23.23208
mdg,2016,25.02087
mdg,2017,24.96243
mdg,2018,22.33701
mdg,2019,19.84998
mdv,2000,221.92073
mdv,2001,230.17087
mdv,2002,247.30165
mdv,2003,235.61952
mdv,2004,294.9519
mdv,2005,321.31842
mdv,2006,387.12332
mdv,2007,462.99023
mdv,2008,758.711
mdv,2009,669.81024
mdv,2010,600.64435
mdv,2011,577.66296
mdv,2012,630.14252
mdv,2013,645.06055
mdv,2014,672.11963
mdv,2015,785.03162
mdv,2016,946.81116
mdv,2017,885.08429
mdv,2018,786.43768
mdv,2019,854.37061
mex,2000,318.46152
mex,2001,363.67358
mex,2002,385.09851
mex,2003,411.42242
mex,2004,445.62039
mex,2005,483.09537
mex,2006,512.83319
mex,2007,556.04028
mex,2008,570.83051
mex,2009,490.56586
mex,2010,531.88947
mex,2011,563.10895
mex,2012,580.21838
mex,2013,623.05157
mex,2014,606.92981
mex,2015,550.34003
mex,2016,485.62418
mex,2017,506.89233
mex,2018,521.0083
mex,2019,540.37231
mhl,2000,431.56458
mhl,2001,387.95535
mhl,2002,362.42953
mhl,2003,351.17676
mhl,2004,421.32974
mhl,2005,544.32977
mhl,2006,560.80322
mhl,2007,477.05157
mhl,2008,462.47614
mhl,2009,438.07611
mhl,2010,449.94284
mhl,2011,454.55557
mhl,2012,471.68713
mhl,2013,491.75623
mhl,2014,475.43707
mhl,2015,545.72125
mhl,2016,604.849
mhl,2017,587.08368
mhl,2018,646.1723
mhl,2019,664.31848
mkd,2000,164.47365
mkd,2001,152.15872
mkd,2002,175.03603
mkd,2003,217.21655
mkd,2004,233.99182
mkd,2005,233.10674
mkd,2006,245.67073
mkd,2007,265.3627
mkd,2008,314.14532
mkd,2009,296.66541
mkd,2010,305.2323
mkd,2011,329.95044
mkd,2012,310.77499
mkd,2013,350.2099
mkd,2014,343.87866
mkd,2015,306.9151
mkd,2016,327.49136
mkd,2017,358.30688
mkd,2018,399.09708
mkd,2019,436.88718
mli,2000,14.78874
mli,2001,13.9068
mli,2002,16.81324
mli,2003,19.86939
mli,2004,23.0078
mli,2005,25.40553
mli,2006,28.53667
mli,2007,31.38578
mli,2008,35.1592
mli,2009,36.67557
mli,2010,33.23125
mli,2011,33.62853
mli,2012,29.21527
mli,2013,31.93978
mli,2014,38.01743
mli,2015,30.89646
mli,2016,29.4628
mli,2017,30.49655
mli,2018,33.39861
mli,2019,34.28178
mlt,2000,647.1015
mlt,2001,685.98401
mlt,2002,830.6463
mlt,2003,1074.09314
mlt,2004,1223.85742
mlt,2005,1379.6864
mlt,2006,1474.4845
mlt,2007,1596.12317
mlt,2008,1751.16504
mlt,2009,1677.3623
mlt,2010,1733.66882
mlt,2011,1960.06116
mlt,2012,1898.60144
mlt,2013,2121.08228
mlt,2014,2456.43481
mlt,2015,2243.46704
mlt,2016,2321.15332
mlt,2017,2551.71606
mlt,2018,2753.51099
mlt,2019,2531.91089
mmr,2000,4.33537
mmr,2001,4.48455
mmr,2002,6.86361
mmr,2003,6.37247
mmr,2004,6.79912
mmr,2005,7.41624
mmr,2006,8.21359
mmr,2007,9.61487
mmr,2008,14.25487
mmr,2009,18.11137
mmr,2010,19.60237
mmr,2011,26.56099
mmr,2012,36.11348
mmr,2013,36.5303
mmr,2014,52.62076
mmr,2015,61.70107
mmr,2016,57.93582
mmr,2017,57.85927
mmr,2018,59.20605
mmr,2019,60.01587
mne,2011,578.4375
mne,2012,541.67297
mne,2013,603.71411
mne,2014,585.79004
mne,2015,583.2915
mne,2016,601.9787
mne,2017,616.28491
mne,2018,731.48108
mne,2019,735.15887
mng,2000,27.00856
mng,2001,26.48762
mng,2002,29.65745
mng,2003,26.508
mng,2004,33.17297
mng,2005,37.50867
mng,2006,50.02914
mng,2007,66.53733
mng,2008,97.36169
mng,2009,76.45706
mng,2010,98.8448
mng,2011,134.75063
mng,2012,167.76242
mng,2013,177.53171
mng,2014,173.68382
mng,2015,166.08276
mng,2016,161.9086
mng,2017,146.96208
mng,2018,159.37991
mng,2019,163.44186
moz,2000,7.08692
moz,2001,8.61284
moz,2002,10.0179
moz,2003,11.0712
moz,2004,14.0747
moz,2005,18.23711
moz,2006,17.79966
moz,2007,18.95361
moz,2008,23.89216
moz,2009,27.0814
moz,2010,25.66654
moz,2011,29.74784
moz,2012,34.50272
moz,2013,40.67848
moz,2014,42.67788
moz,2015,39.61872
moz,2016,30.76437
moz,2017,35.80191
moz,2018,40.72651
moz,2019,39.46094
mrt,2000,22.85624
mrt,2001,23.07802
mrt,2002,25.60134
mrt,2003,28.94957
mrt,2004,30.71714
mrt,2005,33.04817
mrt,2006,34.0396
mrt,2007,39.03686
mrt,2008,47.59681
mrt,2009,43.21328
mrt,2010,42.46692
mrt,2011,46.5024
mrt,2012,48.08863
mrt,2013,54.26546
mrt,2014,58.04792
mrt,2015,55.98909
mrt,2016,47.58858
mrt,2017,52.6654
mrt,2018,57.29695
mrt,2019,57.88485
mus,2000,118.97707
mus,2001,119.46854
mus,2002,135.94144
mus,2003,162.00185
mus,2004,189.9288
mus,2005,197.67505
mus,2006,209.14854
mus,2007,235.85057
mus,2008,321.81631
mus,2009,310.15561
mus,2010,367.12079
mus,2011,396.61215
mus,2012,398.12189
mus,2013,452.45566
mus,2014,559.44458
mus,2015,529.16138
mus,2016,553.21362
mus,2017,609.16852
mus,2018,656.6225
mus,2019,685.94562
mwi,2000,7.47428
mwi,2001,6.1908
mwi,2002,11.26799
mwi,2003,12.50175
mwi,2004,16.20174
mwi,2005,17.5326
mwi,2006,21.31405
mwi,2007,25.4615
mwi,2008,33.32745
mwi,2009,36.23828
mwi,2010,34.66257
mwi,2011,40.08782
mwi,2012,33.2003
mwi,2013,40.34523
mwi,2014,36.0578
mwi,2015,35.6838
mwi,2016,34.72794
mwi,2017,38.38742
mwi,2018,37.43349
mwi,2019,30.40029
mys,2000,110.7466
mys,2001,114.03215
mys,2002,121.08184
mys,2003,142.10138
mys,2004,154.26685
mys,2005,163.095
mys,2006,202.20087
mys,2007,232.95891
mys,2008,266.91223
mys,2009,249.09537
mys,2010,290.17661
mys,2011,349.58545
mys,2012,379.36548
mys,2013,390.82794
mys,2014,425.9501
mys,2015,380.11032
mys,2016,361.85446
mys,2017,380.01523
mys,2018,426.4686
mys,2019,436.61203
nam,2000,209.92296
nam,2001,185.40504
nam,2002,176.70792
nam,2003,259.25113
nam,2004,352.80942
nam,2005,380.74908
nam,2006,410.65448
nam,2007,466.23529
nam,2008,412.39468
nam,2009,383.76633
nam,2010,517.32819
nam,2011,562.71509
nam,2012,550.65063
nam,2013,488.76593
nam,2014,459.9603
nam,2015,488.73566
nam,2016,423.88663
nam,2017,468.04056
nam,2018,464.48407
nam,2019,427.25623
ner,2000,9.24823
ner,2001,9.8859
ner,2002,11.05829
ner,2003,12.78418
ner,2004,14.3079
ner,2005,18.20683
ner,2006,19.47831
ner,2007,20.97223
ner,2008,24.93085
ner,2009,24.66653
ner,2010,23.88656
ner,2011,24.93052
ner,2012,22.76793
ner,2013,24.63416
ner,2014,25.06328
ner,2015,25.88834
ner,2016,22.5723
ner,2017,28.87143
ner,2018,30.26614
ner,2019,31.39764
nga,2000,17.734
nga,2001,18.60057
nga,2002,18.20249
nga,2003,39.43844
nga,2004,44.63316
nga,2005,54.55795
nga,2006,66.54981
nga,2007,70.07374
nga,2008,81.22611
nga,2009,69.00755
nga,2010,76.75748
nga,2011,84.46363
nga,2012,92.61082
nga,2013,102.55454
nga,2014,107.90875
nga,2015,97.80263
nga,2016,79.37476
nga,2017,73.88726
nga,2018,66.54565
nga,2019,71.46573
nic,2000,52.80468
nic,2001,57.04566
nic,2002,57.37988
nic,2003,61.1776
nic,2004,65.40617
nic,2005,72.34895
nic,2006,77.98773
nic,2007,92.37856
nic,2008,107.452
nic,2009,111.01232
nic,2010,115.95103
nic,2011,123.35499
nic,2012,131.83006
nic,2013,138.38568
nic,2014,154.28339
nic,2015,163.22993
nic,2016,169.63403
nic,2017,180.00311
nic,2018,173.49384
nic,2019,160.75879
nld,2000,2028.15991
nld,2001,2175.73267
nld,2002,2544.80908
nld,2003,3244.35571
nld,2004,3689.42993
nld,2005,3823.50146
nld,2006,4080.23242
nld,2007,4696.13818
nld,2008,5382.47217
nld,2009,5282.73584
nld,2010,5191.72803
nld,2011,5562.09619
nld,2012,5284.68652
nld,2013,5532.68701
nld,2014,5601.90234
nld,2015,4676.56201
nld,2016,4753.67432
nld,2017,4934.5752
nld,2018,5336.98438
nld,2019,5335.30127
nor,2000,2948.93164
nor,2001,3099.00342
nor,2002,3889.95947
nor,2003,4632.56836
nor,2004,5097.34424
nor,2005,5584.68945
nor,2006,5892.9873
nor,2007,6895.56055
nor,2008,7768.05029
nor,2009,7301.95996
nor,2010,7859.51611
nor,2011,8900.37207
nor,2012,8970.12012
nor,2013,9241.26562
nor,2014,9118.31738
nor,2015,7565.5498
nor,2016,7496.76855
nor,2017,7815.78662
nor,2018,8271.8584
nor,2019,8007.39795
npl,2000,8.55345
npl,2001,10.52144
npl,2002,10.71954
npl,2003,11.33716
npl,2004,13.22839
npl,2005,14.45739
npl,2006,13.94222
npl,2007,17.4027
npl,2008,19.09256
npl,2009,21.09091
npl,2010,29.98281
npl,2011,34.68227
npl,2012,34.33007
npl,2013,36.02222
npl,2014,43.1695
npl,2015,47.88754
npl,2016,48.31942
npl,2017,50.31081
npl,2018,51.13628
npl,2019,53.2464
nru,2000,456.17258
nru,2001,346.12976
nru,2002,298.30621
nru,2003,275.37775
nru,2004,219.687
nru,2005,335.60724
nru,2006,371.06354
nru,2007,597.42859
nru,2008,819.35687
nru,2009,579.85278
nru,2010,628.58972
nru,2011,673.3822
nru,2012,884.7608
nru,2013,856.94183
nru,2014,793.54376
nru,2015,1033.64709
nru,2016,1045.15527
nru,2017,1215.30481
nru,2018,967.13873
nru,2019,1049.44702
nzl,2000,1053.8916
nzl,2001,1049.3761
nzl,2002,1246.31348
nzl,2003,1610.93762
nzl,2004,1983.65881
nzl,2005,2295.17798
nzl,2006,2301.89185
nzl,2007,2699.41284
nzl,2008,2839.17896
nzl,2009,2700.97705
nzl,2010,3216.22363
nzl,2011,3625.77246
nzl,2012,3805.97168
nzl,2013,3954.66699
nzl,2014,4143.78809
nzl,2015,3582.27295
nzl,2016,3746.47681
nzl,2017,3940.39038
nzl,2018,4037.46289
nzl,2019,4211.04639
omn,2000,263.51752
omn,2001,261.31638
omn,2002,274.37961
omn,2003,287.66351
omn,2004,301.33011
omn,2005,320.21219
omn,2006,333.23526
omn,2007,384.20871
omn,2008,445.49792
omn,2009,476.1199
omn,2010,529.08093
omn,2011,533.03204
omn,2012,559.01855
omn,2013,584.1394
omn,2014,710.04163
omn,2015,695.19116
omn,2016,636.89014
omn,2017,600.79108
omn,2018,677.96423
omn,2019,624.74445
pak,2000,15.5819
pak,2001,13.5852
pak,2002,15.18974
pak,2003,14.45083
pak,2004,15.63452
pak,2005,19.88389
pak,2006,24.99266
pak,2007,28.44917
pak,2008,25.72966
pak,2009,24.05053
pak,2010,25.256
pak,2011,27.06708
pak,2012,27.04106
pak,2013,29.97559
pak,2014,34.69662
pak,2015,35.98087
pak,2016,39.42575
pak,2017,42.25716
pak,2018,42.87313
pak,2019,39.49929
pan,2000,285.20233
pan,2001,281.00452
pan,2002,291.95364
pan,2003,286.98505
pan,2004,326.21091
pan,2005,304.478
pan,2006,350.74438
pan,2007,427.22873
pan,2008,489.81595
pan,2009,530.07056
pan,2010,572.61371
pan,2011,616.99951
pan,2012,703.82843
pan,2013,790.77667
pan,2014,885.66425
pan,2015,928.09674
pan,2016,1050.24365
pan,2017,1046.33679
pan,2018,1131.66016
pan,2019,1192.8208
per,2000,84.07586
per,2001,89.91749
per,2002,98.33521
per,2003,98.09125
per,2004,106.03347
per,2005,124.29226
per,2006,137.21992
per,2007,159.65781
per,2008,192.47826
per,2009,209.96013
per,2010,241.9287
per,2011,264.88504
per,2012,309.84738
per,2013,323.16553
per,2014,334.68732
per,2015,312.72171
per,2016,313.51718
per,2017,334.82333
per,2018,365.86383
per,2019,370.10995
phl,2000,32.77545
phl,2001,28.20891
phl,2002,27.33049
phl,2003,32.24338
phl,2004,34.17015
phl,2005,46.57012
phl,2006,54.86776
phl,2007,65.47948
phl,2008,77.18697
phl,2009,79.30064
phl,2010,91.6056
phl,2011,98.64658
phl,2012,112.54361
phl,2013,122.72746
phl,2014,109.59982
phl,2015,116.98882
phl,2016,121.55832
phl,2017,123.69383
phl,2018,128.58249
phl,2019,142.07877
plw,2000,678.14368
plw,2001,639.46069
plw,2002,665.66986
plw,2003,701.31958
plw,2004,828.78088
plw,2005,873.77191
plw,2006,934.9093
plw,2007,1003.27795
plw,2008,1000.24548
plw,2009,1037.08777
plw,2010,1183.16675
plw,2011,1176.57581
plw,2012,1392.04858
plw,2013,1535.45105
plw,2014,1678.01208
plw,2015,1805.98584
plw,2016,2031.47278
plw,2017,1947.85327
plw,2018,1726.66125
plw,2019,2355.6958
png,2000,17.84069
png,2001,17.44826
png,2002,19.96474
png,2003,21.63472
png,2004,25.62973
png,2005,27.67082
png,2006,30.4943
png,2007,33.94054
png,2008,35.72152
png,2009,37.88201
png,2010,41.08379
png,2011,55.2144
png,2012,74.42443
png,2013,81.82161
png,2014,95.54538
png,2015,48.73185
png,2016,58.48953
png,2017,60.09676
png,2018,63.48856
png,2019,65.08072
pol,2000,238.00449
pol,2001,282.82104
pol,2002,315.83145
pol,2003,339.33521
pol,2004,392.00339
pol,2005,465.7002
pol,2006,524.09747
pol,2007,660.92468
pol,2008,892.59686
pol,2009,759.60577
pol,2010,809.1994
pol,2011,866.09467
pol,2012,815.14185
pol,2013,878.0885
pol,2014,911.29816
pol,2015,803.95966
pol,2016,813.47278
pol,2017,909.57819
pol,2018,978.73566
pol,2019,1014.03821
prt,2000,995.3421
prt,2001,1015.54968
prt,2002,1139.40295
prt,2003,1443.37793
prt,2004,1723.74402
prt,2005,1814.35449
prt,2006,1857.64514
prt,2007,2112.52881
prt,2008,2391.9812
prt,2009,2346.54199
prt,2010,2259.30371
prt,2011,2255.96924
prt,2012,1980.01868
prt,2013,2030.63013
prt,2014,2059.92651
prt,2015,1790.53406
prt,2016,1875.24219
prt,2017,1998.0647
prt,2018,2216.30664
prt,2019,2221.43921
pry,2000,100.12653
pry,2001,87.7708
pry,2002,61.8907
pry,2003,67.00152
pry,2004,82.83692
pry,2005,89.03581
pry,2006,114.00064
pry,2007,149.45033
pry,2008,203.91345
pry,2009,200.37648
pry,2010,237.33458
pry,2011,310.11441
pry,2012,338.66455
pry,2013,360.03497
pry,2014,405.47244
pry,2015,362.27139
pry,2016,355.44809
pry,2017,375.31781
pry,2018,390.04764
pry,2019,388.39325
qat,2000,602.11584
qat,2001,659.98407
qat,2002,742.26904
qat,2003,1218.35242
qat,2004,1295.11182
qat,2005,1321.93945
qat,2006,1311.67603
qat,2007,1290.98694
qat,2008,1283.84924
qat,2009,1270.24854
qat,2010,1206.00305
qat,2011,1318.52197
qat,2012,1487.32019
qat,2013,1765.82837
qat,2014,2031.83813
qat,2015,1891.78418
qat,2016,1856.35571
qat,2017,1760.47888
qat,2018,1730.18188
qat,2019,1807.15393
rou,2000,69.89346
rou,2001,78.81754
rou,2002,96.57699
rou,2003,143.54553
rou,2004,190.79506
rou,2005,254.52962
rou,2006,291.00409
rou,2007,415.0679
rou,2008,521.31561
rou,2009,449.37692
rou,2010,472.20752
rou,2011,426.59973
rou,2012,401.67105
rou,2013,495.23624
rou,2014,503.34753
rou,2015,442.24039
rou,2016,476.24506
rou,2017,555.1131
rou,2018,687.15411
rou,2019,738.55817
rus,2000,95.41206
rus,2001,118.10949
rus,2002,140.75539
rus,2003,164.64774
rus,2004,209.1971
rus,2005,271.88461
rus,2006,352.55194
rus,2007,461.50531
rus,2008,609.16022
rus,2009,515.85449
rus,2010,566.09088
rus,2011,682.66058
rus,2012,757.04456
rus,2013,807.07654
rus,2014,737.64923
rus,2015,498.05597
rus,2016,464.89777
rus,2017,579.67218
rus,2018,609.00916
rus,2019,653.41724
rwa,2000,9.32205
rwa,2001,7.92093
rwa,2002,7.30058
rwa,2003,17.31921
rwa,2004,20.55389
rwa,2005,25.63014
rwa,2006,27.9261
rwa,2007,34.48758
rwa,2008,41.12967
rwa,2009,45.26019
rwa,2010,49.31544
rwa,2011,53.0739
rwa,2012,58.79287
rwa,2013,48.98834
rwa,2014,51.92441
rwa,2015,49.98084
rwa,2016,51.84296
rwa,2017,49.34806
rwa,2018,52.29535
rwa,2019,51.39912
sau,2000,386.25922
sau,2001,387.4863
sau,2002,369.50018
sau,2003,382.39011
sau,2004,400.87582
sau,2005,471.11945
sau,2006,556.06555
sau,2007,587.97845
sau,2008,596.52649
sau,2009,691.32269
sau,2010,702.67108
sau,2011,881.39575
sau,2012,1014.69965
sau,2013,1109.50574
sau,2014,1278.97656
sau,2015,1237.3335
sau,2016,1160.05164
sau,2017,1302.76855
sau,2018,1341.51978
sau,2019,1316.26025
sdn,2000,15.23165
sdn,2001,16.5766
sdn,2002,18.30408
sdn,2003,24.73588
sdn,2004,32.12231
sdn,2005,40.80572
sdn,2006,61.0564
sdn,2007,90.58114
sdn,2008,92.22038
sdn,2009,95.33587
sdn,2010,93.45316
sdn,2011,134.80765
sdn,2012,102.54394
sdn,2013,127.16286
sdn,2014,116.93514
sdn,2015,158.89531
sdn,2016,165.85246
sdn,2017,192.60666
sdn,2018,59.51421
sdn,2019,46.92884
sen,2000,21.72434
sen,2001,23.85725
sen,2002,26.92063
sen,2003,35.73925
sen,2004,42.58594
sen,2005,36.47799
sen,2006,38.67741
sen,2007,40.89112
sen,2008,49.23476
sen,2009,50.28383
sen,2010,51.21484
sen,2011,57.59819
sen,2012,56.22807
sen,2013,60.20171
sen,2014,61.39788
sen,2015,53.43447
sen,2016,54.10781
sen,2017,54.42826
sen,2018,61.79673
sen,2019,59.09758
sgp,2000,797.29034
sgp,2001,696.61719
sgp,2002,757.19983
sgp,2003,852.96881
sgp,2004,867.51263
sgp,2005,908.94598
sgp,2006,990.8017
sgp,2007,1121.34253
sgp,2008,1295.24988
sgp,2009,1328.52478
sgp,2010,1496.776
sgp,2011,1676.00183
sgp,2012,1828.89758
sgp,2013,2078.59448
sgp,2014,2206.10742
sgp,2015,2302.59961
sgp,2016,2476.17456
sgp,2017,2625.00415
sgp,2018,2667.6748
sgp,2019,2632.71387
slb,2000,49.11305
slb,2001,63.79349
slb,2002,80.39587
slb,2003,55.79893
slb,2004,66.97503
slb,2005,91.49902
slb,2006,89.64291
slb,2007,90.48253
slb,2008,79.02152
slb,2009,100.44356
slb,2010,134.58466
slb,2011,116.64596
slb,2012,107.06631
slb,2013,107.64389
slb,2014,115.32217
slb,2015,100.5404
slb,2016,100.42022
slb,2017,98.58231
slb,2018,96.38061
slb,2019,111.90449
sle,2000,23.31109
sle,2001,25.17224
sle,2002,28.83035
sle,2003,28.85777
sle,2004,29.22133
sle,2005,32.2724
sle,2006,33.61574
sle,2007,36.16655
sle,2008,40.33549
sle,2009,43.41864
sle,2010,43.97432
sle,2011,59.54338
sle,2012,59.97775
sle,2013,82.92144
sle,2014,140.9924
sle,2015,120.91239
sle,2016,87.09646
sle,2017,46.68697
sle,2018,44.26723
sle,2019,46.15796
slv,2000,178.63193
slv,2001,182.88065
slv,2002,186.45818
slv,2003,185.73676
slv,2004,193.61168
slv,2005,204.89703
slv,2006,208.53171
slv,2007,212.8181
slv,2008,224.84251
slv,2009,240.05223
slv,2010,245.70859
slv,2011,265.99982
slv,2012,258.4769
slv,2013,270.87976
slv,2014,275.68741
slv,2015,282.74533
slv,2016,293.25803
slv,2017,282.03674
slv,2018,288.51746
slv,2019,300.05328
smr,2000,2141.73999
smr,2001,2168.83325
smr,2002,2219.18335
smr,2003,2465.88721
smr,2004,2910.73047
smr,2005,3005.06372
smr,2006,3188.14746
smr,2007,3745.04932
smr,2008,4311.38086
smr,2009,4181.43555
smr,2010,3983.75098
smr,2011,4237.54102
smr,2012,3974.92212
smr,2013,3984.1687
smr,2014,3825.48071
smr,2015,3061.56323
smr,2016,2950.00195
smr,2017,3278.89844
smr,2018,3388.47876
smr,2019,3050.91821
srb,2000,56.505
srb,2001,112.22063
srb,2002,173.25533
srb,2003,230.08865
srb,2004,274.45532
srb,2005,307.54706
srb,2006,371.50604
srb,2007,547.22723
srb,2008,671.88702
srb,2009,575.26215
srb,2010,545.3338
srb,2011,618.89423
srb,2012,559.9054
srb,2013,627.53302
srb,2014,608.85858
srb,2015,491.25177
srb,2016,486.42944
srb,2017,515.84589
srb,2018,617.08655
srb,2019,641.02502
ssd,2017,26.3813
ssd,2018,26.70324
ssd,2019,22.63819
stp,2000,56.67601
stp,2001,53.56918
stp,2002,57.76806
stp,2003,80.13927
stp,2004,80.69899
stp,2005,91.50233
stp,2006,68.26289
stp,2007,71.04098
stp,2008,78.14442
stp,2009,76.83091
stp,2010,74.93682
stp,2011,85.38583
stp,2012,86.81771
stp,2013,125.17603
stp,2014,120.00607
stp,2015,85.22421
stp,2016,109.98061
stp,2017,117.01068
stp,2018,115.01872
stp,2019,108.4464
sur,2000,168.91875
sur,2001,93.65899
sur,2002,162.9091
sur,2003,173.20464
sur,2004,221.22237
sur,2005,251.28859
sur,2006,325.91388
sur,2007,321.17236
sur,2008,347.25409
sur,2009,394.90219
sur,2010,415.2991
sur,2011,390.14078
sur,2012,422.10107
sur,2013,451.75433
sur,2014,458.5661
sur,2015,532.49725
sur,2016,351.94193
sur,2017,335.10849
sur,2018,475.03879
sur,2019,619.24713
svk,2000,203.50627
svk,2001,212.22208
svk,2002,254.12766
svk,2003,344.47336
svk,2004,511.52988
svk,2005,601.31323
svk,2006,729.01324
svk,2007,1029.30042
svk,2008,1251.67725
svk,2009,1320.09302
svk,2010,1296.54285
svk,2011,1352.43835
svk,2012,1319.43835
svk,2013,1370.46765
svk,2014,1289.34839
svk,2015,1108.87817
svk,2016,1175.59705
svk,2017,1189.07227
svk,2018,1299.91138
svk,2019,1342.07483
svn,2000,796.64703
svn,2001,826.22577
svn,2002,944.8714
svn,2003,1203.06348
svn,2004,1368.64868
svn,2005,1449.18921
svn,2006,1541.66431
svn,2007,1795.95044
svn,2008,2179.45239
svn,2009,2125.05688
svn,2010,2017.14661
svn,2011,2147.80518
svn,2012,1974.854
svn,2013,2055.38135
svn,2014,2062.38477
svn,2015,1775.86084
svn,2016,1835.40735
svn,2017,1925.03479
svn,2018,2169.5791
svn,2019,2219.10059
swe,2000,2173.19385
swe,2001,2155.85425
swe,2002,2459.09839
swe,2003,3110.19971
swe,2004,3488.17285
swe,2005,3547.6333
swe,2006,3765.39746
swe,2007,4310.32666
swe,2008,4627.56396
swe,2009,4136.17334
swe,2010,4416.14551
swe,2011,6351.2168
swe,2012,6254.44238
swe,2013,6696.87207
swe,2014,6605.91162
swe,2015,5598.68164
swe,2016,5680.72559
swe,2017,5837.77051
swe,2018,6005.06592
swe,2019,5671.38574
swz,2000,79.68417
swz,2001,78.2002
swz,2002,77.62357
swz,2003,137.04961
swz,2004,183.92892
swz,2005,227.47304
swz,2006,248.58961
swz,2007,263.86819
swz,2008,277.90585
swz,2009,292.2944
swz,2010,358.1239
swz,2011,380.85736
swz,2012,354.07364
swz,2013,315.44937
swz,2014,293.08115
swz,2015,259.51907
swz,2016,233.63515
swz,2017,273.38287
swz,2018,298.11893
swz,2019,264.05515
syc,2000,349.99097
syc,2001,407.45132
syc,2002,378.29947
syc,2003,440.71774
syc,2004,499.11707
syc,2005,516.16937
syc,2006,531.23456
syc,2007,469.32315
syc,2008,425.85474
syc,2009,362.60941
syc,2010,513.22803
syc,2011,532.08118
syc,2012,655.85162
syc,2013,641.22272
syc,2014,675.49896
syc,2015,665.63879
syc,2016,772.44891
syc,2017,777.85449
syc,2018,840.28064
syc,2019,839.77332
syr,2000,54.21873
syr,2001,58.47393
syr,2002,63.93671
syr,2003,61.29419
syr,2004,61.67289
syr,2005,63.55982
syr,2006,65.62463
syr,2007,75.41348
syr,2008,86.4169
syr,2009,90.49647
syr,2010,92.7375
syr,2011,80.71446
syr,2012,69.83011
tcd,2000,10.26314
tcd,2001,11.80954
tcd,2002,18.21107
tcd,2003,18.23924
tcd,2004,28.27807
tcd,2005,31.99307
tcd,2006,34.67247
tcd,2007,34.87197
tcd,2008,37.86498
tcd,2009,35.82933
tcd,2010,36.32339
tcd,2011,38.54949
tcd,2012,37.40947
tcd,2013,39.96809
tcd,2014,43.78315
tcd,2015,35.10715
tcd,2016,35.3942
tcd,2017,30.59851
tcd,2018,29.6988
tcd,2019,29.85083
tgo,2000,11.41869
tgo,2001,11.39704
tgo,2002,12.85666
tgo,2003,15.73219
tgo,2004,17.20272
tgo,2005,18.11136
tgo,2006,18.96888
tgo,2007,23.45941
tgo,2008,28.30802
tgo,2009,29.72832
tgo,2010,32.09547
tgo,2011,36.07161
tgo,2012,37.08804
tgo,2013,41.44555
tgo,2014,43.89038
tgo,2015,38.17872
tgo,2016,42.98861
tgo,2017,53.94797
tgo,2018,54.89327
tgo,2019,51.15503
tha,2000,62.26495
tha,2001,57.29466
tha,2002,69.90212
tha,2003,76.50911
tha,2004,83.49951
tha,2005,91.44426
tha,2006,104.44601
tha,2007,126.84956
tha,2008,151.50726
tha,2009,152.48557
tha,2010,172.09297
tha,2011,195.97273
tha,2012,206.46483
tha,2013,212.99855
tha,2014,219.29573
tha,2015,214.20657
tha,2016,224.99452
tha,2017,253.40683
tha,2018,278.63083
tha,2019,296.1651
tjk,2000,5.97125
tjk,2001,7.67241
tjk,2002,8.35374
tjk,2003,11.17182
tjk,2004,14.93279
tjk,2005,17.73143
tjk,2006,20.4357
tjk,2007,29.12305
tjk,2008,42.08819
tjk,2009,39.58186
tjk,2010,42.98645
tjk,2011,49.65073
tjk,2012,57.97858
tjk,2013,68.94046
tjk,2014,74.59781
tjk,2015,64.16711
tjk,2016,56.20223
tjk,2017,58.16766
tjk,2018,59.84312
tjk,2019,61.87225
tkm,2000,76.63774
tkm,2001,123.79407
tkm,2002,132.5186
tkm,2003,208.86752
tkm,2004,319.25836
tkm,2005,345.14273
tkm,2006,374.18311
tkm,2007,281.93478
tkm,2008,255.47665
tkm,2009,194.25381
tkm,2010,221.79845
tkm,2011,276.65042
tkm,2012,318.80362
tkm,2013,376.2168
tkm,2014,437.74582
tkm,2015,405.1261
tkm,2016,423.05988
tkm,2017,456.83914
tkm,2018,460.32407
tkm,2019,500.00644
tls,2003,14.70283
tls,2004,19.3346
tls,2005,24.51493
tls,2006,26.8082
tls,2007,29.59138
tls,2008,42.76674
tls,2009,49.46466
tls,2010,52.18966
tls,2011,64.26587
tls,2012,71.61465
tls,2013,103.27982
tls,2014,93.70612
tls,2015,102.22696
tls,2016,93.38
tls,2017,86.74797
tls,2018,93.64686
tls,2019,92.67004
ton,2000,58.27169
ton,2001,59.96764
ton,2002,68.04384
ton,2003,74.03246
ton,2004,110.70255
ton,2005,116.76342
ton,2006,159.30087
ton,2007,144.00928
ton,2008,202.76854
ton,2009,126.35308
ton,2010,177.96895
ton,2011,169.75525
ton,2012,226.49686
ton,2013,183.22534
ton,2014,226.12746
ton,2015,187.38377
ton,2016,209.99269
ton,2017,230.63097
ton,2018,234.99318
ton,2019,242.37277
tto,2000,277.21579
tto,2001,284.29602
tto,2002,338.28552
tto,2003,374.00272
tto,2004,449.84872
tto,2005,553.0686
tto,2006,593.23645
tto,2007,696.38708
tto,2008,784.50317
tto,2009,810.79681
tto,2010,861.51056
tto,2011,911.383
tto,2012,934.34265
tto,2013,1013.18231
tto,2014,1054.4458
tto,2015,1107.18555
tto,2016,1110.36609
tto,2017,1131.28174
tto,2018,1143.17053
tto,2019,1167.93311
tun,2000,111.66085
tun,2001,114.88659
tun,2002,125.91227
tun,2003,150.82671
tun,2004,169.67737
tun,2005,172.34444
tun,2006,181.37119
tun,2007,205.00958
tun,2008,233.33904
tun,2009,234.10635
tun,2010,243.71402
tun,2011,274.30753
tun,2012,274.34341
tun,2013,289.54178
tun,2014,293.09717
tun,2015,255.69974
tun,2016,244.42906
tun,2017,237.36446
tun,2018,236.73283
tun,2019,233.05931
tur,2000,199.49937
tur,2001,153.62274
tur,2002,186.69138
tur,2003,238.68718
tur,2004,299.56064
tur,2005,364.90805
tur,2006,416.92853
tur,2007,512.84827
tur,2008,570.85895
tur,2009,500.19305
tur,2010,539.32715
tur,2011,531.41858
tur,2012,524.25031
tur,2013,551.40125
tur,2014,525.84473
tur,2015,453.11649
tur,2016,466.7948
tur,2017,442.61761
tur,2018,389.86557
tur,2019,396.46683
tuv,2000,359.10178
tuv,2001,272.08038
tuv,2002,218.1292
tuv,2003,287.87769
tuv,2004,228.37381
tuv,2005,242.88704
tuv,2006,298.65903
tuv,2007,295.29886
tuv,2008,314.48633
tuv,2009,375.97107
tuv,2010,500.05597
tuv,2011,567.47424
tuv,2012,532.04663
tuv,2013,628.64203
tuv,2014,567.96411
tuv,2015,531.26648
tuv,2016,547.89844
tuv,2017,633.36108
tuv,2018,766.26288
tuv,2019,972.61243
tza,2000,12.61087
tza,2001,15.53205
tza,2002,17.41364
tza,2003,20.81579
tza,2004,23.90642
tza,2005,28.2407
tza,2006,36.27007
tza,2007,36.90998
tza,2008,36.88765
tza,2009,34.07072
tza,2010,37.53248
tza,2011,38.04221
tza,2012,42.28381
tza,2013,43.77844
tza,2014,40.15263
tza,2015,33.58757
tza,2016,37.18799
tza,2017,39.79176
tza,2018,42.03595
tza,2019,40.3433
uga,2000,16.63032
uga,2001,16.18934
uga,2002,15.92738
uga,2003,14.43744
uga,2004,18.8385
uga,2005,26.1289
uga,2006,31.84959
uga,2007,36.30623
uga,2008,40.19852
uga,2009,44.42363
uga,2010,51.82596
uga,2011,55.0061
uga,2012,54.68679
uga,2013,52.3765
uga,2014,50.24546
uga,2015,39.37042
uga,2016,38.24341
uga,2017,30.68275
uga,2018,32.05453
uga,2019,32.40844
ukr,2000,35.13176
ukr,2001,44.78644
ukr,2002,52.87649
ukr,2003,68.91547
ukr,2004,84.58253
ukr,2005,116.33117
ukr,2006,148.37511
ukr,2007,185.91156
ukr,2008,215.78677
ukr,2009,168.28644
ukr,2010,202.34087
ukr,2011,243.78082
ukr,2012,275.21927
ukr,2013,280.97668
ukr,2014,212.7697
ukr,2015,157.57748
ukr,2016,157.5377
ukr,2017,187.39522
ukr,2018,222.47536
ukr,2019,248.13348
ury,2000,687.93054
ury,2001,668.95795
ury,2002,430.25043
ury,2003,378.65308
ury,2004,371.60062
ury,2005,440.452
ury,2006,495.25104
ury,2007,571.99188
ury,2008,802.45715
ury,2009,816.29486
ury,2010,1030.6217
ury,2011,1229.37781
ury,2012,1329.65796
ury,2013,1497.06885
ury,2014,1476.20081
ury,2015,1406.52234
ury,2016,1450.1449
ury,2017,1648.87463
ury,2018,1686.07129
ury,2019,1660.95288
usa,2000,4543.43604
usa,2001,4894.28076
usa,2002,5322.74219
usa,2003,5732.22949
usa,2004,6097.2876
usa,2005,6454.40381
usa,2006,6828.61572
usa,2007,7181.89209
usa,2008,7401.36914
usa,2009,7657.55908
usa,2010,7888.35205
usa,2011,8080.21484
usa,2012,8342.58008
usa,2013,8522.12598
usa,2014,8939.39648
usa,2015,9392.06641
usa,2016,9775
usa,2017,10103.0918
usa,2018,10515.32324
usa,2019,10921.0127
uzb,2000,35.63146
uzb,2001,30.44023
uzb,2002,24.47667
uzb,2003,25.58104
uzb,2004,27.97478
uzb,2005,32.42809
uzb,2006,37.82676
uzb,2007,46.67817
uzb,2008,61.0031
uzb,2009,71.64038
uzb,2010,85.44558
uzb,2011,100.31287
uzb,2012,117.84119
uzb,2013,130.42458
uzb,2014,117.65131
uzb,2015,131.83302
uzb,2016,129.17278
uzb,2017,93.00417
uzb,2018,82.26926
uzb,2019,98.57317
vct,2000,157.93587
vct,2001,171.39845
vct,2002,184.0023
vct,2003,186.05574
vct,2004,195.94269
vct,2005,204.61107
vct,2006,216.42693
vct,2007,251.11401
vct,2008,262.36768
vct,2009,270.0433
vct,2010,286.35498
vct,2011,278.78964
vct,2012,299.60886
vct,2013,303.3606
vct,2014,291.0647
vct,2015,282.71341
vct,2016,294.64581
vct,2017,311.9353
vct,2018,332.08368
vct,2019,354.80865
ven,2000,355.12823
ven,2001,391.32364
ven,2002,285.61972
ven,2003,245.40157
ven,2004,293.39658
ven,2005,333.29962
ven,2006,553.40869
ven,2007,658.04938
ven,2008,731.87006
ven,2009,886.77722
ven,2010,945.9151
ven,2011,786.34631
ven,2012,837.42859
ven,2013,697.52527
ven,2014,698.91583
ven,2015,663.17261
ven,2016,505.02777
ven,2017,524.50366
ven,2018,464.04434
ven,2019,338.82538
vnm,2000,18.91674
vnm,2001,23.18783
vnm,2002,19.65594
vnm,2003,22.37122
vnm,2004,28.74419
vnm,2005,35.03744
vnm,2006,42.29332
vnm,2007,49.5085
vnm,2008,59.16986
vnm,2009,64.43673
vnm,2010,78.63556
vnm,2011,89.58513
vnm,2012,108.93997
vnm,2013,119.52193
vnm,2014,117.4146
vnm,2015,117.86289
vnm,2016,124.05941
vnm,2017,140.16533
vnm,2018,163.15096
vnm,2019,180.71819
vut,2000,48.71302
vut,2001,46.25572
vut,2002,52.87108
vut,2003,55.42981
vut,2004,63.29677
vut,2005,62.37822
vut,2006,68.08332
vut,2007,73.12435
vut,2008,82.50094
vut,2009,83.70121
vut,2010,100.13548
vut,2011,114.20266
vut,2012,117.96516
vut,2013,129.78491
vut,2014,106.72694
vut,2015,116.49733
vut,2016,82.2413
vut,2017,85.16285
vut,2018,104.5861
vut,2019,104.24961
wsm,2000,63.03668
wsm,2001,58.87118
wsm,2002,76.19981
wsm,2003,85.76577
wsm,2004,109.05975
wsm,2005,126.31749
wsm,2006,138.65979
wsm,2007,153.51537
wsm,2008,163.00903
wsm,2009,179.21492
wsm,2010,192.76791
wsm,2011,220.38281
wsm,2012,205.07558
wsm,2013,257.40909
wsm,2014,259.16232
wsm,2015,223.18097
wsm,2016,227.12509
wsm,2017,235.41838
wsm,2018,227.31306
wsm,2019,271.91577
yem,2000,25.82775
yem,2001,27.19544
yem,2002,28.01716
yem,2003,35.71838
yem,2004,39.15239
yem,2005,43.37589
yem,2006,51.00079
yem,2007,59.23065
yem,2008,70.82819
yem,2009,66.81107
yem,2010,68.86594
yem,2011,65.563
yem,2012,75.1437
yem,2013,79.72812
yem,2014,81.05195
yem,2015,73.17674
zaf,2000,247.58923
zaf,2001,211.69156
zaf,2002,186.78148
zaf,2003,296.92438
zaf,2004,375.30838
zaf,2005,413.99896
zaf,2006,430.91565
zaf,2007,468.23007
zaf,2008,453.9639
zaf,2009,499.71777
zaf,2010,635.09412
zaf,2011,699.96753
zaf,2012,658.12299
zaf,2013,604.7699
zaf,2014,549.69617
zaf,2015,503.75946
zaf,2016,465.0881
zaf,2017,534.38837
zaf,2018,564.5033
zaf,2019,546.68842
zmb,2000,24.72464
zmb,2001,25.09232
zmb,2002,25.96963
zmb,2003,31.30977
zmb,2004,37.97074
zmb,2005,48.21478
zmb,2006,61.57552
zmb,2007,48.94664
zmb,2008,55.93905
zmb,2009,51.35781
zmb,2010,55.39283
zmb,2011,57.88015
zmb,2012,69.2953
zmb,2013,88.1282
zmb,2014,67.49679
zmb,2015,59.33764
zmb,2016,57.36269
zmb,2017,67.19524
zmb,2018,76.31442
zmb,2019,69.32438
zwe,2010,99.34856
zwe,2011,88.3867
zwe,2012,90.28308
zwe,2013,101.67493
zwe,2014,116.71054
zwe,2015,107.687
zwe,2016,112.4114
zwe,2017,115.6462
zwe,2018,141.36931
zwe,2019,103.02827
