geo,time,sh_sta_owgh_me_zs
afg,2000,5.2
afg,2001,5.4
afg,2002,5.6
afg,2003,5.7
afg,2004,5.7
afg,2005,5.8
afg,2006,5.8
afg,2007,5.8
afg,2008,5.7
afg,2009,5.7
afg,2010,5.6
afg,2011,5.5
afg,2012,5.3
afg,2013,5.2
afg,2014,5
afg,2015,4.8
afg,2016,4.6
afg,2017,4.4
afg,2018,4.3
afg,2019,4.1
afg,2020,3.9
ago,2000,3.1
ago,2001,3.2
ago,2002,3.3
ago,2003,3.4
ago,2004,3.4
ago,2005,3.4
ago,2006,3.3
ago,2007,3.2
ago,2008,3.1
ago,2009,3
ago,2010,3
ago,2011,2.9
ago,2012,2.9
ago,2013,2.9
ago,2014,2.9
ago,2015,3
ago,2016,3.1
ago,2017,3.1
ago,2018,3.2
ago,2019,3.4
ago,2020,3.5
alb,2000,18.7
alb,2001,20.2
alb,2002,21.6
alb,2003,22.8
alb,2004,23.8
alb,2005,24.5
alb,2006,24.8
alb,2007,24.9
alb,2008,24.7
alb,2009,24.3
alb,2010,23.6
alb,2011,22.7
alb,2012,21.7
alb,2013,20.6
alb,2014,19.4
alb,2015,18.3
alb,2016,17.3
alb,2017,16.4
alb,2018,15.7
alb,2019,15.1
alb,2020,14.6
arg,2000,11.6
arg,2001,11.8
arg,2002,11.9
arg,2003,11.9
arg,2004,12
arg,2005,12.1
arg,2006,12.2
arg,2007,12.2
arg,2008,12.2
arg,2009,12.3
arg,2010,12.3
arg,2011,12.4
arg,2012,12.4
arg,2013,12.4
arg,2014,12.4
arg,2015,12.5
arg,2016,12.6
arg,2017,12.7
arg,2018,12.8
arg,2019,12.9
arg,2020,12.9
arm,2000,12.3
arm,2001,13.2
arm,2002,14
arm,2003,14.8
arm,2004,15.5
arm,2005,16
arm,2006,16.3
arm,2007,16.5
arm,2008,16.5
arm,2009,16.3
arm,2010,15.9
arm,2011,15.4
arm,2012,14.8
arm,2013,14.1
arm,2014,13.3
arm,2015,12.6
arm,2016,12.1
arm,2017,11.6
arm,2018,11.3
arm,2019,11
arm,2020,10.8
aus,2000,8.2
aus,2001,8.5
aus,2002,8.9
aus,2003,9.3
aus,2004,9.8
aus,2005,10.3
aus,2006,10.7
aus,2007,11.2
aus,2008,11.7
aus,2009,12.3
aus,2010,13
aus,2011,13.6
aus,2012,14.2
aus,2013,14.9
aus,2014,15.5
aus,2015,16.1
aus,2016,16.7
aus,2017,17.3
aus,2018,17.7
aus,2019,18.2
aus,2020,18.5
aze,2000,7.3
aze,2001,7.8
aze,2002,8.4
aze,2003,8.9
aze,2004,9.5
aze,2005,9.9
aze,2006,10.4
aze,2007,10.8
aze,2008,11
aze,2009,11.2
aze,2010,11.3
aze,2011,11.2
aze,2012,11.1
aze,2013,10.8
aze,2014,10.5
aze,2015,10.2
aze,2016,9.9
aze,2017,9.7
aze,2018,9.6
aze,2019,9.5
aze,2020,9.4
bdi,2000,2.4
bdi,2001,2.5
bdi,2002,2.6
bdi,2003,2.6
bdi,2004,2.6
bdi,2005,2.6
bdi,2006,2.6
bdi,2007,2.5
bdi,2008,2.4
bdi,2009,2.4
bdi,2010,2.3
bdi,2011,2.3
bdi,2012,2.3
bdi,2013,2.4
bdi,2014,2.4
bdi,2015,2.5
bdi,2016,2.6
bdi,2017,2.7
bdi,2018,2.8
bdi,2019,3
bdi,2020,3.1
bel,2000,3.9
bel,2001,3.9
bel,2002,4
bel,2003,4
bel,2004,4
bel,2005,4
bel,2006,4.1
bel,2007,4.1
bel,2008,4.2
bel,2009,4.2
bel,2010,4.3
bel,2011,4.4
bel,2012,4.5
bel,2013,4.5
bel,2014,4.6
bel,2015,4.7
bel,2016,4.8
bel,2017,4.9
bel,2018,4.9
bel,2019,5
bel,2020,5.1
ben,2000,2.9
ben,2001,3
ben,2002,3.1
ben,2003,3.1
ben,2004,3
ben,2005,2.8
ben,2006,2.5
ben,2007,2.2
ben,2008,2
ben,2009,1.8
ben,2010,1.7
ben,2011,1.7
ben,2012,1.6
ben,2013,1.6
ben,2014,1.6
ben,2015,1.7
ben,2016,1.8
ben,2017,1.8
ben,2018,2
ben,2019,2.1
ben,2020,2.2
bfa,2000,2.6
bfa,2001,2.7
bfa,2002,2.8
bfa,2003,2.8
bfa,2004,2.8
bfa,2005,2.6
bfa,2006,2.4
bfa,2007,2.1
bfa,2008,1.9
bfa,2009,1.8
bfa,2010,1.7
bfa,2011,1.7
bfa,2012,1.7
bfa,2013,1.7
bfa,2014,1.8
bfa,2015,1.8
bfa,2016,2
bfa,2017,2.1
bfa,2018,2.3
bfa,2019,2.4
bfa,2020,2.6
bgd,2000,0.7
bgd,2001,0.7
bgd,2002,0.8
bgd,2003,0.9
bgd,2004,0.9
bgd,2005,1
bgd,2006,1.1
bgd,2007,1.2
bgd,2008,1.3
bgd,2009,1.4
bgd,2010,1.5
bgd,2011,1.6
bgd,2012,1.7
bgd,2013,1.8
bgd,2014,1.9
bgd,2015,1.9
bgd,2016,2
bgd,2017,2
bgd,2018,2.1
bgd,2019,2.1
bgd,2020,2.1
bgr,2000,8.6
bgr,2001,9.1
bgr,2002,9.5
bgr,2003,9.8
bgr,2004,10
bgr,2005,10.1
bgr,2006,10
bgr,2007,9.9
bgr,2008,9.7
bgr,2009,9.4
bgr,2010,9.1
bgr,2011,8.7
bgr,2012,8.2
bgr,2013,7.6
bgr,2014,7.1
bgr,2015,6.7
bgr,2016,6.3
bgr,2017,6
bgr,2018,5.9
bgr,2019,5.7
bgr,2020,5.7
bhr,2000,4.1
bhr,2001,4.2
bhr,2002,4.3
bhr,2003,4.4
bhr,2004,4.5
bhr,2005,4.7
bhr,2006,4.8
bhr,2007,5
bhr,2008,5.1
bhr,2009,5.2
bhr,2010,5.4
bhr,2011,5.5
bhr,2012,5.6
bhr,2013,5.7
bhr,2014,5.9
bhr,2015,6
bhr,2016,6
bhr,2017,6.1
bhr,2018,6.2
bhr,2019,6.3
bhr,2020,6.4
bih,2000,16.4
bih,2001,17.7
bih,2002,19
bih,2003,20
bih,2004,20.8
bih,2005,21.4
bih,2006,21.7
bih,2007,21.8
bih,2008,21.6
bih,2009,21.2
bih,2010,20.6
bih,2011,19.8
bih,2012,18.9
bih,2013,17.8
bih,2014,16.7
bih,2015,15.7
bih,2016,14.9
bih,2017,14.2
bih,2018,13.6
bih,2019,13.2
bih,2020,12.8
blr,2000,8.4
blr,2001,8.9
blr,2002,9.4
blr,2003,9.8
blr,2004,10.1
blr,2005,10.4
blr,2006,10.5
blr,2007,10.5
blr,2008,10.4
blr,2009,10.2
blr,2010,10
blr,2011,9.6
blr,2012,9.2
blr,2013,8.7
blr,2014,8.3
blr,2015,7.8
blr,2016,7.5
blr,2017,7.2
blr,2018,7
blr,2019,6.9
blr,2020,6.8
blz,2000,9
blz,2001,9.2
blz,2002,9.2
blz,2003,9.3
blz,2004,9.4
blz,2005,9.4
blz,2006,9.4
blz,2007,9.4
blz,2008,9.3
blz,2009,9.3
blz,2010,9.2
blz,2011,9.1
blz,2012,9
blz,2013,8.9
blz,2014,8.7
blz,2015,8.6
blz,2016,8.5
blz,2017,8.4
blz,2018,8.2
blz,2019,8.1
blz,2020,8
bol,2000,8.5
bol,2001,8.6
bol,2002,8.8
bol,2003,8.9
bol,2004,8.9
bol,2005,9
bol,2006,9.1
bol,2007,9.1
bol,2008,9.1
bol,2009,9.1
bol,2010,9.1
bol,2011,9
bol,2012,9
bol,2013,9
bol,2014,8.9
bol,2015,8.9
bol,2016,8.9
bol,2017,8.9
bol,2018,8.9
bol,2019,8.9
bol,2020,8.8
bra,2000,6.2
bra,2001,6.2
bra,2002,6.3
bra,2003,6.4
bra,2004,6.4
bra,2005,6.5
bra,2006,6.5
bra,2007,6.6
bra,2008,6.6
bra,2009,6.7
bra,2010,6.8
bra,2011,6.8
bra,2012,6.9
bra,2013,6.9
bra,2014,7
bra,2015,7.1
bra,2016,7.1
bra,2017,7.1
bra,2018,7.2
bra,2019,7.2
bra,2020,7.3
brb,2000,7.8
brb,2001,8
brb,2002,8.3
brb,2003,8.5
brb,2004,8.8
brb,2005,9.1
brb,2006,9.4
brb,2007,9.6
brb,2008,9.9
brb,2009,10.2
brb,2010,10.4
brb,2011,10.6
brb,2012,10.8
brb,2013,11
brb,2014,11.1
brb,2015,11.2
brb,2016,11.3
brb,2017,11.4
brb,2018,11.4
brb,2019,11.4
brb,2020,11.4
brn,2000,6.2
brn,2001,6.4
brn,2002,6.6
brn,2003,6.8
brn,2004,7
brn,2005,7.1
brn,2006,7.3
brn,2007,7.5
brn,2008,7.7
brn,2009,7.9
brn,2010,8.1
brn,2011,8.3
brn,2012,8.4
brn,2013,8.6
brn,2014,8.7
brn,2015,8.9
brn,2016,9
brn,2017,9.1
brn,2018,9.1
brn,2019,9.2
brn,2020,9.3
btn,2000,4.3
btn,2001,4.6
btn,2002,4.8
btn,2003,5
btn,2004,5.2
btn,2005,5.4
btn,2006,5.6
btn,2007,5.7
btn,2008,5.8
btn,2009,5.9
btn,2010,6
btn,2011,6.1
btn,2012,6.1
btn,2013,6.1
btn,2014,6
btn,2015,5.9
btn,2016,5.8
btn,2017,5.7
btn,2018,5.5
btn,2019,5.4
btn,2020,5.2
bwa,2000,9.4
bwa,2001,9.6
bwa,2002,9.7
bwa,2003,9.8
bwa,2004,10
bwa,2005,10.1
bwa,2006,10.2
bwa,2007,10.3
bwa,2008,10.4
bwa,2009,10.4
bwa,2010,10.5
bwa,2011,10.6
bwa,2012,10.6
bwa,2013,10.7
bwa,2014,10.7
bwa,2015,10.7
bwa,2016,10.8
bwa,2017,10.9
bwa,2018,10.9
bwa,2019,10.9
bwa,2020,11
caf,2000,6.6
caf,2001,6.7
caf,2002,6.8
caf,2003,6.7
caf,2004,6.5
caf,2005,6.1
caf,2006,5.7
caf,2007,5.2
caf,2008,4.8
caf,2009,4.4
caf,2010,4
caf,2011,3.7
caf,2012,3.5
caf,2013,3.2
caf,2014,3.1
caf,2015,2.9
caf,2016,2.8
caf,2017,2.7
caf,2018,2.7
caf,2019,2.6
caf,2020,2.6
can,2000,8.8
can,2001,9
can,2002,9.2
can,2003,9.4
can,2004,9.7
can,2005,9.9
can,2006,10
can,2007,10.2
can,2008,10.4
can,2009,10.6
can,2010,10.8
can,2011,11
can,2012,11.2
can,2013,11.3
can,2014,11.5
can,2015,11.6
can,2016,11.7
can,2017,11.7
can,2018,11.8
can,2019,11.8
can,2020,11.8
chl,2000,11.3
chl,2001,11.4
chl,2002,11.5
chl,2003,11.5
chl,2004,11.4
chl,2005,11.3
chl,2006,11.2
chl,2007,11.1
chl,2008,10.9
chl,2009,10.8
chl,2010,10.6
chl,2011,10.5
chl,2012,10.4
chl,2013,10.3
chl,2014,10.1
chl,2015,10.1
chl,2016,10
chl,2017,10
chl,2018,9.9
chl,2019,9.9
chl,2020,9.8
chn,2000,6.4
chn,2001,6.4
chn,2002,6.5
chn,2003,6.5
chn,2004,6.6
chn,2005,6.6
chn,2006,6.7
chn,2007,6.8
chn,2008,6.9
chn,2009,6.9
chn,2010,7
chn,2011,7.1
chn,2012,7.2
chn,2013,7.3
chn,2014,7.4
chn,2015,7.5
chn,2016,7.5
chn,2017,7.7
chn,2018,7.9
chn,2019,8.1
chn,2020,8.3
civ,2000,4.5
civ,2001,4.8
civ,2002,5
civ,2003,5
civ,2004,4.9
civ,2005,4.5
civ,2006,4.1
civ,2007,3.6
civ,2008,3.2
civ,2009,2.9
civ,2010,2.7
civ,2011,2.6
civ,2012,2.5
civ,2013,2.4
civ,2014,2.4
civ,2015,2.4
civ,2016,2.4
civ,2017,2.5
civ,2018,2.6
civ,2019,2.7
civ,2020,2.8
cmr,2000,8.3
cmr,2001,9
cmr,2002,9.6
cmr,2003,10
cmr,2004,10
cmr,2005,9.7
cmr,2006,9.1
cmr,2007,8.4
cmr,2008,7.8
cmr,2009,7.4
cmr,2010,7.1
cmr,2011,6.9
cmr,2012,6.9
cmr,2013,7
cmr,2014,7.2
cmr,2015,7.4
cmr,2016,7.8
cmr,2017,8.2
cmr,2018,8.6
cmr,2019,9.1
cmr,2020,9.6
cod,2000,6.5
cod,2001,6.8
cod,2002,6.9
cod,2003,7
cod,2004,6.9
cod,2005,6.7
cod,2006,6.4
cod,2007,6
cod,2008,5.6
cod,2009,5.3
cod,2010,5
cod,2011,4.8
cod,2012,4.6
cod,2013,4.5
cod,2014,4.3
cod,2015,4.3
cod,2016,4.2
cod,2017,4.2
cod,2018,4.2
cod,2019,4.2
cod,2020,4.2
cog,2000,6.6
cog,2001,6.9
cog,2002,7.1
cog,2003,7.2
cog,2004,7.1
cog,2005,6.9
cog,2006,6.6
cog,2007,6.3
cog,2008,6
cog,2009,5.7
cog,2010,5.4
cog,2011,5.2
cog,2012,5.1
cog,2013,5
cog,2014,4.9
cog,2015,4.9
cog,2016,4.8
cog,2017,4.9
cog,2018,4.9
cog,2019,5
cog,2020,5.1
col,2000,4.7
col,2001,4.7
col,2002,4.8
col,2003,4.8
col,2004,4.8
col,2005,4.8
col,2006,4.8
col,2007,4.9
col,2008,4.9
col,2009,5
col,2010,5.1
col,2011,5.1
col,2012,5.2
col,2013,5.3
col,2014,5.3
col,2015,5.4
col,2016,5.5
col,2017,5.6
col,2018,5.6
col,2019,5.7
col,2020,5.8
com,2000,12.3
com,2001,13.2
com,2002,13.8
com,2003,14.2
com,2004,14.4
com,2005,14.2
com,2006,13.9
com,2007,13.3
com,2008,12.8
com,2009,12.2
com,2010,11.7
com,2011,11.3
com,2012,10.9
com,2013,10.6
com,2014,10.4
com,2015,10.1
com,2016,10
com,2017,9.9
com,2018,9.8
com,2019,9.7
com,2020,9.6
cri,2000,8.5
cri,2001,8.5
cri,2002,8.6
cri,2003,8.6
cri,2004,8.6
cri,2005,8.6
cri,2006,8.6
cri,2007,8.5
cri,2008,8.5
cri,2009,8.4
cri,2010,8.4
cri,2011,8.3
cri,2012,8.3
cri,2013,8.2
cri,2014,8.2
cri,2015,8.2
cri,2016,8.1
cri,2017,8.1
cri,2018,8.1
cri,2019,8.1
cri,2020,8.1
cub,2000,7.8
cub,2001,8
cub,2002,8.1
cub,2003,8.3
cub,2004,8.4
cub,2005,8.6
cub,2006,8.8
cub,2007,8.8
cub,2008,8.9
cub,2009,8.9
cub,2010,9
cub,2011,9.1
cub,2012,9.2
cub,2013,9.3
cub,2014,9.4
cub,2015,9.5
cub,2016,9.6
cub,2017,9.7
cub,2018,9.8
cub,2019,9.9
cub,2020,10
cze,2000,4.9
cze,2001,5
cze,2002,5
cze,2003,5.1
cze,2004,5.1
cze,2005,5.2
cze,2006,5.3
cze,2007,5.4
cze,2008,5.5
cze,2009,5.6
cze,2010,5.7
cze,2011,5.8
cze,2012,5.9
cze,2013,6
cze,2014,6.1
cze,2015,6.2
cze,2016,6.2
cze,2017,6.3
cze,2018,6.4
cze,2019,6.5
cze,2020,6.6
deu,2000,3.6
deu,2001,3.6
deu,2002,3.6
deu,2003,3.6
deu,2004,3.5
deu,2005,3.5
deu,2006,3.6
deu,2007,3.6
deu,2008,3.6
deu,2009,3.6
deu,2010,3.6
deu,2011,3.7
deu,2012,3.7
deu,2013,3.8
deu,2014,3.8
deu,2015,3.8
deu,2016,3.9
deu,2017,3.9
deu,2018,4
deu,2019,4.1
deu,2020,4.1
dji,2000,8
dji,2001,8.5
dji,2002,8.8
dji,2003,9.1
dji,2004,9.1
dji,2005,9
dji,2006,8.8
dji,2007,8.5
dji,2008,8.1
dji,2009,7.8
dji,2010,7.6
dji,2011,7.4
dji,2012,7.2
dji,2013,7.1
dji,2014,7
dji,2015,6.9
dji,2016,7
dji,2017,7
dji,2018,7.1
dji,2019,7.2
dji,2020,7.2
dom,2000,6.8
dom,2001,6.9
dom,2002,7.1
dom,2003,7.2
dom,2004,7.3
dom,2005,7.4
dom,2006,7.5
dom,2007,7.6
dom,2008,7.7
dom,2009,7.7
dom,2010,7.8
dom,2011,7.8
dom,2012,7.8
dom,2013,7.7
dom,2014,7.7
dom,2015,7.7
dom,2016,7.7
dom,2017,7.7
dom,2018,7.7
dom,2019,7.7
dom,2020,7.6
dza,2000,13
dza,2001,13.2
dza,2002,13.4
dza,2003,13.5
dza,2004,13.6
dza,2005,13.7
dza,2006,13.8
dza,2007,13.8
dza,2008,13.8
dza,2009,13.7
dza,2010,13.6
dza,2011,13.6
dza,2012,13.5
dza,2013,13.4
dza,2014,13.3
dza,2015,13.2
dza,2016,13.1
dza,2017,13.1
dza,2018,13
dza,2019,12.9
dza,2020,12.9
ecu,2000,4.5
ecu,2001,4.6
ecu,2002,4.8
ecu,2003,4.9
ecu,2004,5.1
ecu,2005,5.3
ecu,2006,5.6
ecu,2007,5.8
ecu,2008,6.1
ecu,2009,6.4
ecu,2010,6.6
ecu,2011,6.9
ecu,2012,7.3
ecu,2013,7.6
ecu,2014,7.9
ecu,2015,8.3
ecu,2016,8.6
ecu,2017,8.9
ecu,2018,9.3
ecu,2019,9.6
ecu,2020,9.8
egy,2000,13.9
egy,2001,14
egy,2002,14.2
egy,2003,14.3
egy,2004,14.4
egy,2005,14.6
egy,2006,14.7
egy,2007,14.8
egy,2008,15
egy,2009,15.2
egy,2010,15.4
egy,2011,15.6
egy,2012,15.8
egy,2013,16
egy,2014,16.3
egy,2015,16.5
egy,2016,16.8
egy,2017,17
egy,2018,17.3
egy,2019,17.6
egy,2020,17.8
eri,2000,2
eri,2001,2.1
eri,2002,2.1
eri,2003,2.2
eri,2004,2.1
eri,2005,2.1
eri,2006,2
eri,2007,2
eri,2008,1.9
eri,2009,1.8
eri,2010,1.8
eri,2011,1.7
eri,2012,1.7
eri,2013,1.7
eri,2014,1.7
eri,2015,1.7
eri,2016,1.8
eri,2017,1.8
eri,2018,1.9
eri,2019,2
eri,2020,2.1
est,2000,4
est,2001,4.1
est,2002,4.1
est,2003,4.2
est,2004,4.3
est,2005,4.3
est,2006,4.4
est,2007,4.5
est,2008,4.6
est,2009,4.8
est,2010,4.9
est,2011,5
est,2012,5.1
est,2013,5.2
est,2014,5.2
est,2015,5.3
est,2016,5.3
est,2017,5.5
est,2018,5.6
est,2019,5.6
est,2020,5.7
eth,2000,3.2
eth,2001,3.3
eth,2002,3.4
eth,2003,3.4
eth,2004,3.4
eth,2005,3.3
eth,2006,3.2
eth,2007,3
eth,2008,2.9
eth,2009,2.7
eth,2010,2.6
eth,2011,2.5
eth,2012,2.5
eth,2013,2.4
eth,2014,2.4
eth,2015,2.4
eth,2016,2.4
eth,2017,2.4
eth,2018,2.5
eth,2019,2.6
eth,2020,2.6
fji,2000,3.8
fji,2001,3.9
fji,2002,4
fji,2003,4.1
fji,2004,4.2
fji,2005,4.3
fji,2006,4.4
fji,2007,4.5
fji,2008,4.5
fji,2009,4.6
fji,2010,4.7
fji,2011,4.7
fji,2012,4.8
fji,2013,4.9
fji,2014,4.9
fji,2015,5
fji,2016,5
fji,2017,5.1
fji,2018,5.1
fji,2019,5.2
fji,2020,5.2
gab,2000,6.6
gab,2001,7
gab,2002,7.3
gab,2003,7.5
gab,2004,7.6
gab,2005,7.6
gab,2006,7.5
gab,2007,7.3
gab,2008,7.1
gab,2009,6.9
gab,2010,6.7
gab,2011,6.6
gab,2012,6.5
gab,2013,6.5
gab,2014,6.5
gab,2015,6.6
gab,2016,6.7
gab,2017,6.8
gab,2018,7
gab,2019,7.2
gab,2020,7.4
geo,2000,16.8
geo,2001,17.6
geo,2002,18.3
geo,2003,18.9
geo,2004,19.2
geo,2005,19.2
geo,2006,19
geo,2007,18.6
geo,2008,17.9
geo,2009,17
geo,2010,16
geo,2011,14.9
geo,2012,13.7
geo,2013,12.6
geo,2014,11.5
geo,2015,10.5
geo,2016,9.7
geo,2017,9
geo,2018,8.4
geo,2019,8
geo,2020,7.6
gha,2000,3.5
gha,2001,3.7
gha,2002,3.9
gha,2003,3.9
gha,2004,3.9
gha,2005,3.7
gha,2006,3.3
gha,2007,3
gha,2008,2.7
gha,2009,2.5
gha,2010,2.4
gha,2011,2.3
gha,2012,2.2
gha,2013,2.2
gha,2014,2.3
gha,2015,2.3
gha,2016,2.4
gha,2017,2.5
gha,2018,2.6
gha,2019,2.7
gha,2020,2.9
gin,2000,5.4
gin,2001,5.8
gin,2002,6.1
gin,2003,6.3
gin,2004,6.3
gin,2005,6.1
gin,2006,5.6
gin,2007,5.2
gin,2008,4.7
gin,2009,4.5
gin,2010,4.3
gin,2011,4.2
gin,2012,4.1
gin,2013,4.2
gin,2014,4.3
gin,2015,4.4
gin,2016,4.6
gin,2017,4.8
gin,2018,5.1
gin,2019,5.4
gin,2020,5.7
gmb,2000,3.2
gmb,2001,3.4
gmb,2002,3.5
gmb,2003,3.6
gmb,2004,3.5
gmb,2005,3.2
gmb,2006,2.9
gmb,2007,2.6
gmb,2008,2.3
gmb,2009,2.1
gmb,2010,2
gmb,2011,1.9
gmb,2012,1.9
gmb,2013,1.8
gmb,2014,1.8
gmb,2015,1.9
gmb,2016,1.9
gmb,2017,2
gmb,2018,2.1
gmb,2019,2.2
gmb,2020,2.3
gnb,2000,4.7
gnb,2001,4.9
gnb,2002,5.1
gnb,2003,5.2
gnb,2004,5
gnb,2005,4.7
gnb,2006,4.3
gnb,2007,3.8
gnb,2008,3.4
gnb,2009,3.1
gnb,2010,2.9
gnb,2011,2.8
gnb,2012,2.7
gnb,2013,2.7
gnb,2014,2.7
gnb,2015,2.7
gnb,2016,2.8
gnb,2017,2.9
gnb,2018,3.1
gnb,2019,3.2
gnb,2020,3.4
gnq,2000,8.1
gnq,2001,8.7
gnq,2002,9.2
gnq,2003,9.6
gnq,2004,9.8
gnq,2005,9.9
gnq,2006,9.8
gnq,2007,9.6
gnq,2008,9.4
gnq,2009,9.2
gnq,2010,9
gnq,2011,8.9
gnq,2012,8.8
gnq,2013,8.7
gnq,2014,8.8
gnq,2015,8.8
gnq,2016,8.8
gnq,2017,8.9
gnq,2018,9
gnq,2019,9.2
gnq,2020,9.3
grc,2000,10.7
grc,2001,11
grc,2002,11.4
grc,2003,11.8
grc,2004,12.1
grc,2005,12.5
grc,2006,12.8
grc,2007,13.1
grc,2008,13.3
grc,2009,13.6
grc,2010,13.8
grc,2011,14
grc,2012,14.2
grc,2013,14.3
grc,2014,14.3
grc,2015,14.3
grc,2016,14.3
grc,2017,14.2
grc,2018,14.1
grc,2019,14.1
grc,2020,13.9
gtm,2000,6
gtm,2001,6
gtm,2002,6
gtm,2003,5.9
gtm,2004,5.9
gtm,2005,5.9
gtm,2006,5.8
gtm,2007,5.8
gtm,2008,5.7
gtm,2009,5.6
gtm,2010,5.5
gtm,2011,5.5
gtm,2012,5.4
gtm,2013,5.3
gtm,2014,5.3
gtm,2015,5.2
gtm,2016,5.2
gtm,2017,5.2
gtm,2018,5.1
gtm,2019,5.1
gtm,2020,5.1
guy,2000,4.1
guy,2001,4.2
guy,2002,4.4
guy,2003,4.6
guy,2004,4.7
guy,2005,4.9
guy,2006,5
guy,2007,5.2
guy,2008,5.3
guy,2009,5.5
guy,2010,5.6
guy,2011,5.8
guy,2012,5.9
guy,2013,6
guy,2014,6.2
guy,2015,6.3
guy,2016,6.4
guy,2017,6.4
guy,2018,6.5
guy,2019,6.5
guy,2020,6.6
hnd,2000,3.7
hnd,2001,3.8
hnd,2002,3.9
hnd,2003,4
hnd,2004,4.1
hnd,2005,4.2
hnd,2006,4.3
hnd,2007,4.4
hnd,2008,4.5
hnd,2009,4.6
hnd,2010,4.8
hnd,2011,4.9
hnd,2012,5
hnd,2013,5.1
hnd,2014,5.2
hnd,2015,5.3
hnd,2016,5.4
hnd,2017,5.5
hnd,2018,5.5
hnd,2019,5.6
hnd,2020,5.7
hti,2000,3.7
hti,2001,3.7
hti,2002,3.7
hti,2003,3.7
hti,2004,3.7
hti,2005,3.6
hti,2006,3.6
hti,2007,3.6
hti,2008,3.6
hti,2009,3.6
hti,2010,3.6
hti,2011,3.6
hti,2012,3.6
hti,2013,3.6
hti,2014,3.6
hti,2015,3.6
hti,2016,3.6
hti,2017,3.6
hti,2018,3.7
hti,2019,3.7
hti,2020,3.7
idn,2000,4
idn,2001,4.2
idn,2002,4.4
idn,2003,4.7
idn,2004,4.9
idn,2005,5.3
idn,2006,5.6
idn,2007,6
idn,2008,6.4
idn,2009,6.8
idn,2010,7.2
idn,2011,7.7
idn,2012,8.2
idn,2013,8.6
idn,2014,9.1
idn,2015,9.5
idn,2016,10
idn,2017,10.3
idn,2018,10.7
idn,2019,10.9
idn,2020,11.1
ind,2000,3.3
ind,2001,3.3
ind,2002,3.3
ind,2003,3.2
ind,2004,3.1
ind,2005,3
ind,2006,3
ind,2007,2.9
ind,2008,2.8
ind,2009,2.7
ind,2010,2.6
ind,2011,2.5
ind,2012,2.4
ind,2013,2.3
ind,2014,2.2
ind,2015,2.1
ind,2016,2.1
ind,2017,2
ind,2018,2
ind,2019,1.9
ind,2020,1.9
irn,2000,6.8
irn,2001,6.9
irn,2002,7
irn,2003,7.2
irn,2004,7.3
irn,2005,7.4
irn,2006,7.5
irn,2007,7.7
irn,2008,7.9
irn,2009,8
irn,2010,8.2
irn,2011,8.3
irn,2012,8.4
irn,2013,8.5
irn,2014,8.6
irn,2015,8.7
irn,2016,8.8
irn,2017,9
irn,2018,9.1
irn,2019,9.2
irn,2020,9.4
irq,2000,8.6
irq,2001,8.7
irq,2002,8.8
irq,2003,8.9
irq,2004,8.9
irq,2005,9
irq,2006,9
irq,2007,9.1
irq,2008,9.1
irq,2009,9.1
irq,2010,9.1
irq,2011,9.2
irq,2012,9.2
irq,2013,9.2
irq,2014,9.2
irq,2015,9.2
irq,2016,9.2
irq,2017,9.2
irq,2018,9.1
irq,2019,9.1
irq,2020,9
jam,2000,6
jam,2001,6.2
jam,2002,6.4
jam,2003,6.5
jam,2004,6.7
jam,2005,6.8
jam,2006,6.9
jam,2007,7
jam,2008,7.1
jam,2009,7.2
jam,2010,7.2
jam,2011,7.2
jam,2012,7.2
jam,2013,7.2
jam,2014,7.2
jam,2015,7.2
jam,2016,7.1
jam,2017,7
jam,2018,7
jam,2019,6.9
jam,2020,6.8
jor,2000,5.1
jor,2001,5.1
jor,2002,5.1
jor,2003,5
jor,2004,5
jor,2005,5.1
jor,2006,5.1
jor,2007,5.2
jor,2008,5.3
jor,2009,5.4
jor,2010,5.5
jor,2011,5.6
jor,2012,5.7
jor,2013,5.8
jor,2014,6
jor,2015,6.1
jor,2016,6.3
jor,2017,6.4
jor,2018,6.6
jor,2019,6.8
jor,2020,7.1
jpn,2000,2.1
jpn,2001,2
jpn,2002,2
jpn,2003,2
jpn,2004,1.9
jpn,2005,1.9
jpn,2006,1.9
jpn,2007,1.9
jpn,2008,1.9
jpn,2009,1.9
jpn,2010,1.9
jpn,2011,2
jpn,2012,2
jpn,2013,2
jpn,2014,2
jpn,2015,2.1
jpn,2016,2.1
jpn,2017,2.2
jpn,2018,2.2
jpn,2019,2.3
jpn,2020,2.4
kaz,2000,8.1
kaz,2001,8.8
kaz,2002,9.5
kaz,2003,10.2
kaz,2004,10.8
kaz,2005,11.3
kaz,2006,11.7
kaz,2007,12
kaz,2008,12.1
kaz,2009,12.1
kaz,2010,12
kaz,2011,11.8
kaz,2012,11.5
kaz,2013,11
kaz,2014,10.5
kaz,2015,10.1
kaz,2016,9.7
kaz,2017,9.4
kaz,2018,9.2
kaz,2019,9
kaz,2020,8.8
ken,2000,6.8
ken,2001,7
ken,2002,7.2
ken,2003,7.1
ken,2004,7
ken,2005,6.7
ken,2006,6.4
ken,2007,6
ken,2008,5.6
ken,2009,5.3
ken,2010,5
ken,2011,4.8
ken,2012,4.6
ken,2013,4.5
ken,2014,4.3
ken,2015,4.3
ken,2016,4.3
ken,2017,4.3
ken,2018,4.3
ken,2019,4.4
ken,2020,4.5
kgz,2000,7.9
kgz,2001,8.3
kgz,2002,8.6
kgz,2003,8.9
kgz,2004,9.1
kgz,2005,9.2
kgz,2006,9.2
kgz,2007,9.1
kgz,2008,8.9
kgz,2009,8.7
kgz,2010,8.4
kgz,2011,8
kgz,2012,7.6
kgz,2013,7.2
kgz,2014,6.8
kgz,2015,6.5
kgz,2016,6.2
kgz,2017,6
kgz,2018,5.9
kgz,2019,5.8
kgz,2020,5.8
khm,2000,3.2
khm,2001,3.1
khm,2002,3
khm,2003,2.9
khm,2004,2.8
khm,2005,2.7
khm,2006,2.6
khm,2007,2.5
khm,2008,2.4
khm,2009,2.3
khm,2010,2.3
khm,2011,2.2
khm,2012,2.1
khm,2013,2.1
khm,2014,2.1
khm,2015,2
khm,2016,2
khm,2017,2
khm,2018,2
khm,2019,2
khm,2020,2.1
kir,2000,2.6
kir,2001,2.6
kir,2002,2.5
kir,2003,2.5
kir,2004,2.5
kir,2005,2.5
kir,2006,2.5
kir,2007,2.5
kir,2008,2.4
kir,2009,2.4
kir,2010,2.4
kir,2011,2.4
kir,2012,2.4
kir,2013,2.4
kir,2014,2.3
kir,2015,2.3
kir,2016,2.4
kir,2017,2.4
kir,2018,2.4
kir,2019,2.4
kir,2020,2.4
kor,2000,5.8
kor,2001,5.9
kor,2002,6.1
kor,2003,6.2
kor,2004,6.4
kor,2005,6.6
kor,2006,6.7
kor,2007,6.9
kor,2008,7.1
kor,2009,7.2
kor,2010,7.4
kor,2011,7.6
kor,2012,7.7
kor,2013,7.9
kor,2014,8
kor,2015,8.2
kor,2016,8.3
kor,2017,8.5
kor,2018,8.6
kor,2019,8.7
kor,2020,8.8
kwt,2000,7.9
kwt,2001,7.9
kwt,2002,7.9
kwt,2003,8
kwt,2004,8
kwt,2005,8.1
kwt,2006,8.1
kwt,2007,8.1
kwt,2008,8
kwt,2009,8
kwt,2010,8
kwt,2011,7.9
kwt,2012,7.9
kwt,2013,7.8
kwt,2014,7.7
kwt,2015,7.6
kwt,2016,7.5
kwt,2017,7.4
kwt,2018,7.3
kwt,2019,7.2
kwt,2020,7.1
lao,2000,2.1
lao,2001,2.1
lao,2002,2.1
lao,2003,2.1
lao,2004,2.1
lao,2005,2.1
lao,2006,2.1
lao,2007,2.1
lao,2008,2.2
lao,2009,2.2
lao,2010,2.2
lao,2011,2.3
lao,2012,2.3
lao,2013,2.4
lao,2014,2.5
lao,2015,2.5
lao,2016,2.6
lao,2017,2.7
lao,2018,2.8
lao,2019,2.9
lao,2020,3
lbn,2000,17.6
lbn,2001,17.9
lbn,2002,18.1
lbn,2003,18.3
lbn,2004,18.5
lbn,2005,18.7
lbn,2006,18.9
lbn,2007,19
lbn,2008,19.1
lbn,2009,19.3
lbn,2010,19.4
lbn,2011,19.6
lbn,2012,19.8
lbn,2013,19.9
lbn,2014,19.8
lbn,2015,19.8
lbn,2016,19.8
lbn,2017,19.8
lbn,2018,19.8
lbn,2019,19.7
lbn,2020,19.7
lbr,2000,4.5
lbr,2001,4.8
lbr,2002,5.1
lbr,2003,5.2
lbr,2004,5.1
lbr,2005,4.9
lbr,2006,4.5
lbr,2007,4.1
lbr,2008,3.7
lbr,2009,3.5
lbr,2010,3.3
lbr,2011,3.3
lbr,2012,3.2
lbr,2013,3.3
lbr,2014,3.4
lbr,2015,3.5
lbr,2016,3.7
lbr,2017,3.9
lbr,2018,4.1
lbr,2019,4.4
lbr,2020,4.7
lby,2000,17.6
lby,2001,18.3
lby,2002,19.1
lby,2003,19.9
lby,2004,20.6
lby,2005,21.4
lby,2006,22.2
lby,2007,22.9
lby,2008,23.6
lby,2009,24.2
lby,2010,24.8
lby,2011,25.2
lby,2012,25.6
lby,2013,25.9
lby,2014,26
lby,2015,26
lby,2016,25.9
lby,2017,25.9
lby,2018,25.9
lby,2019,25.8
lby,2020,25.4
lca,2000,5.8
lca,2001,5.9
lca,2002,5.9
lca,2003,6
lca,2004,6
lca,2005,6.1
lca,2006,6.2
lca,2007,6.2
lca,2008,6.3
lca,2009,6.3
lca,2010,6.4
lca,2011,6.4
lca,2012,6.5
lca,2013,6.5
lca,2014,6.6
lca,2015,6.6
lca,2016,6.7
lca,2017,6.7
lca,2018,6.8
lca,2019,6.8
lca,2020,6.9
lka,2000,1
lka,2001,1
lka,2002,1
lka,2003,1
lka,2004,1.1
lka,2005,1.1
lka,2006,1.1
lka,2007,1.1
lka,2008,1.1
lka,2009,1.1
lka,2010,1.2
lka,2011,1.2
lka,2012,1.2
lka,2013,1.2
lka,2014,1.2
lka,2015,1.2
lka,2016,1.2
lka,2017,1.3
lka,2018,1.3
lka,2019,1.3
lka,2020,1.3
lso,2000,6.7
lso,2001,6.7
lso,2002,6.8
lso,2003,6.8
lso,2004,6.9
lso,2005,6.9
lso,2006,6.9
lso,2007,7
lso,2008,7
lso,2009,7
lso,2010,7
lso,2011,7
lso,2012,7
lso,2013,7.1
lso,2014,7.1
lso,2015,7.1
lso,2016,7.1
lso,2017,7.2
lso,2018,7.2
lso,2019,7.2
lso,2020,7.2
mar,2000,12.2
mar,2001,12.3
mar,2002,12.3
mar,2003,12.4
mar,2004,12.3
mar,2005,12.3
mar,2006,12.2
mar,2007,12.2
mar,2008,12.1
mar,2009,12
mar,2010,11.9
mar,2011,11.8
mar,2012,11.8
mar,2013,11.7
mar,2014,11.6
mar,2015,11.5
mar,2016,11.4
mar,2017,11.4
mar,2018,11.4
mar,2019,11.3
mar,2020,11.3
mda,2000,6.8
mda,2001,7
mda,2002,7.3
mda,2003,7.5
mda,2004,7.7
mda,2005,7.7
mda,2006,7.7
mda,2007,7.6
mda,2008,7.4
mda,2009,7.1
mda,2010,6.9
mda,2011,6.5
mda,2012,6.2
mda,2013,5.8
mda,2014,5.4
mda,2015,5.1
mda,2016,4.8
mda,2017,4.6
mda,2018,4.5
mda,2019,4.4
mda,2020,4.3
mdg,2000,3
mdg,2001,3.1
mdg,2002,3.2
mdg,2003,3.1
mdg,2004,3
mdg,2005,2.9
mdg,2006,2.7
mdg,2007,2.5
mdg,2008,2.3
mdg,2009,2.1
mdg,2010,2
mdg,2011,1.9
mdg,2012,1.8
mdg,2013,1.7
mdg,2014,1.6
mdg,2015,1.6
mdg,2016,1.5
mdg,2017,1.5
mdg,2018,1.5
mdg,2019,1.5
mdg,2020,1.5
mdv,2000,4.4
mdv,2001,4.7
mdv,2002,4.9
mdv,2003,5.2
mdv,2004,5.4
mdv,2005,5.5
mdv,2006,5.6
mdv,2007,5.8
mdv,2008,5.8
mdv,2009,5.9
mdv,2010,5.9
mdv,2011,5.9
mdv,2012,5.8
mdv,2013,5.7
mdv,2014,5.6
mdv,2015,5.5
mdv,2016,5.3
mdv,2017,5.1
mdv,2018,5
mdv,2019,4.8
mdv,2020,4.6
mex,2000,7.2
mex,2001,7.2
mex,2002,7.2
mex,2003,7.2
mex,2004,7.2
mex,2005,7.2
mex,2006,7.2
mex,2007,7.1
mex,2008,7
mex,2009,7
mex,2010,6.9
mex,2011,6.8
mex,2012,6.7
mex,2013,6.6
mex,2014,6.6
mex,2015,6.5
mex,2016,6.4
mex,2017,6.4
mex,2018,6.4
mex,2019,6.3
mex,2020,6.3
mhl,2000,3.8
mhl,2001,3.8
mhl,2002,3.9
mhl,2003,3.9
mhl,2004,3.9
mhl,2005,3.9
mhl,2006,4
mhl,2007,4
mhl,2008,4
mhl,2009,4
mhl,2010,4
mhl,2011,4
mhl,2012,4.1
mhl,2013,4.1
mhl,2014,4.1
mhl,2015,4.1
mhl,2016,4.1
mhl,2017,4.2
mhl,2018,4.2
mhl,2019,4.2
mhl,2020,4.2
mkd,2000,11.3
mkd,2001,12.1
mkd,2002,12.9
mkd,2003,13.6
mkd,2004,14.2
mkd,2005,14.6
mkd,2006,14.8
mkd,2007,14.9
mkd,2008,14.9
mkd,2009,14.7
mkd,2010,14.4
mkd,2011,13.9
mkd,2012,13.4
mkd,2013,12.7
mkd,2014,12.1
mkd,2015,11.5
mkd,2016,11
mkd,2017,10.7
mkd,2018,10.4
mkd,2019,10.2
mkd,2020,10
mli,2000,3
mli,2001,3.1
mli,2002,3.2
mli,2003,3.2
mli,2004,3.1
mli,2005,2.8
mli,2006,2.5
mli,2007,2.2
mli,2008,2
mli,2009,1.8
mli,2010,1.7
mli,2011,1.6
mli,2012,1.6
mli,2013,1.6
mli,2014,1.6
mli,2015,1.6
mli,2016,1.7
mli,2017,1.7
mli,2018,1.8
mli,2019,1.9
mli,2020,2.1
mmr,2000,4.5
mmr,2001,4.3
mmr,2002,4.1
mmr,2003,3.9
mmr,2004,3.7
mmr,2005,3.5
mmr,2006,3.3
mmr,2007,3.1
mmr,2008,2.9
mmr,2009,2.7
mmr,2010,2.6
mmr,2011,2.4
mmr,2012,2.2
mmr,2013,2.1
mmr,2014,2
mmr,2015,1.9
mmr,2016,1.8
mmr,2017,1.7
mmr,2018,1.6
mmr,2019,1.6
mmr,2020,1.5
mne,2000,13.7
mne,2001,14.7
mne,2002,15.6
mne,2003,16.3
mne,2004,17
mne,2005,17.4
mne,2006,17.6
mne,2007,17.7
mne,2008,17.5
mne,2009,17.2
mne,2010,16.7
mne,2011,16.1
mne,2012,15.3
mne,2013,14.4
mne,2014,13.5
mne,2015,12.6
mne,2016,11.9
mne,2017,11.3
mne,2018,10.9
mne,2019,10.6
mne,2020,10.2
mng,2000,8.5
mng,2001,8.7
mng,2002,8.9
mng,2003,9.1
mng,2004,9.3
mng,2005,9.5
mng,2006,9.7
mng,2007,9.8
mng,2008,9.9
mng,2009,10
mng,2010,10.1
mng,2011,10.1
mng,2012,10.2
mng,2013,10.2
mng,2014,10.2
mng,2015,10.2
mng,2016,10.2
mng,2017,10.3
mng,2018,10.3
mng,2019,10.2
mng,2020,10.1
moz,2000,6.7
moz,2001,7
moz,2002,7.3
moz,2003,7.4
moz,2004,7.4
moz,2005,7.3
moz,2006,7.1
moz,2007,6.8
moz,2008,6.5
moz,2009,6.3
moz,2010,6
moz,2011,5.9
moz,2012,5.7
moz,2013,5.7
moz,2014,5.6
moz,2015,5.6
moz,2016,5.6
moz,2017,5.7
moz,2018,5.8
moz,2019,5.9
moz,2020,6
mrt,2000,3.4
mrt,2001,3.5
mrt,2002,3.6
mrt,2003,3.6
mrt,2004,3.5
mrt,2005,3.3
mrt,2006,3
mrt,2007,2.7
mrt,2008,2.4
mrt,2009,2.2
mrt,2010,2.1
mrt,2011,2
mrt,2012,1.9
mrt,2013,1.9
mrt,2014,2
mrt,2015,2
mrt,2016,2.1
mrt,2017,2.2
mrt,2018,2.4
mrt,2019,2.5
mrt,2020,2.7
mus,2000,8.8
mus,2001,9.2
mus,2002,9.6
mus,2003,9.7
mus,2004,9.7
mus,2005,9.6
mus,2006,9.3
mus,2007,8.9
mus,2008,8.5
mus,2009,8.2
mus,2010,7.8
mus,2011,7.6
mus,2012,7.4
mus,2013,7.3
mus,2014,7.2
mus,2015,7.2
mus,2016,7.2
mus,2017,7.3
mus,2018,7.4
mus,2019,7.5
mus,2020,7.6
mwi,2000,10.9
mwi,2001,11.1
mwi,2002,11.1
mwi,2003,10.9
mwi,2004,10.5
mwi,2005,9.9
mwi,2006,9.2
mwi,2007,8.4
mwi,2008,7.7
mwi,2009,7.1
mwi,2010,6.6
mwi,2011,6.1
mwi,2012,5.7
mwi,2013,5.4
mwi,2014,5.1
mwi,2015,5
mwi,2016,4.8
mwi,2017,4.7
mwi,2018,4.7
mwi,2019,4.7
mwi,2020,4.7
mys,2000,5.4
mys,2001,5.5
mys,2002,5.6
mys,2003,5.7
mys,2004,5.8
mys,2005,5.8
mys,2006,5.9
mys,2007,5.9
mys,2008,5.9
mys,2009,6
mys,2010,6
mys,2011,6
mys,2012,6
mys,2013,6.1
mys,2014,6.1
mys,2015,6.1
mys,2016,6.1
mys,2017,6.1
mys,2018,6.1
mys,2019,6.1
mys,2020,6.1
nam,2000,4.1
nam,2001,4.1
nam,2002,4
nam,2003,4
nam,2004,4.1
nam,2005,4.1
nam,2006,4.1
nam,2007,4.1
nam,2008,4.1
nam,2009,4.2
nam,2010,4.2
nam,2011,4.3
nam,2012,4.3
nam,2013,4.4
nam,2014,4.4
nam,2015,4.5
nam,2016,4.6
nam,2017,4.7
nam,2018,4.8
nam,2019,4.9
nam,2020,5
ner,2000,1.3
ner,2001,1.3
ner,2002,1.3
ner,2003,1.3
ner,2004,1.3
ner,2005,1.2
ner,2006,1.1
ner,2007,1
ner,2008,0.9
ner,2009,0.9
ner,2010,0.8
ner,2011,0.8
ner,2012,0.9
ner,2013,0.9
ner,2014,1
ner,2015,1
ner,2016,1.2
ner,2017,1.3
ner,2018,1.5
ner,2019,1.6
ner,2020,1.9
nga,2000,5.4
nga,2001,5.6
nga,2002,5.7
nga,2003,5.7
nga,2004,5.5
nga,2005,5
nga,2006,4.5
nga,2007,3.9
nga,2008,3.5
nga,2009,3.1
nga,2010,2.8
nga,2011,2.6
nga,2012,2.5
nga,2013,2.4
nga,2014,2.4
nga,2015,2.4
nga,2016,2.4
nga,2017,2.4
nga,2018,2.5
nga,2019,2.6
nga,2020,2.7
nic,2000,6.4
nic,2001,6.5
nic,2002,6.6
nic,2003,6.6
nic,2004,6.7
nic,2005,6.8
nic,2006,6.9
nic,2007,6.9
nic,2008,7
nic,2009,7
nic,2010,7.1
nic,2011,7.1
nic,2012,7.2
nic,2013,7.2
nic,2014,7.2
nic,2015,7.3
nic,2016,7.4
nic,2017,7.4
nic,2018,7.4
nic,2019,7.5
nic,2020,7.5
nld,2000,3.2
nld,2001,3.2
nld,2002,3.2
nld,2003,3.3
nld,2004,3.3
nld,2005,3.4
nld,2006,3.5
nld,2007,3.6
nld,2008,3.6
nld,2009,3.7
nld,2010,3.8
nld,2011,3.9
nld,2012,4.1
nld,2013,4.2
nld,2014,4.3
nld,2015,4.4
nld,2016,4.5
nld,2017,4.7
nld,2018,4.8
nld,2019,4.9
nld,2020,5
npl,2000,0.9
npl,2001,0.9
npl,2002,0.9
npl,2003,1
npl,2004,1
npl,2005,1
npl,2006,1.1
npl,2007,1.1
npl,2008,1.2
npl,2009,1.2
npl,2010,1.3
npl,2011,1.3
npl,2012,1.4
npl,2013,1.4
npl,2014,1.5
npl,2015,1.5
npl,2016,1.6
npl,2017,1.6
npl,2018,1.7
npl,2019,1.7
npl,2020,1.8
nru,2000,3
nru,2001,3
nru,2002,3
nru,2003,3
nru,2004,3
nru,2005,3
nru,2006,3
nru,2007,3
nru,2008,3
nru,2009,3
nru,2010,3.1
nru,2011,3.1
nru,2012,3.1
nru,2013,3.2
nru,2014,3.3
nru,2015,3.3
nru,2016,3.4
nru,2017,3.4
nru,2018,3.5
nru,2019,3.6
nru,2020,3.7
omn,2000,1.8
omn,2001,1.8
omn,2002,1.9
omn,2003,1.9
omn,2004,2
omn,2005,2
omn,2006,2.1
omn,2007,2.2
omn,2008,2.3
omn,2009,2.5
omn,2010,2.6
omn,2011,2.8
omn,2012,3
omn,2013,3.2
omn,2014,3.4
omn,2015,3.6
omn,2016,3.8
omn,2017,4
omn,2018,4.3
omn,2019,4.5
omn,2020,4.8
pak,2000,4.8
pak,2001,4.9
pak,2002,5
pak,2003,5.1
pak,2004,5.1
pak,2005,5.1
pak,2006,5.1
pak,2007,5.1
pak,2008,5
pak,2009,5
pak,2010,4.9
pak,2011,4.8
pak,2012,4.6
pak,2013,4.5
pak,2014,4.3
pak,2015,4.2
pak,2016,4
pak,2017,3.9
pak,2018,3.7
pak,2019,3.6
pak,2020,3.4
pan,2000,8.4
pan,2001,8.6
pan,2002,8.8
pan,2003,9
pan,2004,9.2
pan,2005,9.3
pan,2006,9.4
pan,2007,9.6
pan,2008,9.7
pan,2009,9.8
pan,2010,9.9
pan,2011,10
pan,2012,10.1
pan,2013,10.2
pan,2014,10.4
pan,2015,10.5
pan,2016,10.6
pan,2017,10.7
pan,2018,10.7
pan,2019,10.8
pan,2020,10.8
per,2000,9.8
per,2001,9.8
per,2002,9.7
per,2003,9.7
per,2004,9.6
per,2005,9.5
per,2006,9.4
per,2007,9.3
per,2008,9.2
per,2009,9.1
per,2010,9
per,2011,8.9
per,2012,8.7
per,2013,8.6
per,2014,8.5
per,2015,8.4
per,2016,8.3
per,2017,8.2
per,2018,8.1
per,2019,8.1
per,2020,8
phl,2000,2.4
phl,2001,2.4
phl,2002,2.5
phl,2003,2.5
phl,2004,2.6
phl,2005,2.7
phl,2006,2.8
phl,2007,2.9
phl,2008,2.9
phl,2009,3
phl,2010,3.1
phl,2011,3.3
phl,2012,3.4
phl,2013,3.5
phl,2014,3.6
phl,2015,3.7
phl,2016,3.8
phl,2017,3.9
phl,2018,4
phl,2019,4.1
phl,2020,4.2
png,2000,5.5
png,2001,5.7
png,2002,5.9
png,2003,6.2
png,2004,6.4
png,2005,6.6
png,2006,6.8
png,2007,7
png,2008,7.3
png,2009,7.5
png,2010,7.7
png,2011,7.9
png,2012,8.1
png,2013,8.2
png,2014,8.4
png,2015,8.6
png,2016,8.7
png,2017,8.8
png,2018,8.9
png,2019,8.9
png,2020,8.9
pol,2000,4.5
pol,2001,4.6
pol,2002,4.7
pol,2003,4.8
pol,2004,4.9
pol,2005,5
pol,2006,5.1
pol,2007,5.2
pol,2008,5.3
pol,2009,5.4
pol,2010,5.6
pol,2011,5.7
pol,2012,5.9
pol,2013,6
pol,2014,6.1
pol,2015,6.2
pol,2016,6.3
pol,2017,6.4
pol,2018,6.5
pol,2019,6.6
pol,2020,6.7
prk,2000,1.1
prk,2001,1.1
prk,2002,1.1
prk,2003,1.1
prk,2004,1.1
prk,2005,1.1
prk,2006,1.1
prk,2007,1.1
prk,2008,1.2
prk,2009,1.2
prk,2010,1.2
prk,2011,1.3
prk,2012,1.3
prk,2013,1.4
prk,2014,1.4
prk,2015,1.5
prk,2016,1.5
prk,2017,1.6
prk,2018,1.7
prk,2019,1.8
prk,2020,1.9
prt,2000,5.6
prt,2001,5.7
prt,2002,5.9
prt,2003,6
prt,2004,6.2
prt,2005,6.4
prt,2006,6.6
prt,2007,6.7
prt,2008,6.9
prt,2009,7.1
prt,2010,7.3
prt,2011,7.5
prt,2012,7.6
prt,2013,7.8
prt,2014,8
prt,2015,8.1
prt,2016,8.2
prt,2017,8.3
prt,2018,8.4
prt,2019,8.5
prt,2020,8.5
pry,2000,7.2
pry,2001,7.4
pry,2002,7.6
pry,2003,7.9
pry,2004,8.1
pry,2005,8.3
pry,2006,8.5
pry,2007,8.8
pry,2008,9
pry,2009,9.3
pry,2010,9.6
pry,2011,9.8
pry,2012,10.1
pry,2013,10.4
pry,2014,10.7
pry,2015,10.9
pry,2016,11.2
pry,2017,11.4
pry,2018,11.6
pry,2019,11.8
pry,2020,12
pse,2000,7.1
pse,2001,7.2
pse,2002,7.3
pse,2003,7.4
pse,2004,7.5
pse,2005,7.6
pse,2006,7.6
pse,2007,7.7
pse,2008,7.8
pse,2009,7.9
pse,2010,7.9
pse,2011,8
pse,2012,8.1
pse,2013,8.2
pse,2014,8.3
pse,2015,8.3
pse,2016,8.3
pse,2017,8.4
pse,2018,8.4
pse,2019,8.5
pse,2020,8.5
qat,2000,9.9
qat,2001,10.2
qat,2002,10.5
qat,2003,10.8
qat,2004,11.1
qat,2005,11.4
qat,2006,11.7
qat,2007,11.9
qat,2008,12.2
qat,2009,12.4
qat,2010,12.6
qat,2011,12.9
qat,2012,13.1
qat,2013,13.2
qat,2014,13.4
qat,2015,13.5
qat,2016,13.6
qat,2017,13.7
qat,2018,13.8
qat,2019,13.9
qat,2020,13.9
rou,2000,8.9
rou,2001,9.4
rou,2002,9.9
rou,2003,10.3
rou,2004,10.7
rou,2005,10.9
rou,2006,11
rou,2007,10.9
rou,2008,10.8
rou,2009,10.6
rou,2010,10.3
rou,2011,9.9
rou,2012,9.5
rou,2013,9
rou,2014,8.4
rou,2015,7.9
rou,2016,7.5
rou,2017,7.2
rou,2018,7
rou,2019,6.8
rou,2020,6.7
rwa,2000,7
rwa,2001,7.4
rwa,2002,7.7
rwa,2003,7.8
rwa,2004,7.8
rwa,2005,7.7
rwa,2006,7.4
rwa,2007,7.1
rwa,2008,6.7
rwa,2009,6.4
rwa,2010,6.1
rwa,2011,5.9
rwa,2012,5.7
rwa,2013,5.5
rwa,2014,5.4
rwa,2015,5.3
rwa,2016,5.2
rwa,2017,5.2
rwa,2018,5.2
rwa,2019,5.2
rwa,2020,5.2
sau,2000,3.1
sau,2001,3.3
sau,2002,3.4
sau,2003,3.6
sau,2004,3.9
sau,2005,4.1
sau,2006,4.4
sau,2007,4.7
sau,2008,5
sau,2009,5.3
sau,2010,5.5
sau,2011,5.9
sau,2012,6.2
sau,2013,6.4
sau,2014,6.7
sau,2015,6.9
sau,2016,7.1
sau,2017,7.3
sau,2018,7.4
sau,2019,7.5
sau,2020,7.6
sdn,2000,3.5
sdn,2001,3.6
sdn,2002,3.6
sdn,2003,3.6
sdn,2004,3.6
sdn,2005,3.5
sdn,2006,3.3
sdn,2007,3.1
sdn,2008,2.9
sdn,2009,2.8
sdn,2010,2.7
sdn,2011,2.6
sdn,2012,2.5
sdn,2013,2.4
sdn,2014,2.4
sdn,2015,2.4
sdn,2016,2.4
sdn,2017,2.5
sdn,2018,2.6
sdn,2019,2.6
sdn,2020,2.7
sen,2000,3.2
sen,2001,3.2
sen,2002,3.3
sen,2003,3.2
sen,2004,3.1
sen,2005,2.8
sen,2006,2.5
sen,2007,2.2
sen,2008,1.9
sen,2009,1.7
sen,2010,1.6
sen,2011,1.5
sen,2012,1.5
sen,2013,1.4
sen,2014,1.5
sen,2015,1.5
sen,2016,1.6
sen,2017,1.7
sen,2018,1.8
sen,2019,1.9
sen,2020,2.1
sgp,2000,3
sgp,2001,3
sgp,2002,3.1
sgp,2003,3.1
sgp,2004,3.2
sgp,2005,3.2
sgp,2006,3.3
sgp,2007,3.4
sgp,2008,3.5
sgp,2009,3.7
sgp,2010,3.8
sgp,2011,3.9
sgp,2012,4
sgp,2013,4.1
sgp,2014,4.2
sgp,2015,4.3
sgp,2016,4.4
sgp,2017,4.5
sgp,2018,4.6
sgp,2019,4.7
sgp,2020,4.8
slb,2000,2.9
slb,2001,3
slb,2002,3
slb,2003,3
slb,2004,3.1
slb,2005,3.1
slb,2006,3.1
slb,2007,3.2
slb,2008,3.2
slb,2009,3.3
slb,2010,3.4
slb,2011,3.4
slb,2012,3.5
slb,2013,3.5
slb,2014,3.6
slb,2015,3.7
slb,2016,3.7
slb,2017,3.8
slb,2018,3.8
slb,2019,3.9
slb,2020,4
sle,2000,4.8
sle,2001,5.1
sle,2002,5.4
sle,2003,5.5
sle,2004,5.5
sle,2005,5.2
sle,2006,4.8
sle,2007,4.3
sle,2008,3.9
sle,2009,3.7
sle,2010,3.5
sle,2011,3.4
sle,2012,3.4
sle,2013,3.4
sle,2014,3.5
sle,2015,3.6
sle,2016,3.7
sle,2017,3.9
sle,2018,4.2
sle,2019,4.4
sle,2020,4.7
slv,2000,4.7
slv,2001,4.8
slv,2002,5
slv,2003,5.1
slv,2004,5.2
slv,2005,5.3
slv,2006,5.4
slv,2007,5.5
slv,2008,5.6
slv,2009,5.7
slv,2010,5.8
slv,2011,5.9
slv,2012,6
slv,2013,6.1
slv,2014,6.1
slv,2015,6.3
slv,2016,6.3
slv,2017,6.4
slv,2018,6.5
slv,2019,6.5
slv,2020,6.6
som,2000,4.5
som,2001,4.7
som,2002,4.8
som,2003,4.8
som,2004,4.7
som,2005,4.5
som,2006,4.3
som,2007,4
som,2008,3.8
som,2009,3.6
som,2010,3.4
som,2011,3.2
som,2012,3.1
som,2013,3
som,2014,2.9
som,2015,2.9
som,2016,2.9
som,2017,2.8
som,2018,2.9
som,2019,2.9
som,2020,2.9
srb,2000,13.7
srb,2001,14.5
srb,2002,15.4
srb,2003,16.1
srb,2004,16.8
srb,2005,17.3
srb,2006,17.6
srb,2007,17.6
srb,2008,17.5
srb,2009,17.3
srb,2010,16.8
srb,2011,16.2
srb,2012,15.5
srb,2013,14.6
srb,2014,13.8
srb,2015,13
srb,2016,12.3
srb,2017,11.7
srb,2018,11.3
srb,2019,11
srb,2020,10.8
ssd,2000,8.4
ssd,2001,8.8
ssd,2002,9.1
ssd,2003,9.3
ssd,2004,9.2
ssd,2005,9
ssd,2006,8.6
ssd,2007,8.2
ssd,2008,7.8
ssd,2009,7.4
ssd,2010,7
ssd,2011,6.7
ssd,2012,6.4
ssd,2013,6.2
ssd,2014,6
ssd,2015,5.9
ssd,2016,5.8
ssd,2017,5.7
ssd,2018,5.7
ssd,2019,5.7
ssd,2020,5.7
stp,2000,3.9
stp,2001,4.2
stp,2002,4.3
stp,2003,4.4
stp,2004,4.4
stp,2005,4.1
stp,2006,3.8
stp,2007,3.4
stp,2008,3.2
stp,2009,2.9
stp,2010,2.8
stp,2011,2.7
stp,2012,2.7
stp,2013,2.7
stp,2014,2.8
stp,2015,2.9
stp,2016,3.1
stp,2017,3.3
stp,2018,3.5
stp,2019,3.8
stp,2020,4
sur,2000,3.5
sur,2001,3.5
sur,2002,3.6
sur,2003,3.6
sur,2004,3.6
sur,2005,3.6
sur,2006,3.6
sur,2007,3.7
sur,2008,3.7
sur,2009,3.7
sur,2010,3.7
sur,2011,3.7
sur,2012,3.8
sur,2013,3.8
sur,2014,3.8
sur,2015,3.9
sur,2016,3.9
sur,2017,3.9
sur,2018,4
sur,2019,4
sur,2020,4
swz,2000,11.4
swz,2001,11.5
swz,2002,11.5
swz,2003,11.5
swz,2004,11.5
swz,2005,11.4
swz,2006,11.4
swz,2007,11.3
swz,2008,11.2
swz,2009,11
swz,2010,10.9
swz,2011,10.8
swz,2012,10.6
swz,2013,10.5
swz,2014,10.4
swz,2015,10.2
swz,2016,10.1
swz,2017,10
swz,2018,9.9
swz,2019,9.8
swz,2020,9.7
syc,2000,10.9
syc,2001,11.6
syc,2002,12.1
syc,2003,12.4
syc,2004,12.4
syc,2005,12.2
syc,2006,11.9
syc,2007,11.5
syc,2008,11
syc,2009,10.6
syc,2010,10.2
syc,2011,9.9
syc,2012,9.6
syc,2013,9.4
syc,2014,9.3
syc,2015,9.3
syc,2016,9.3
syc,2017,9.4
syc,2018,9.5
syc,2019,9.7
syc,2020,9.8
syr,2000,16.9
syr,2001,17.3
syr,2002,17.6
syr,2003,17.9
syr,2004,18.1
syr,2005,18.4
syr,2006,18.7
syr,2007,18.9
syr,2008,19
syr,2009,19.1
syr,2010,19.2
syr,2011,19.3
syr,2012,19.2
syr,2013,19
syr,2014,18.9
syr,2015,18.7
syr,2016,18.6
syr,2017,18.5
syr,2018,18.4
syr,2019,18.3
syr,2020,18.2
tcd,2000,3.4
tcd,2001,3.7
tcd,2002,3.9
tcd,2003,4
tcd,2004,3.9
tcd,2005,3.7
tcd,2006,3.4
tcd,2007,3.1
tcd,2008,2.8
tcd,2009,2.6
tcd,2010,2.5
tcd,2011,2.4
tcd,2012,2.4
tcd,2013,2.4
tcd,2014,2.5
tcd,2015,2.6
tcd,2016,2.7
tcd,2017,2.8
tcd,2018,3
tcd,2019,3.2
tcd,2020,3.4
tgo,2000,2.8
tgo,2001,2.9
tgo,2002,3.1
tgo,2003,3.1
tgo,2004,3
tgo,2005,2.8
tgo,2006,2.6
tgo,2007,2.3
tgo,2008,2.1
tgo,2009,1.9
tgo,2010,1.8
tgo,2011,1.7
tgo,2012,1.7
tgo,2013,1.7
tgo,2014,1.7
tgo,2015,1.8
tgo,2016,1.9
tgo,2017,2
tgo,2018,2.1
tgo,2019,2.3
tgo,2020,2.4
tha,2000,6.4
tha,2001,6.7
tha,2002,6.9
tha,2003,7.1
tha,2004,7.3
tha,2005,7.5
tha,2006,7.7
tha,2007,7.9
tha,2008,8.1
tha,2009,8.3
tha,2010,8.4
tha,2011,8.6
tha,2012,8.7
tha,2013,8.8
tha,2014,8.9
tha,2015,9
tha,2016,9.1
tha,2017,9.1
tha,2018,9.2
tha,2019,9.2
tha,2020,9.2
tjk,2000,6.6
tjk,2001,6.9
tjk,2002,7.1
tjk,2003,7.3
tjk,2004,7.4
tjk,2005,7.5
tjk,2006,7.4
tjk,2007,7.2
tjk,2008,7
tjk,2009,6.7
tjk,2010,6.4
tjk,2011,6
tjk,2012,5.6
tjk,2013,5.2
tjk,2014,4.8
tjk,2015,4.4
tjk,2016,4.1
tjk,2017,3.9
tjk,2018,3.7
tjk,2019,3.6
tjk,2020,3.5
tkm,2000,4.9
tkm,2001,5.2
tkm,2002,5.4
tkm,2003,5.6
tkm,2004,5.8
tkm,2005,5.9
tkm,2006,5.9
tkm,2007,5.8
tkm,2008,5.7
tkm,2009,5.6
tkm,2010,5.4
tkm,2011,5.2
tkm,2012,5
tkm,2013,4.7
tkm,2014,4.5
tkm,2015,4.3
tkm,2016,4.1
tkm,2017,4
tkm,2018,3.9
tkm,2019,3.8
tkm,2020,3.8
tls,2000,3.6
tls,2001,3.6
tls,2002,3.5
tls,2003,3.5
tls,2004,3.4
tls,2005,3.4
tls,2006,3.4
tls,2007,3.3
tls,2008,3.3
tls,2009,3.2
tls,2010,3.1
tls,2011,3.1
tls,2012,3
tls,2013,3
tls,2014,2.9
tls,2015,2.8
tls,2016,2.8
tls,2017,2.7
tls,2018,2.7
tls,2019,2.7
tls,2020,2.6
ton,2000,10.4
ton,2001,10.8
ton,2002,11.2
ton,2003,11.5
ton,2004,11.8
ton,2005,12.1
ton,2006,12.4
ton,2007,12.6
ton,2008,12.7
ton,2009,12.9
ton,2010,13
ton,2011,13.1
ton,2012,13.2
ton,2013,13.2
ton,2014,13.2
ton,2015,13.1
ton,2016,13.1
ton,2017,13
ton,2018,12.9
ton,2019,12.8
ton,2020,12.6
tto,2000,5.9
tto,2001,6.1
tto,2002,6.3
tto,2003,6.6
tto,2004,6.9
tto,2005,7.3
tto,2006,7.6
tto,2007,7.9
tto,2008,8.3
tto,2009,8.6
tto,2010,8.9
tto,2011,9.2
tto,2012,9.5
tto,2013,9.8
tto,2014,10.1
tto,2015,10.4
tto,2016,10.6
tto,2017,10.7
tto,2018,10.9
tto,2019,10.9
tto,2020,11
tun,2000,4.6
tun,2001,4.8
tun,2002,5.2
tun,2003,5.5
tun,2004,6
tun,2005,6.4
tun,2006,6.9
tun,2007,7.5
tun,2008,8.1
tun,2009,8.8
tun,2010,9.5
tun,2011,10.2
tun,2012,10.9
tun,2013,11.7
tun,2014,12.5
tun,2015,13.3
tun,2016,14
tun,2017,14.7
tun,2018,15.4
tun,2019,16
tun,2020,16.5
tuv,2000,5.4
tuv,2001,5.5
tuv,2002,5.6
tuv,2003,5.7
tuv,2004,5.8
tuv,2005,5.8
tuv,2006,5.9
tuv,2007,6
tuv,2008,6
tuv,2009,6.1
tuv,2010,6.1
tuv,2011,6.2
tuv,2012,6.2
tuv,2013,6.2
tuv,2014,6.3
tuv,2015,6.3
tuv,2016,6.3
tuv,2017,6.3
tuv,2018,6.3
tuv,2019,6.4
tuv,2020,6.4
tza,2000,5.3
tza,2001,5.5
tza,2002,5.7
tza,2003,5.8
tza,2004,5.8
tza,2005,5.7
tza,2006,5.5
tza,2007,5.3
tza,2008,5.1
tza,2009,5
tza,2010,4.8
tza,2011,4.7
tza,2012,4.7
tza,2013,4.6
tza,2014,4.7
tza,2015,4.7
tza,2016,4.8
tza,2017,4.9
tza,2018,5.1
tza,2019,5.3
tza,2020,5.5
uga,2000,5.3
uga,2001,5.5
uga,2002,5.6
uga,2003,5.6
uga,2004,5.6
uga,2005,5.4
uga,2006,5.2
uga,2007,4.9
uga,2008,4.6
uga,2009,4.4
uga,2010,4.2
uga,2011,4
uga,2012,3.9
uga,2013,3.8
uga,2014,3.8
uga,2015,3.8
uga,2016,3.8
uga,2017,3.8
uga,2018,3.8
uga,2019,3.9
uga,2020,4
ukr,2000,23.1
ukr,2001,24.5
ukr,2002,25.8
ukr,2003,27
ukr,2004,28
ukr,2005,28.8
ukr,2006,29.2
ukr,2007,29.3
ukr,2008,29.2
ukr,2009,28.6
ukr,2010,27.9
ukr,2011,26.9
ukr,2012,25.7
ukr,2013,24.3
ukr,2014,22.9
ukr,2015,21.4
ukr,2016,20.2
ukr,2017,19.2
ukr,2018,18.3
ukr,2019,17.6
ukr,2020,17
ury,2000,9
ury,2001,9.1
ury,2002,9.2
ury,2003,9.3
ury,2004,9.3
ury,2005,9.4
ury,2006,9.4
ury,2007,9.5
ury,2008,9.5
ury,2009,9.6
ury,2010,9.6
ury,2011,9.7
ury,2012,9.8
ury,2013,9.8
ury,2014,9.9
ury,2015,10
ury,2016,10.1
ury,2017,10.1
ury,2018,10.2
ury,2019,10.3
ury,2020,10.3
usa,2000,7.2
usa,2001,7.3
usa,2002,7.5
usa,2003,7.6
usa,2004,7.7
usa,2005,7.8
usa,2006,7.8
usa,2007,7.9
usa,2008,8.1
usa,2009,8.2
usa,2010,8.4
usa,2011,8.5
usa,2012,8.6
usa,2013,8.6
usa,2014,8.7
usa,2015,8.7
usa,2016,8.8
usa,2017,8.8
usa,2018,8.8
usa,2019,8.8
usa,2020,8.8
uzb,2000,12.2
uzb,2001,12.6
uzb,2002,12.9
uzb,2003,13
uzb,2004,13
uzb,2005,12.9
uzb,2006,12.5
uzb,2007,12
uzb,2008,11.4
uzb,2009,10.8
uzb,2010,10.1
uzb,2011,9.3
uzb,2012,8.6
uzb,2013,7.8
uzb,2014,7.1
uzb,2015,6.6
uzb,2016,6.1
uzb,2017,5.7
uzb,2018,5.4
uzb,2019,5.2
uzb,2020,5
ven,2000,5.3
ven,2001,5.4
ven,2002,5.5
ven,2003,5.5
ven,2004,5.5
ven,2005,5.6
ven,2006,5.7
ven,2007,5.9
ven,2008,6
ven,2009,6.1
ven,2010,6.2
ven,2011,6.3
ven,2012,6.4
ven,2013,6.5
ven,2014,6.6
ven,2015,6.6
ven,2016,6.7
ven,2017,6.7
ven,2018,6.7
ven,2019,6.7
ven,2020,6.7
vnm,2000,2.4
vnm,2001,2.5
vnm,2002,2.5
vnm,2003,2.6
vnm,2004,2.8
vnm,2005,2.9
vnm,2006,3
vnm,2007,3.2
vnm,2008,3.4
vnm,2009,3.5
vnm,2010,3.7
vnm,2011,4
vnm,2012,4.2
vnm,2013,4.4
vnm,2014,4.6
vnm,2015,4.9
vnm,2016,5.1
vnm,2017,5.3
vnm,2018,5.6
vnm,2019,5.8
vnm,2020,6
vut,2000,4.3
vut,2001,4.4
vut,2002,4.4
vut,2003,4.5
vut,2004,4.5
vut,2005,4.6
vut,2006,4.6
vut,2007,4.7
vut,2008,4.7
vut,2009,4.7
vut,2010,4.8
vut,2011,4.8
vut,2012,4.8
vut,2013,4.8
vut,2014,4.8
vut,2015,4.9
vut,2016,4.9
vut,2017,4.9
vut,2018,4.9
vut,2019,4.9
vut,2020,4.9
wsm,2000,5.8
wsm,2001,5.9
wsm,2002,6
wsm,2003,6.1
wsm,2004,6.2
wsm,2005,6.2
wsm,2006,6.3
wsm,2007,6.4
wsm,2008,6.5
wsm,2009,6.5
wsm,2010,6.6
wsm,2011,6.6
wsm,2012,6.7
wsm,2013,6.7
wsm,2014,6.8
wsm,2015,6.8
wsm,2016,6.8
wsm,2017,6.9
wsm,2018,7
wsm,2019,7
wsm,2020,7.1
yem,2000,4.8
yem,2001,4.6
yem,2002,4.4
yem,2003,4.2
yem,2004,4
yem,2005,3.8
yem,2006,3.6
yem,2007,3.5
yem,2008,3.3
yem,2009,3.2
yem,2010,3.1
yem,2011,3
yem,2012,2.9
yem,2013,2.8
yem,2014,2.8
yem,2015,2.7
yem,2016,2.7
yem,2017,2.6
yem,2018,2.6
yem,2019,2.6
yem,2020,2.7
zaf,2000,11.2
zaf,2001,11.4
zaf,2002,11.5
zaf,2003,11.7
zaf,2004,11.9
zaf,2005,12
zaf,2006,12.2
zaf,2007,12.3
zaf,2008,12.5
zaf,2009,12.6
zaf,2010,12.6
zaf,2011,12.7
zaf,2012,12.8
zaf,2013,12.8
zaf,2014,12.9
zaf,2015,12.9
zaf,2016,12.9
zaf,2017,12.9
zaf,2018,12.9
zaf,2019,12.9
zaf,2020,12.9
zmb,2000,8.4
zmb,2001,8.8
zmb,2002,9
zmb,2003,9.1
zmb,2004,9
zmb,2005,8.8
zmb,2006,8.4
zmb,2007,7.9
zmb,2008,7.5
zmb,2009,7.1
zmb,2010,6.8
zmb,2011,6.5
zmb,2012,6.2
zmb,2013,6
zmb,2014,5.9
zmb,2015,5.7
zmb,2016,5.7
zmb,2017,5.6
zmb,2018,5.6
zmb,2019,5.7
zmb,2020,5.7
zwe,2000,7.5
zwe,2001,7.3
zwe,2002,7.2
zwe,2003,6.9
zwe,2004,6.7
zwe,2005,6.5
zwe,2006,6.2
zwe,2007,5.9
zwe,2008,5.6
zwe,2009,5.4
zwe,2010,5.1
zwe,2011,4.9
zwe,2012,4.7
zwe,2013,4.5
zwe,2014,4.4
zwe,2015,4.2
zwe,2016,4
zwe,2017,3.9
zwe,2018,3.8
zwe,2019,3.7
zwe,2020,3.6
