geo,time,ic_reg_proc
afg,2004,4
afg,2005,4
afg,2006,4
afg,2007,5
afg,2008,5
afg,2009,5
afg,2010,5
afg,2011,5
afg,2012,5
afg,2013,4
afg,2014,4
afg,2015,4
afg,2016,4
afg,2017,4
afg,2018,4
afg,2019,4
ago,2003,12
ago,2004,12
ago,2005,12
ago,2006,12
ago,2007,12
ago,2008,8
ago,2009,8
ago,2010,8
ago,2011,8
ago,2012,8
ago,2013,8
ago,2014,8
ago,2015,8
ago,2016,7
ago,2017,8
ago,2018,8
ago,2019,8
alb,2003,12
alb,2004,12
alb,2005,12
alb,2006,12
alb,2007,11
alb,2008,8
alb,2009,6
alb,2010,6
alb,2011,6
alb,2012,5
alb,2013,5
alb,2014,5
alb,2015,5
alb,2016,5
alb,2017,5
alb,2018,5
alb,2019,5
are,2003,10
are,2004,10
are,2005,10
are,2006,10
are,2007,9
are,2008,9
are,2009,8
are,2010,8
are,2011,7
are,2012,6
are,2013,6
are,2014,6
are,2015,6
are,2016,4
are,2017,4
are,2018,2
are,2019,2
arg,2003,13
arg,2004,13
arg,2005,13
arg,2006,13
arg,2007,13
arg,2008,14
arg,2009,14
arg,2010,14
arg,2011,14
arg,2012,14
arg,2013,14
arg,2014,14
arg,2015,14
arg,2016,14
arg,2017,14
arg,2018,11
arg,2019,12
arm,2003,10
arm,2004,10
arm,2005,10
arm,2006,9
arm,2007,9
arm,2008,9
arm,2009,6
arm,2010,6
arm,2011,4
arm,2012,4
arm,2013,4
arm,2014,4
arm,2015,4
arm,2016,4
arm,2017,4
arm,2018,3
arm,2019,3
atg,2005,9
atg,2006,9
atg,2007,9
atg,2008,9
atg,2009,9
atg,2010,9
atg,2011,9
atg,2012,9
atg,2013,9
atg,2014,9
atg,2015,9
atg,2016,9
atg,2017,9
atg,2018,9
atg,2019,9
aus,2003,3
aus,2004,3
aus,2005,3
aus,2006,3
aus,2007,3
aus,2008,3
aus,2009,3
aus,2010,3
aus,2011,3
aus,2012,3
aus,2013,3
aus,2014,3
aus,2015,3
aus,2016,3
aus,2017,3
aus,2018,3
aus,2019,3
aut,2003,8
aut,2004,8
aut,2005,8
aut,2006,8
aut,2007,8
aut,2008,8
aut,2009,8
aut,2010,8
aut,2011,8
aut,2012,8
aut,2013,8
aut,2014,8
aut,2015,8
aut,2016,8
aut,2017,8
aut,2018,8
aut,2019,8
aze,2003,14
aze,2004,13
aze,2005,13
aze,2006,13
aze,2007,12
aze,2008,6
aze,2009,6
aze,2010,6
aze,2011,6
aze,2012,6
aze,2013,3
aze,2014,4
aze,2015,3
aze,2016,3
aze,2017,3
aze,2018,3
aze,2019,3
bdi,2003,8
bdi,2004,8
bdi,2005,8
bdi,2006,8
bdi,2007,8
bdi,2008,8
bdi,2009,8
bdi,2010,8
bdi,2011,8
bdi,2012,4
bdi,2013,3
bdi,2014,3
bdi,2015,3
bdi,2016,3
bdi,2017,3
bdi,2018,4
bdi,2019,4
bel,2003,9
bel,2004,6
bel,2005,6
bel,2006,6
bel,2007,5
bel,2008,5
bel,2009,5
bel,2010,5
bel,2011,5
bel,2012,5
bel,2013,5
bel,2014,5
bel,2015,5
bel,2016,5
bel,2017,5
bel,2018,5
bel,2019,5
ben,2003,11
ben,2004,11
ben,2005,11
ben,2006,11
ben,2007,11
ben,2008,11
ben,2009,11
ben,2010,11
ben,2011,10
ben,2012,9
ben,2013,8
ben,2014,8
ben,2015,8
ben,2016,6
ben,2017,6
ben,2018,6
ben,2019,6
bfa,2003,12
bfa,2004,12
bfa,2005,12
bfa,2006,8
bfa,2007,6
bfa,2008,5
bfa,2009,4
bfa,2010,4
bfa,2011,3
bfa,2012,3
bfa,2013,3
bfa,2014,3
bfa,2015,3
bfa,2016,3
bfa,2017,3
bfa,2018,3
bfa,2019,3
bgd,2013,9
bgd,2014,9
bgd,2015,9
bgd,2016,9
bgd,2017,9
bgd,2018,9
bgd,2019,9
bgr,2003,13
bgr,2004,13
bgr,2005,13
bgr,2006,11
bgr,2007,12
bgr,2008,7
bgr,2009,7
bgr,2010,7
bgr,2011,7
bgr,2012,7
bgr,2013,7
bgr,2014,7
bgr,2015,7
bgr,2016,7
bgr,2017,7
bgr,2018,7
bgr,2019,7
bhr,2007,7
bhr,2008,7
bhr,2009,7
bhr,2010,7
bhr,2011,7
bhr,2012,7
bhr,2013,7
bhr,2014,7
bhr,2015,7
bhr,2016,6
bhr,2017,6
bhr,2018,6
bhr,2019,6
bhs,2007,7
bhs,2008,7
bhs,2009,7
bhs,2010,7
bhs,2011,7
bhs,2012,7
bhs,2013,7
bhs,2014,7
bhs,2015,8
bhs,2016,8
bhs,2017,7
bhs,2018,7
bhs,2019,7
bih,2003,12
bih,2004,12
bih,2005,13
bih,2006,13
bih,2007,13
bih,2008,13
bih,2009,13
bih,2010,14
bih,2011,14
bih,2012,13
bih,2013,13
bih,2014,13
bih,2015,13
bih,2016,13
bih,2017,13
bih,2018,13
bih,2019,13
blr,2003,17
blr,2004,17
blr,2005,17
blr,2006,17
blr,2007,11
blr,2008,9
blr,2009,7
blr,2010,7
blr,2011,7
blr,2012,7
blr,2013,6
blr,2014,6
blr,2015,5
blr,2016,5
blr,2017,5
blr,2018,4
blr,2019,4
blz,2005,9
blz,2006,9
blz,2007,9
blz,2008,9
blz,2009,9
blz,2010,9
blz,2011,9
blz,2012,9
blz,2013,9
blz,2014,9
blz,2015,9
blz,2016,9
blz,2017,9
blz,2018,9
blz,2019,9
bol,2003,14
bol,2004,14
bol,2005,14
bol,2006,14
bol,2007,14
bol,2008,14
bol,2009,14
bol,2010,14
bol,2011,14
bol,2012,14
bol,2013,14
bol,2014,14
bol,2015,14
bol,2016,14
bol,2017,12
bol,2018,12
bol,2019,12
bra,2013,11
bra,2014,11
bra,2015,11
bra,2016,11
bra,2017,11
bra,2018,11
bra,2019,11
brb,2011,8
brb,2012,8
brb,2013,8
brb,2014,7
brb,2015,7
brb,2016,7
brb,2017,7
brb,2018,7
brb,2019,7
brn,2006,21
brn,2007,21
brn,2008,21
brn,2009,21
brn,2010,18
brn,2011,18
brn,2012,18
brn,2013,18
brn,2014,18
brn,2015,7
brn,2016,7
brn,2017,5
brn,2018,3
brn,2019,3
btn,2003,10
btn,2004,10
btn,2005,10
btn,2006,10
btn,2007,8
btn,2008,8
btn,2009,8
btn,2010,8
btn,2011,8
btn,2012,8
btn,2013,8
btn,2014,8
btn,2015,8
btn,2016,8
btn,2017,8
btn,2018,8
btn,2019,8
bwa,2003,10
bwa,2004,10
bwa,2005,11
bwa,2006,11
bwa,2007,11
bwa,2008,10
bwa,2009,10
bwa,2010,10
bwa,2011,9
bwa,2012,9
bwa,2013,9
bwa,2014,9
bwa,2015,9
bwa,2016,9
bwa,2017,9
bwa,2018,9
bwa,2019,9
caf,2003,11
caf,2004,11
caf,2005,11
caf,2006,11
caf,2007,11
caf,2008,11
caf,2009,9
caf,2010,9
caf,2011,8
caf,2012,10
caf,2013,10
caf,2014,10
caf,2015,10
caf,2016,10
caf,2017,10
caf,2018,10
caf,2019,10
can,2003,3
can,2004,3
can,2005,3
can,2006,3
can,2007,3
can,2008,2
can,2009,2
can,2010,2
can,2011,2
can,2012,2
can,2013,2
can,2014,2
can,2015,2
can,2016,2
can,2017,2
can,2018,2
can,2019,2
che,2003,6
che,2004,6
che,2005,6
che,2006,6
che,2007,6
che,2008,6
che,2009,6
che,2010,6
che,2011,6
che,2012,6
che,2013,6
che,2014,6
che,2015,6
che,2016,6
che,2017,6
che,2018,6
che,2019,6
chl,2003,9
chl,2004,9
chl,2005,9
chl,2006,9
chl,2007,9
chl,2008,9
chl,2009,9
chl,2010,9
chl,2011,8
chl,2012,8
chl,2013,8
chl,2014,8
chl,2015,8
chl,2016,8
chl,2017,8
chl,2018,7
chl,2019,6
chn,2013,13
chn,2014,11
chn,2015,11
chn,2016,9
chn,2017,9
chn,2018,5
chn,2019,5
civ,2003,11
civ,2004,11
civ,2005,11
civ,2006,11
civ,2007,10
civ,2008,10
civ,2009,10
civ,2010,10
civ,2011,10
civ,2012,10
civ,2013,6
civ,2014,5
civ,2015,5
civ,2016,5
civ,2017,5
civ,2018,4
civ,2019,4
cmr,2003,11
cmr,2004,11
cmr,2005,11
cmr,2006,11
cmr,2007,11
cmr,2008,12
cmr,2009,11
cmr,2010,8
cmr,2011,7
cmr,2012,7
cmr,2013,7
cmr,2014,7
cmr,2015,7
cmr,2016,7
cmr,2017,7
cmr,2018,6
cmr,2019,6
cod,2003,15
cod,2004,15
cod,2005,15
cod,2006,15
cod,2007,15
cod,2008,15
cod,2009,15
cod,2010,11
cod,2011,11
cod,2012,11
cod,2013,12
cod,2014,8
cod,2015,7
cod,2016,7
cod,2017,4
cod,2018,4
cod,2019,4
cog,2003,12
cog,2004,12
cog,2005,12
cog,2006,12
cog,2007,12
cog,2008,12
cog,2009,12
cog,2010,12
cog,2011,12
cog,2012,12
cog,2013,12
cog,2014,12
cog,2015,12
cog,2016,12
cog,2017,11
cog,2018,11
cog,2019,11
col,2003,20
col,2004,12
col,2005,12
col,2006,13
col,2007,12
col,2008,10
col,2009,9
col,2010,9
col,2011,9
col,2012,9
col,2013,9
col,2014,9
col,2015,9
col,2016,8
col,2017,8
col,2018,8
col,2019,7
com,2005,10
com,2006,10
com,2007,10
com,2008,10
com,2009,10
com,2010,10
com,2011,10
com,2012,9
com,2013,9
com,2014,9
com,2015,9
com,2016,9
com,2017,9
com,2018,9
com,2019,9
cpv,2005,12
cpv,2006,12
cpv,2007,12
cpv,2008,12
cpv,2009,9
cpv,2010,9
cpv,2011,9
cpv,2012,9
cpv,2013,9
cpv,2014,9
cpv,2015,9
cpv,2016,9
cpv,2017,9
cpv,2018,9
cpv,2019,9
cri,2003,12
cri,2004,12
cri,2005,12
cri,2006,12
cri,2007,12
cri,2008,12
cri,2009,12
cri,2010,12
cri,2011,12
cri,2012,12
cri,2013,9
cri,2014,9
cri,2015,9
cri,2016,9
cri,2017,9
cri,2018,10
cri,2019,10
cyp,2008,6
cyp,2009,6
cyp,2010,6
cyp,2011,6
cyp,2012,6
cyp,2013,6
cyp,2014,6
cyp,2015,6
cyp,2016,5
cyp,2017,5
cyp,2018,5
cyp,2019,5
cze,2003,10
cze,2004,10
cze,2005,10
cze,2006,10
cze,2007,10
cze,2008,9
cze,2009,9
cze,2010,9
cze,2011,8
cze,2012,8
cze,2013,8
cze,2014,8
cze,2015,8
cze,2016,8
cze,2017,8
cze,2018,9
cze,2019,9
deu,2003,9
deu,2004,9
deu,2005,9
deu,2006,9
deu,2007,9
deu,2008,9
deu,2009,9
deu,2010,9
deu,2011,9
deu,2012,9
deu,2013,9
deu,2014,9
deu,2015,9
deu,2016,9
deu,2017,9
deu,2018,9
deu,2019,9
dji,2005,11
dji,2006,11
dji,2007,11
dji,2008,11
dji,2009,11
dji,2010,11
dji,2011,11
dji,2012,11
dji,2013,9
dji,2014,7
dji,2015,7
dji,2016,7
dji,2017,7
dji,2018,6
dji,2019,6
dma,2005,5
dma,2006,5
dma,2007,5
dma,2008,5
dma,2009,5
dma,2010,5
dma,2011,5
dma,2012,5
dma,2013,5
dma,2014,5
dma,2015,5
dma,2016,5
dma,2017,5
dma,2018,5
dma,2019,5
dnk,2003,6
dnk,2004,6
dnk,2005,5
dnk,2006,5
dnk,2007,5
dnk,2008,5
dnk,2009,5
dnk,2010,5
dnk,2011,5
dnk,2012,5
dnk,2013,5
dnk,2014,5
dnk,2015,5
dnk,2016,5
dnk,2017,5
dnk,2018,5
dnk,2019,5
dom,2003,9
dom,2004,9
dom,2005,9
dom,2006,9
dom,2007,9
dom,2008,8
dom,2009,8
dom,2010,8
dom,2011,7
dom,2012,7
dom,2013,7
dom,2014,7
dom,2015,7
dom,2016,7
dom,2017,7
dom,2018,7
dom,2019,7
dza,2003,14
dza,2004,13
dza,2005,13
dza,2006,13
dza,2007,13
dza,2008,13
dza,2009,13
dza,2010,13
dza,2011,13
dza,2012,13
dza,2013,13
dza,2014,13
dza,2015,12
dza,2016,12
dza,2017,12
dza,2018,12
dza,2019,12
ecu,2003,14
ecu,2004,14
ecu,2005,14
ecu,2006,14
ecu,2007,14
ecu,2008,14
ecu,2009,13
ecu,2010,13
ecu,2011,13
ecu,2012,13
ecu,2013,13
ecu,2014,13
ecu,2015,12
ecu,2016,11
ecu,2017,11
ecu,2018,11
ecu,2019,11
egy,2003,14
egy,2004,14
egy,2005,11
egy,2006,11
egy,2007,10
egy,2008,9
egy,2009,9
egy,2010,9
egy,2011,9
egy,2012,9
egy,2013,9
egy,2014,9
egy,2015,9
egy,2016,9
egy,2017,9
egy,2018,6
egy,2019,5
eri,2004,13
eri,2005,13
eri,2006,13
eri,2007,13
eri,2008,13
eri,2009,13
eri,2010,13
eri,2011,13
eri,2012,13
eri,2013,13
eri,2014,13
eri,2015,13
eri,2016,13
eri,2017,13
eri,2018,13
eri,2019,13
esp,2003,10
esp,2004,10
esp,2005,10
esp,2006,10
esp,2007,10
esp,2008,10
esp,2009,10
esp,2010,10
esp,2011,10
esp,2012,11
esp,2013,11
esp,2014,7
esp,2015,7
esp,2016,7
esp,2017,7
esp,2018,7
esp,2019,7
est,2003,6
est,2004,6
est,2005,6
est,2006,6
est,2007,5
est,2008,5
est,2009,5
est,2010,5
est,2011,5
est,2012,5
est,2013,5
est,2014,4
est,2015,3
est,2016,3
est,2017,3
est,2018,3
est,2019,3
eth,2003,12
eth,2004,11
eth,2005,11
eth,2006,11
eth,2007,11
eth,2008,11
eth,2009,11
eth,2010,11
eth,2011,13
eth,2012,14
eth,2013,14
eth,2014,14
eth,2015,14
eth,2016,14
eth,2017,12
eth,2018,11
eth,2019,11
fin,2003,3
fin,2004,3
fin,2005,3
fin,2006,3
fin,2007,3
fin,2008,3
fin,2009,3
fin,2010,3
fin,2011,3
fin,2012,3
fin,2013,3
fin,2014,3
fin,2015,3
fin,2016,3
fin,2017,3
fin,2018,3
fin,2019,3
fji,2003,7
fji,2004,7
fji,2005,8
fji,2006,8
fji,2007,8
fji,2008,8
fji,2009,8
fji,2010,8
fji,2011,9
fji,2012,11
fji,2013,11
fji,2014,11
fji,2015,11
fji,2016,11
fji,2017,11
fji,2018,11
fji,2019,11
fra,2003,8
fra,2004,5
fra,2005,5
fra,2006,5
fra,2007,5
fra,2008,5
fra,2009,5
fra,2010,5
fra,2011,5
fra,2012,5
fra,2013,5
fra,2014,5
fra,2015,5
fra,2016,5
fra,2017,5
fra,2018,5
fra,2019,5
fsm,2003,7
fsm,2004,7
fsm,2005,7
fsm,2006,7
fsm,2007,7
fsm,2008,7
fsm,2009,7
fsm,2010,7
fsm,2011,7
fsm,2012,7
fsm,2013,7
fsm,2014,7
fsm,2015,7
fsm,2016,7
fsm,2017,7
fsm,2018,7
fsm,2019,7
gab,2005,10
gab,2006,10
gab,2007,10
gab,2008,10
gab,2009,10
gab,2010,10
gab,2011,10
gab,2012,10
gab,2013,9
gab,2014,9
gab,2015,9
gab,2016,9
gab,2017,8
gab,2018,7
gab,2019,7
gbr,2003,6
gbr,2004,6
gbr,2005,6
gbr,2006,6
gbr,2007,6
gbr,2008,6
gbr,2009,6
gbr,2010,6
gbr,2011,6
gbr,2012,6
gbr,2013,6
gbr,2014,6
gbr,2015,4
gbr,2016,4
gbr,2017,4
gbr,2018,4
gbr,2019,4
geo,2003,9
geo,2004,9
geo,2005,8
geo,2006,7
geo,2007,5
geo,2008,3
geo,2009,3
geo,2010,3
geo,2011,2
geo,2012,2
geo,2013,2
geo,2014,2
geo,2015,2
geo,2016,2
geo,2017,2
geo,2018,1
geo,2019,1
gha,2003,11
gha,2004,11
gha,2005,11
gha,2006,11
gha,2007,10
gha,2008,8
gha,2009,7
gha,2010,7
gha,2011,7
gha,2012,7
gha,2013,8
gha,2014,8
gha,2015,8
gha,2016,8
gha,2017,8
gha,2018,8
gha,2019,8
gin,2003,12
gin,2004,12
gin,2005,12
gin,2006,12
gin,2007,12
gin,2008,12
gin,2009,12
gin,2010,12
gin,2011,12
gin,2012,7
gin,2013,7
gin,2014,7
gin,2015,7
gin,2016,7
gin,2017,7
gin,2018,6
gin,2019,6
gmb,2005,8
gmb,2006,8
gmb,2007,9
gmb,2008,8
gmb,2009,8
gmb,2010,8
gmb,2011,8
gmb,2012,8
gmb,2013,8
gmb,2014,7
gmb,2015,7
gmb,2016,7
gmb,2017,7
gmb,2018,7
gmb,2019,6
gnb,2005,17
gnb,2006,17
gnb,2007,17
gnb,2008,17
gnb,2009,17
gnb,2010,17
gnb,2011,9
gnb,2012,9
gnb,2013,9
gnb,2014,9
gnb,2015,9
gnb,2016,9
gnb,2017,9
gnb,2018,9
gnb,2019,9
gnq,2005,18
gnq,2006,18
gnq,2007,18
gnq,2008,18
gnq,2009,18
gnq,2010,18
gnq,2011,18
gnq,2012,18
gnq,2013,18
gnq,2014,18
gnq,2015,18
gnq,2016,17
gnq,2017,16
gnq,2018,16
gnq,2019,16
grc,2003,15
grc,2004,15
grc,2005,15
grc,2006,15
grc,2007,15
grc,2008,15
grc,2009,15
grc,2010,15
grc,2011,11
grc,2012,11
grc,2013,5
grc,2014,5
grc,2015,5
grc,2016,5
grc,2017,4
grc,2018,4
grc,2019,3
grd,2005,6
grd,2006,6
grd,2007,6
grd,2008,6
grd,2009,6
grd,2010,6
grd,2011,6
grd,2012,6
grd,2013,6
grd,2014,6
grd,2015,6
grd,2016,6
grd,2017,6
grd,2018,6
grd,2019,6
gtm,2003,16
gtm,2004,16
gtm,2005,16
gtm,2006,14
gtm,2007,14
gtm,2008,14
gtm,2009,14
gtm,2010,14
gtm,2011,14
gtm,2012,14
gtm,2013,9
gtm,2014,9
gtm,2015,9
gtm,2016,9
gtm,2017,9
gtm,2018,6
gtm,2019,6
guy,2004,8
guy,2005,8
guy,2006,8
guy,2007,8
guy,2008,8
guy,2009,8
guy,2010,8
guy,2011,8
guy,2012,7
guy,2013,7
guy,2014,7
guy,2015,7
guy,2016,7
guy,2017,7
guy,2018,7
guy,2019,7
hkg,2003,5
hkg,2004,5
hkg,2005,5
hkg,2006,5
hkg,2007,5
hkg,2008,5
hkg,2009,3
hkg,2010,3
hkg,2011,3
hkg,2012,3
hkg,2013,3
hkg,2014,3
hkg,2015,2
hkg,2016,2
hkg,2017,2
hkg,2018,2
hkg,2019,2
hnd,2003,12
hnd,2004,12
hnd,2005,12
hnd,2006,12
hnd,2007,12
hnd,2008,12
hnd,2009,12
hnd,2010,13
hnd,2011,13
hnd,2012,13
hnd,2013,13
hnd,2014,13
hnd,2015,11
hnd,2016,11
hnd,2017,11
hnd,2018,11
hnd,2019,11
hrv,2003,11
hrv,2004,11
hrv,2005,11
hrv,2006,9
hrv,2007,8
hrv,2008,8
hrv,2009,8
hrv,2010,8
hrv,2011,8
hrv,2012,8
hrv,2013,8
hrv,2014,8
hrv,2015,8
hrv,2016,8
hrv,2017,8
hrv,2018,8
hrv,2019,7
hti,2003,13
hti,2004,13
hti,2005,13
hti,2006,13
hti,2007,13
hti,2008,13
hti,2009,13
hti,2010,12
hti,2011,12
hti,2012,12
hti,2013,12
hti,2014,12
hti,2015,12
hti,2016,12
hti,2017,12
hti,2018,12
hti,2019,12
hun,2003,7
hun,2004,7
hun,2005,7
hun,2006,7
hun,2007,7
hun,2008,5
hun,2009,5
hun,2010,5
hun,2011,5
hun,2012,6
hun,2013,6
hun,2014,6
hun,2015,6
hun,2016,6
hun,2017,6
hun,2018,6
hun,2019,6
idn,2013,12
idn,2014,13
idn,2015,13
idn,2016,12
idn,2017,12
idn,2018,11
idn,2019,11
ind,2013,14
ind,2014,15
ind,2015,14
ind,2016,14
ind,2017,12
ind,2018,10
ind,2019,10
irl,2003,4
irl,2004,4
irl,2005,4
irl,2006,4
irl,2007,4
irl,2008,4
irl,2009,4
irl,2010,4
irl,2011,4
irl,2012,4
irl,2013,4
irl,2014,4
irl,2015,4
irl,2016,3
irl,2017,3
irl,2018,3
irl,2019,3
irn,2003,11
irn,2004,11
irn,2005,10
irn,2006,10
irn,2007,10
irn,2008,10
irn,2009,9
irn,2010,9
irn,2011,9
irn,2012,10
irn,2013,10
irn,2014,10
irn,2015,10
irn,2016,10
irn,2017,10
irn,2018,10
irn,2019,10
irq,2004,11
irq,2005,11
irq,2006,11
irq,2007,11
irq,2008,11
irq,2009,11
irq,2010,11
irq,2011,11
irq,2012,10
irq,2013,10
irq,2014,10
irq,2015,9
irq,2016,9
irq,2017,8
irq,2018,8
irq,2019,8
isl,2004,5
isl,2005,5
isl,2006,5
isl,2007,5
isl,2008,5
isl,2009,5
isl,2010,5
isl,2011,5
isl,2012,5
isl,2013,5
isl,2014,5
isl,2015,5
isl,2016,5
isl,2017,5
isl,2018,5
isl,2019,5
isr,2003,5
isr,2004,5
isr,2005,5
isr,2006,5
isr,2007,5
isr,2008,5
isr,2009,5
isr,2010,5
isr,2011,5
isr,2012,5
isr,2013,5
isr,2014,5
isr,2015,5
isr,2016,4
isr,2017,4
isr,2018,4
isr,2019,3
ita,2003,10
ita,2004,10
ita,2005,10
ita,2006,10
ita,2007,10
ita,2008,7
ita,2009,8
ita,2010,8
ita,2011,8
ita,2012,8
ita,2013,8
ita,2014,7
ita,2015,7
ita,2016,7
ita,2017,7
ita,2018,7
ita,2019,7
jam,2003,7
jam,2004,7
jam,2005,6
jam,2006,6
jam,2007,6
jam,2008,6
jam,2009,6
jam,2010,6
jam,2011,6
jam,2012,6
jam,2013,5
jam,2014,2
jam,2015,2
jam,2016,2
jam,2017,2
jam,2018,2
jam,2019,2
jor,2003,13
jor,2004,10
jor,2005,10
jor,2006,10
jor,2007,8
jor,2008,8
jor,2009,7
jor,2010,7
jor,2011,7
jor,2012,7
jor,2013,7
jor,2014,7
jor,2015,7
jor,2016,7
jor,2017,7
jor,2018,7
jor,2019,7
jpn,2013,8
jpn,2014,8
jpn,2015,8
jpn,2016,8
jpn,2017,8
jpn,2018,8
jpn,2019,8
kaz,2003,11
kaz,2004,11
kaz,2005,9
kaz,2006,9
kaz,2007,9
kaz,2008,9
kaz,2009,8
kaz,2010,7
kaz,2011,7
kaz,2012,7
kaz,2013,7
kaz,2014,7
kaz,2015,6
kaz,2016,5
kaz,2017,5
kaz,2018,5
kaz,2019,4
ken,2003,13
ken,2004,13
ken,2005,15
ken,2006,15
ken,2007,14
ken,2008,15
ken,2009,15
ken,2010,14
ken,2011,14
ken,2012,13
ken,2013,13
ken,2014,13
ken,2015,13
ken,2016,9
ken,2017,7
ken,2018,7
ken,2019,7
kgz,2003,9
kgz,2004,9
kgz,2005,9
kgz,2006,9
kgz,2007,9
kgz,2008,6
kgz,2009,5
kgz,2010,4
kgz,2011,4
kgz,2012,4
kgz,2013,4
kgz,2014,4
kgz,2015,4
kgz,2016,4
kgz,2017,4
kgz,2018,4
kgz,2019,4
khm,2003,11
khm,2004,11
khm,2005,10
khm,2006,10
khm,2007,10
khm,2008,11
khm,2009,11
khm,2010,11
khm,2011,11
khm,2012,11
khm,2013,12
khm,2014,12
khm,2015,8
khm,2016,9
khm,2017,9
khm,2018,9
khm,2019,9
kir,2003,6
kir,2004,7
kir,2005,7
kir,2006,7
kir,2007,7
kir,2008,7
kir,2009,7
kir,2010,7
kir,2011,7
kir,2012,7
kir,2013,7
kir,2014,7
kir,2015,7
kir,2016,7
kir,2017,7
kir,2018,7
kir,2019,7
kna,2005,7
kna,2006,7
kna,2007,7
kna,2008,7
kna,2009,7
kna,2010,7
kna,2011,7
kna,2012,7
kna,2013,7
kna,2014,7
kna,2015,7
kna,2016,7
kna,2017,7
kna,2018,7
kna,2019,7
kor,2003,10
kor,2004,10
kor,2005,10
kor,2006,10
kor,2007,10
kor,2008,10
kor,2009,8
kor,2010,8
kor,2011,6
kor,2012,4
kor,2013,4
kor,2014,4
kor,2015,4
kor,2016,3
kor,2017,3
kor,2018,3
kor,2019,3
kos,2009,9
kos,2010,10
kos,2011,10
kos,2012,8
kos,2013,5
kos,2014,4
kos,2015,4
kos,2016,3
kos,2017,3
kos,2018,3
kos,2019,3
kwt,2003,13
kwt,2004,13
kwt,2005,13
kwt,2006,13
kwt,2007,13
kwt,2008,13
kwt,2009,13
kwt,2010,13
kwt,2011,12
kwt,2012,12
kwt,2013,12
kwt,2014,12
kwt,2015,12
kwt,2016,12
kwt,2017,9
kwt,2018,7
kwt,2019,5
lao,2003,10
lao,2004,10
lao,2005,10
lao,2006,11
lao,2007,11
lao,2008,11
lao,2009,11
lao,2010,11
lao,2011,10
lao,2012,9
lao,2013,9
lao,2014,9
lao,2015,10
lao,2016,10
lao,2017,10
lao,2018,10
lao,2019,9
lbn,2003,9
lbn,2004,9
lbn,2005,9
lbn,2006,9
lbn,2007,9
lbn,2008,8
lbn,2009,8
lbn,2010,8
lbn,2011,8
lbn,2012,8
lbn,2013,8
lbn,2014,8
lbn,2015,8
lbn,2016,8
lbn,2017,8
lbn,2018,8
lbn,2019,8
lbr,2006,11
lbr,2007,11
lbr,2008,7
lbr,2009,6
lbr,2010,6
lbr,2011,5
lbr,2012,5
lbr,2013,5
lbr,2014,5
lbr,2015,5
lbr,2016,5
lbr,2017,5
lbr,2018,5
lbr,2019,5
lby,2012,10
lby,2013,10
lby,2014,10
lby,2015,10
lby,2016,10
lby,2017,10
lby,2018,10
lby,2019,10
lca,2005,6
lca,2006,6
lca,2007,6
lca,2008,6
lca,2009,5
lca,2010,5
lca,2011,5
lca,2012,5
lca,2013,5
lca,2014,5
lca,2015,5
lca,2016,5
lca,2017,5
lca,2018,5
lca,2019,5
lie,2018,10
lie,2019,10
lka,2003,9
lka,2004,9
lka,2005,9
lka,2006,9
lka,2007,9
lka,2008,9
lka,2009,9
lka,2010,9
lka,2011,9
lka,2012,9
lka,2013,9
lka,2014,9
lka,2015,8
lka,2016,7
lka,2017,7
lka,2018,7
lka,2019,7
lso,2003,9
lso,2004,9
lso,2005,9
lso,2006,8
lso,2007,8
lso,2008,7
lso,2009,7
lso,2010,7
lso,2011,7
lso,2012,7
lso,2013,7
lso,2014,7
lso,2015,7
lso,2016,7
lso,2017,7
lso,2018,7
lso,2019,6
ltu,2003,8
ltu,2004,8
ltu,2005,8
ltu,2006,7
ltu,2007,7
ltu,2008,7
ltu,2009,7
ltu,2010,6
ltu,2011,6
ltu,2012,7
ltu,2013,6
ltu,2014,5
ltu,2015,4
ltu,2016,4
ltu,2017,4
ltu,2018,4
ltu,2019,4
lux,2006,5
lux,2007,5
lux,2008,5
lux,2009,5
lux,2010,5
lux,2011,5
lux,2012,5
lux,2013,5
lux,2014,5
lux,2015,5
lux,2016,5
lux,2017,5
lux,2018,5
lux,2019,5
lva,2003,5
lva,2004,5
lva,2005,5
lva,2006,5
lva,2007,5
lva,2008,5
lva,2009,5
lva,2010,5
lva,2011,4
lva,2012,4
lva,2013,4
lva,2014,4
lva,2015,4
lva,2016,4
lva,2017,4
lva,2018,4
lva,2019,4
mar,2003,12
mar,2004,7
mar,2005,7
mar,2006,7
mar,2007,7
mar,2008,7
mar,2009,7
mar,2010,7
mar,2011,7
mar,2012,7
mar,2013,6
mar,2014,6
mar,2015,5
mar,2016,5
mar,2017,4
mar,2018,4
mar,2019,4
mda,2003,12
mda,2004,11
mda,2005,11
mda,2006,11
mda,2007,10
mda,2008,10
mda,2009,9
mda,2010,9
mda,2011,8
mda,2012,8
mda,2013,7
mda,2014,6
mda,2015,5
mda,2016,5
mda,2017,4
mda,2018,3
mda,2019,3
mdg,2003,15
mdg,2004,13
mdg,2005,12
mdg,2006,11
mdg,2007,9
mdg,2008,9
mdg,2009,9
mdg,2010,9
mdg,2011,9
mdg,2012,9
mdg,2013,9
mdg,2014,9
mdg,2015,10
mdg,2016,8
mdg,2017,5
mdg,2018,5
mdg,2019,5
mdv,2003,5
mdv,2004,5
mdv,2005,5
mdv,2006,5
mdv,2007,5
mdv,2008,5
mdv,2009,6
mdv,2010,6
mdv,2011,6
mdv,2012,6
mdv,2013,6
mdv,2014,6
mdv,2015,6
mdv,2016,6
mdv,2017,6
mdv,2018,6
mdv,2019,6
mex,2013,7
mex,2014,7
mex,2015,7
mex,2016,8
mex,2017,8
mex,2018,8
mex,2019,8
mhl,2003,7
mhl,2004,5
mhl,2005,5
mhl,2006,5
mhl,2007,5
mhl,2008,5
mhl,2009,5
mhl,2010,5
mhl,2011,5
mhl,2012,5
mhl,2013,5
mhl,2014,5
mhl,2015,5
mhl,2016,5
mhl,2017,5
mhl,2018,5
mhl,2019,5
mkd,2003,15
mkd,2004,15
mkd,2005,15
mkd,2006,13
mkd,2007,12
mkd,2008,10
mkd,2009,7
mkd,2010,6
mkd,2011,6
mkd,2012,5
mkd,2013,6
mkd,2014,6
mkd,2015,6
mkd,2016,6
mkd,2017,6
mkd,2018,6
mkd,2019,6
mli,2003,12
mli,2004,12
mli,2005,12
mli,2006,12
mli,2007,10
mli,2008,10
mli,2009,6
mli,2010,6
mli,2011,4
mli,2012,4
mli,2013,5
mli,2014,5
mli,2015,5
mli,2016,5
mli,2017,5
mli,2018,5
mli,2019,5
mlt,2011,10
mlt,2012,10
mlt,2013,10
mlt,2014,10
mlt,2015,10
mlt,2016,9
mlt,2017,8
mlt,2018,8
mlt,2019,5
mmr,2012,15
mmr,2013,15
mmr,2014,15
mmr,2015,14
mmr,2016,12
mmr,2017,12
mmr,2018,12
mmr,2019,6
mne,2006,15
mne,2007,15
mne,2008,15
mne,2009,13
mne,2010,9
mne,2011,8
mne,2012,8
mne,2013,8
mne,2014,8
mne,2015,8
mne,2016,8
mne,2017,8
mne,2018,8
mne,2019,8
mng,2003,9
mng,2004,8
mng,2005,8
mng,2006,8
mng,2007,8
mng,2008,8
mng,2009,8
mng,2010,8
mng,2011,8
mng,2012,8
mng,2013,7
mng,2014,7
mng,2015,8
mng,2016,8
mng,2017,8
mng,2018,8
mng,2019,8
moz,2003,15
moz,2004,15
moz,2005,15
moz,2006,14
moz,2007,11
moz,2008,11
moz,2009,11
moz,2010,10
moz,2011,10
moz,2012,10
moz,2013,10
moz,2014,10
moz,2015,10
moz,2016,10
moz,2017,10
moz,2018,10
moz,2019,10
mrt,2003,11
mrt,2004,11
mrt,2005,11
mrt,2006,11
mrt,2007,11
mrt,2008,9
mrt,2009,9
mrt,2010,9
mrt,2011,9
mrt,2012,9
mrt,2013,9
mrt,2014,7
mrt,2015,7
mrt,2016,7
mrt,2017,4
mrt,2018,4
mrt,2019,4
mus,2004,7
mus,2005,7
mus,2006,7
mus,2007,7
mus,2008,6
mus,2009,6
mus,2010,6
mus,2011,5
mus,2012,5
mus,2013,5
mus,2014,5
mus,2015,5
mus,2016,5
mus,2017,5
mus,2018,4
mus,2019,4
mwi,2003,10
mwi,2004,10
mwi,2005,10
mwi,2006,10
mwi,2007,10
mwi,2008,10
mwi,2009,10
mwi,2010,10
mwi,2011,10
mwi,2012,10
mwi,2013,10
mwi,2014,8
mwi,2015,8
mwi,2016,7
mwi,2017,7
mwi,2018,7
mwi,2019,7
mys,2003,10
mys,2004,10
mys,2005,10
mys,2006,10
mys,2007,10
mys,2008,10
mys,2009,10
mys,2010,9
mys,2011,6
mys,2012,6
mys,2013,6
mys,2014,6
mys,2015,6
mys,2016,9
mys,2017,9
mys,2018,9
mys,2019,8
nam,2003,10
nam,2004,10
nam,2005,10
nam,2006,10
nam,2007,10
nam,2008,10
nam,2009,10
nam,2010,10
nam,2011,10
nam,2012,10
nam,2013,10
nam,2014,10
nam,2015,10
nam,2016,10
nam,2017,10
nam,2018,10
nam,2019,10
ner,2003,14
ner,2004,14
ner,2005,14
ner,2006,12
ner,2007,12
ner,2008,12
ner,2009,10
ner,2010,10
ner,2011,10
ner,2012,10
ner,2013,7
ner,2014,7
ner,2015,7
ner,2016,5
ner,2017,4
ner,2018,4
ner,2019,4
nga,2013,8
nga,2014,8
nga,2015,8
nga,2016,8
nga,2017,8
nga,2018,8
nga,2019,7
nic,2003,11
nic,2004,8
nic,2005,8
nic,2006,8
nic,2007,8
nic,2008,8
nic,2009,8
nic,2010,8
nic,2011,8
nic,2012,8
nic,2013,8
nic,2014,7
nic,2015,7
nic,2016,7
nic,2017,7
nic,2018,7
nic,2019,7
nld,2003,7
nld,2004,7
nld,2005,7
nld,2006,6
nld,2007,6
nld,2008,6
nld,2009,6
nld,2010,6
nld,2011,6
nld,2012,5
nld,2013,4
nld,2014,4
nld,2015,4
nld,2016,4
nld,2017,4
nld,2018,4
nld,2019,4
nor,2003,5
nor,2004,5
nor,2005,5
nor,2006,4
nor,2007,5
nor,2008,5
nor,2009,5
nor,2010,5
nor,2011,5
nor,2012,5
nor,2013,5
nor,2014,4
nor,2015,4
nor,2016,4
nor,2017,4
nor,2018,4
nor,2019,4
npl,2003,7
npl,2004,7
npl,2005,7
npl,2006,7
npl,2007,7
npl,2008,7
npl,2009,7
npl,2010,7
npl,2011,7
npl,2012,7
npl,2013,7
npl,2014,7
npl,2015,7
npl,2016,7
npl,2017,8
npl,2018,8
npl,2019,8
nzl,2003,2
nzl,2004,2
nzl,2005,2
nzl,2006,2
nzl,2007,2
nzl,2008,1
nzl,2009,1
nzl,2010,1
nzl,2011,1
nzl,2012,1
nzl,2013,1
nzl,2014,1
nzl,2015,1
nzl,2016,1
nzl,2017,1
nzl,2018,1
nzl,2019,1
omn,2003,12
omn,2004,12
omn,2005,12
omn,2006,12
omn,2007,12
omn,2008,9
omn,2009,7
omn,2010,7
omn,2011,7
omn,2012,7
omn,2013,7
omn,2014,7
omn,2015,7
omn,2016,5
omn,2017,4
omn,2018,4
omn,2019,4
pak,2013,13
pak,2014,13
pak,2015,13
pak,2016,13
pak,2017,13
pak,2018,10
pak,2019,5
pan,2003,6
pan,2004,6
pan,2005,6
pan,2006,6
pan,2007,6
pan,2008,6
pan,2009,6
pan,2010,6
pan,2011,6
pan,2012,6
pan,2013,5
pan,2014,5
pan,2015,5
pan,2016,5
pan,2017,5
pan,2018,5
pan,2019,5
per,2003,11
per,2004,11
per,2005,11
per,2006,11
per,2007,11
per,2008,11
per,2009,10
per,2010,9
per,2011,8
per,2012,8
per,2013,8
per,2014,8
per,2015,8
per,2016,8
per,2017,8
per,2018,8
per,2019,8
phl,2003,17
phl,2004,17
phl,2005,17
phl,2006,17
phl,2007,17
phl,2008,17
phl,2009,18
phl,2010,18
phl,2011,17
phl,2012,17
phl,2013,17
phl,2014,17
phl,2015,17
phl,2016,17
phl,2017,17
phl,2018,14
phl,2019,13
plw,2003,8
plw,2004,7
plw,2005,7
plw,2006,8
plw,2007,8
plw,2008,8
plw,2009,8
plw,2010,8
plw,2011,8
plw,2012,8
plw,2013,8
plw,2014,8
plw,2015,8
plw,2016,8
plw,2017,8
plw,2018,8
plw,2019,8
png,2003,6
png,2004,6
png,2005,6
png,2006,6
png,2007,6
png,2008,6
png,2009,6
png,2010,6
png,2011,6
png,2012,6
png,2013,6
png,2014,6
png,2015,6
png,2016,6
png,2017,6
png,2018,6
png,2019,6
pol,2003,11
pol,2004,11
pol,2005,11
pol,2006,11
pol,2007,11
pol,2008,11
pol,2009,7
pol,2010,7
pol,2011,7
pol,2012,7
pol,2013,5
pol,2014,5
pol,2015,5
pol,2016,5
pol,2017,5
pol,2018,5
pol,2019,5
pri,2003,7
pri,2004,7
pri,2005,7
pri,2006,7
pri,2007,7
pri,2008,7
pri,2009,7
pri,2010,7
pri,2011,6
pri,2012,6
pri,2013,6
pri,2014,6
pri,2015,6
pri,2016,6
pri,2017,6
pri,2018,6
pri,2019,6
prt,2003,11
prt,2004,11
prt,2005,11
prt,2006,8
prt,2007,7
prt,2008,6
prt,2009,6
prt,2010,6
prt,2011,6
prt,2012,6
prt,2013,5
prt,2014,6
prt,2015,6
prt,2016,6
prt,2017,6
prt,2018,6
prt,2019,6
pry,2003,17
pry,2004,17
pry,2005,17
pry,2006,17
pry,2007,7
pry,2008,7
pry,2009,7
pry,2010,7
pry,2011,7
pry,2012,7
pry,2013,7
pry,2014,7
pry,2015,7
pry,2016,7
pry,2017,7
pry,2018,7
pry,2019,7
pse,2004,13
pse,2005,13
pse,2006,13
pse,2007,13
pse,2008,12
pse,2009,12
pse,2010,12
pse,2011,12
pse,2012,12
pse,2013,10
pse,2014,10
pse,2015,10
pse,2016,10
pse,2017,10
pse,2018,10
pse,2019,10
qat,2007,8
qat,2008,8
qat,2009,8
qat,2010,10
qat,2011,9
qat,2012,9
qat,2013,9
qat,2014,9
qat,2015,9
qat,2016,9
qat,2017,9
qat,2018,8
qat,2019,8
rou,2003,7
rou,2004,6
rou,2005,6
rou,2006,6
rou,2007,6
rou,2008,6
rou,2009,6
rou,2010,6
rou,2011,7
rou,2012,7
rou,2013,6
rou,2014,6
rou,2015,6
rou,2016,6
rou,2017,6
rou,2018,6
rou,2019,6
rus,2013,6
rus,2014,5
rus,2015,5
rus,2016,4
rus,2017,4
rus,2018,4
rus,2019,4
rwa,2003,9
rwa,2004,9
rwa,2005,9
rwa,2006,9
rwa,2007,9
rwa,2008,8
rwa,2009,6
rwa,2010,6
rwa,2011,6
rwa,2012,7
rwa,2013,7
rwa,2014,8
rwa,2015,7
rwa,2016,5
rwa,2017,5
rwa,2018,5
rwa,2019,5
sau,2003,19
sau,2004,19
sau,2005,19
sau,2006,19
sau,2007,13
sau,2008,13
sau,2009,14
sau,2010,14
sau,2011,14
sau,2012,14
sau,2013,14
sau,2014,14
sau,2015,14
sau,2016,14
sau,2017,11
sau,2018,11
sau,2019,3
sdn,2004,12
sdn,2005,11
sdn,2006,11
sdn,2007,11
sdn,2008,11
sdn,2009,11
sdn,2010,11
sdn,2011,11
sdn,2012,11
sdn,2013,11
sdn,2014,11
sdn,2015,11
sdn,2016,11
sdn,2017,11
sdn,2018,10
sdn,2019,10
sen,2003,11
sen,2004,11
sen,2005,11
sen,2006,11
sen,2007,11
sen,2008,5
sen,2009,5
sen,2010,5
sen,2011,4
sen,2012,4
sen,2013,4
sen,2014,4
sen,2015,4
sen,2016,4
sen,2017,4
sen,2018,4
sen,2019,4
sgp,2003,7
sgp,2004,7
sgp,2005,6
sgp,2006,6
sgp,2007,5
sgp,2008,4
sgp,2009,3
sgp,2010,3
sgp,2011,3
sgp,2012,3
sgp,2013,3
sgp,2014,3
sgp,2015,3
sgp,2016,3
sgp,2017,3
sgp,2018,2
sgp,2019,2
slb,2003,7
slb,2004,7
slb,2005,7
slb,2006,7
slb,2007,7
slb,2008,7
slb,2009,7
slb,2010,7
slb,2011,7
slb,2012,7
slb,2013,7
slb,2014,7
slb,2015,7
slb,2016,7
slb,2017,7
slb,2018,7
slb,2019,7
sle,2003,8
sle,2004,8
sle,2005,8
sle,2006,8
sle,2007,8
sle,2008,6
sle,2009,6
sle,2010,6
sle,2011,6
sle,2012,6
sle,2013,6
sle,2014,6
sle,2015,6
sle,2016,5
sle,2017,5
sle,2018,5
sle,2019,5
slv,2003,13
slv,2004,13
slv,2005,13
slv,2006,11
slv,2007,10
slv,2008,9
slv,2009,9
slv,2010,9
slv,2011,9
slv,2012,9
slv,2013,9
slv,2014,9
slv,2015,9
slv,2016,9
slv,2017,9
slv,2018,9
slv,2019,9
smr,2012,9
smr,2013,9
smr,2014,8
smr,2015,8
smr,2016,8
smr,2017,8
smr,2018,8
smr,2019,7
som,2015,9
som,2016,9
som,2017,9
som,2018,9
som,2019,9
srb,2003,12
srb,2004,12
srb,2005,11
srb,2006,11
srb,2007,11
srb,2008,11
srb,2009,7
srb,2010,7
srb,2011,7
srb,2012,6
srb,2013,6
srb,2014,6
srb,2015,6
srb,2016,5
srb,2017,5
srb,2018,5
srb,2019,7
ssd,2012,13
ssd,2013,13
ssd,2014,13
ssd,2015,13
ssd,2016,13
ssd,2017,12
ssd,2018,12
ssd,2019,12
stp,2004,11
stp,2005,11
stp,2006,11
stp,2007,11
stp,2008,11
stp,2009,11
stp,2010,12
stp,2011,7
stp,2012,7
stp,2013,7
stp,2014,6
stp,2015,6
stp,2016,6
stp,2017,6
stp,2018,6
stp,2019,6
sur,2005,13
sur,2006,13
sur,2007,13
sur,2008,13
sur,2009,13
sur,2010,13
sur,2011,13
sur,2012,13
sur,2013,13
sur,2014,13
sur,2015,13
sur,2016,8
sur,2017,8
sur,2018,8
sur,2019,8
svk,2003,11
svk,2004,10
svk,2005,10
svk,2006,10
svk,2007,10
svk,2008,8
svk,2009,8
svk,2010,8
svk,2011,8
svk,2012,8
svk,2013,9
svk,2014,9
svk,2015,8
svk,2016,8
svk,2017,8
svk,2018,8
svk,2019,7
svn,2003,11
svn,2004,11
svn,2005,11
svn,2006,11
svn,2007,11
svn,2008,7
svn,2009,3
svn,2010,2
svn,2011,2
svn,2012,2
svn,2013,2
svn,2014,2
svn,2015,2
svn,2016,2
svn,2017,2
svn,2018,3
svn,2019,3
swe,2003,3
swe,2004,3
swe,2005,3
swe,2006,3
swe,2007,3
swe,2008,3
swe,2009,3
swe,2010,3
swe,2011,3
swe,2012,3
swe,2013,3
swe,2014,3
swe,2015,3
swe,2016,3
swe,2017,3
swe,2018,4
swe,2019,4
swz,2005,12
swz,2006,12
swz,2007,12
swz,2008,12
swz,2009,12
swz,2010,12
swz,2011,12
swz,2012,12
swz,2013,12
swz,2014,12
swz,2015,12
swz,2016,12
swz,2017,12
swz,2018,12
swz,2019,12
syc,2005,10
syc,2006,10
syc,2007,10
syc,2008,10
syc,2009,10
syc,2010,10
syc,2011,10
syc,2012,10
syc,2013,9
syc,2014,9
syc,2015,9
syc,2016,9
syc,2017,9
syc,2018,9
syc,2019,9
syr,2003,12
syr,2004,12
syr,2005,12
syr,2006,12
syr,2007,13
syr,2008,8
syr,2009,7
syr,2010,7
syr,2011,7
syr,2012,7
syr,2013,7
syr,2014,7
syr,2015,7
syr,2016,7
syr,2017,7
syr,2018,7
syr,2019,7
tcd,2003,13
tcd,2004,13
tcd,2005,13
tcd,2006,13
tcd,2007,13
tcd,2008,13
tcd,2009,13
tcd,2010,13
tcd,2011,11
tcd,2012,9
tcd,2013,9
tcd,2014,9
tcd,2015,9
tcd,2016,9
tcd,2017,9
tcd,2018,8
tcd,2019,8
tgo,2003,13
tgo,2004,13
tgo,2005,13
tgo,2006,13
tgo,2007,13
tgo,2008,13
tgo,2009,7
tgo,2010,7
tgo,2011,7
tgo,2012,6
tgo,2013,7
tgo,2014,6
tgo,2015,6
tgo,2016,5
tgo,2017,5
tgo,2018,4
tgo,2019,3
tha,2003,10
tha,2004,10
tha,2005,10
tha,2006,10
tha,2007,10
tha,2008,10
tha,2009,9
tha,2010,9
tha,2011,8
tha,2012,7
tha,2013,7
tha,2014,7
tha,2015,7
tha,2016,6
tha,2017,5
tha,2018,5
tha,2019,5
tjk,2005,14
tjk,2006,14
tjk,2007,13
tjk,2008,13
tjk,2009,12
tjk,2010,8
tjk,2011,5
tjk,2012,5
tjk,2013,5
tjk,2014,4
tjk,2015,4
tjk,2016,5
tjk,2017,4
tjk,2018,4
tjk,2019,3
tls,2004,11
tls,2005,11
tls,2006,11
tls,2007,11
tls,2008,11
tls,2009,11
tls,2010,10
tls,2011,8
tls,2012,8
tls,2013,8
tls,2014,6
tls,2015,5
tls,2016,5
tls,2017,6
tls,2018,6
tls,2019,6
ton,2003,4
ton,2004,4
ton,2005,4
ton,2006,4
ton,2007,4
ton,2008,4
ton,2009,4
ton,2010,4
ton,2011,4
ton,2012,4
ton,2013,4
ton,2014,4
ton,2015,4
ton,2016,4
ton,2017,4
ton,2018,4
ton,2019,4
tto,2005,9
tto,2006,9
tto,2007,9
tto,2008,9
tto,2009,9
tto,2010,8
tto,2011,8
tto,2012,8
tto,2013,7
tto,2014,7
tto,2015,7
tto,2016,7
tto,2017,7
tto,2018,7
tto,2019,7
tun,2003,11
tun,2004,11
tun,2005,11
tun,2006,11
tun,2007,11
tun,2008,11
tun,2009,11
tun,2010,11
tun,2011,11
tun,2012,11
tun,2013,11
tun,2014,11
tun,2015,11
tun,2016,11
tun,2017,11
tun,2018,7
tun,2019,3
tur,2003,15
tur,2004,10
tur,2005,10
tur,2006,10
tur,2007,10
tur,2008,10
tur,2009,10
tur,2010,10
tur,2011,10
tur,2012,10
tur,2013,10
tur,2014,11
tur,2015,11
tur,2016,10
tur,2017,10
tur,2018,7
tur,2019,7
tza,2003,13
tza,2004,13
tza,2005,13
tza,2006,13
tza,2007,12
tza,2008,12
tza,2009,12
tza,2010,12
tza,2011,12
tza,2012,11
tza,2013,11
tza,2014,11
tza,2015,11
tza,2016,11
tza,2017,11
tza,2018,10
tza,2019,10
uga,2003,17
uga,2004,17
uga,2005,17
uga,2006,17
uga,2007,17
uga,2008,17
uga,2009,17
uga,2010,16
uga,2011,14
uga,2012,14
uga,2013,14
uga,2014,14
uga,2015,14
uga,2016,13
uga,2017,13
uga,2018,13
uga,2019,13
ukr,2003,16
ukr,2004,16
ukr,2005,16
ukr,2006,11
ukr,2007,11
ukr,2008,11
ukr,2009,11
ukr,2010,11
ukr,2011,10
ukr,2012,8
ukr,2013,7
ukr,2014,7
ukr,2015,5
ukr,2016,6
ukr,2017,6
ukr,2018,6
ukr,2019,6
ury,2003,11
ury,2004,11
ury,2005,11
ury,2006,10
ury,2007,11
ury,2008,11
ury,2009,11
ury,2010,11
ury,2011,5
ury,2012,5
ury,2013,5
ury,2014,5
ury,2015,5
ury,2016,5
ury,2017,5
ury,2018,5
ury,2019,5
usa,2013,6
usa,2014,6
usa,2015,6
usa,2016,6
usa,2017,6
usa,2018,6
usa,2019,6
uzb,2003,10
uzb,2004,10
uzb,2005,10
uzb,2006,10
uzb,2007,9
uzb,2008,9
uzb,2009,9
uzb,2010,9
uzb,2011,8
uzb,2012,8
uzb,2013,6
uzb,2014,6
uzb,2015,4
uzb,2016,4
uzb,2017,3
uzb,2018,3
uzb,2019,3
vct,2005,8
vct,2006,8
vct,2007,8
vct,2008,8
vct,2009,7
vct,2010,7
vct,2011,7
vct,2012,7
vct,2013,7
vct,2014,7
vct,2015,7
vct,2016,7
vct,2017,7
vct,2018,7
vct,2019,7
ven,2003,16
ven,2004,16
ven,2005,16
ven,2006,17
ven,2007,18
ven,2008,18
ven,2009,18
ven,2010,19
ven,2011,19
ven,2012,19
ven,2013,19
ven,2014,20
ven,2015,20
ven,2016,20
ven,2017,20
ven,2018,20
ven,2019,20
vnm,2003,11
vnm,2004,10
vnm,2005,10
vnm,2006,10
vnm,2007,10
vnm,2008,10
vnm,2009,10
vnm,2010,9
vnm,2011,9
vnm,2012,9
vnm,2013,9
vnm,2014,9
vnm,2015,9
vnm,2016,9
vnm,2017,9
vnm,2018,8
vnm,2019,8
vut,2003,7
vut,2004,7
vut,2005,8
vut,2006,8
vut,2007,8
vut,2008,8
vut,2009,8
vut,2010,8
vut,2011,8
vut,2012,8
vut,2013,8
vut,2014,8
vut,2015,8
vut,2016,7
vut,2017,7
vut,2018,7
vut,2019,7
wsm,2003,9
wsm,2004,8
wsm,2005,8
wsm,2006,8
wsm,2007,8
wsm,2008,8
wsm,2009,4
wsm,2010,4
wsm,2011,4
wsm,2012,4
wsm,2013,4
wsm,2014,4
wsm,2015,4
wsm,2016,4
wsm,2017,4
wsm,2018,4
wsm,2019,4
yem,2003,12
yem,2004,12
yem,2005,12
yem,2006,12
yem,2007,12
yem,2008,7
yem,2009,6
yem,2010,6
yem,2011,6
yem,2012,6
yem,2013,6
yem,2014,6
yem,2015,6
yem,2016,6
yem,2017,6
yem,2018,6
yem,2019,6
zaf,2003,9
zaf,2004,9
zaf,2005,9
zaf,2006,9
zaf,2007,8
zaf,2008,6
zaf,2009,6
zaf,2010,6
zaf,2011,6
zaf,2012,6
zaf,2013,6
zaf,2014,7
zaf,2015,7
zaf,2016,7
zaf,2017,7
zaf,2018,7
zaf,2019,7
zmb,2003,7
zmb,2004,7
zmb,2005,7
zmb,2006,7
zmb,2007,7
zmb,2008,7
zmb,2009,7
zmb,2010,7
zmb,2011,7
zmb,2012,8
zmb,2013,7
zmb,2014,7
zmb,2015,7
zmb,2016,7
zmb,2017,7
zmb,2018,7
zmb,2019,7
zwe,2003,10
zwe,2004,10
zwe,2005,10
zwe,2006,10
zwe,2007,10
zwe,2008,10
zwe,2009,10
zwe,2010,10
zwe,2011,10
zwe,2012,10
zwe,2013,10
zwe,2014,10
zwe,2015,10
zwe,2016,10
zwe,2017,9
zwe,2018,9
zwe,2019,9
