geo,time,sl_emp_totl_sp_fe_zs
afg,1991,13.142
afg,1992,13.12
afg,1993,13.113
afg,1994,13.095
afg,1995,13.055
afg,1996,12.967
afg,1997,12.889
afg,1998,12.816
afg,1999,12.775
afg,2000,12.746
afg,2001,12.868
afg,2002,12.944
afg,2003,13.122
afg,2004,13.301
afg,2005,13.407
afg,2006,13.263
afg,2007,13.073
afg,2008,12.989
afg,2009,12.899
afg,2010,12.922
afg,2011,13.269
afg,2012,13.584
afg,2013,14.401
afg,2014,15.237
afg,2015,16.104
afg,2016,17.009
afg,2017,17.95
afg,2018,18.253
afg,2019,18.533
afg,2020,13.459
afg,2021,12.013
ago,1991,72.662
ago,1992,72.668
ago,1993,72.673
ago,1994,72.747
ago,1995,72.821
ago,1996,72.847
ago,1997,72.883
ago,1998,72.937
ago,1999,73.002
ago,2000,73.079
ago,2001,73.119
ago,2002,73.18
ago,2003,73.226
ago,2004,73.294
ago,2005,73.355
ago,2006,73.373
ago,2007,73.403
ago,2008,73.43
ago,2009,73.455
ago,2010,67.345
ago,2011,69.068
ago,2012,69.061
ago,2013,69.04
ago,2014,69.039
ago,2015,69.039
ago,2016,69.036
ago,2017,69.062
ago,2018,69.087
ago,2019,69.134
ago,2020,67.159
ago,2021,67.228
alb,1991,49.106
alb,1992,40.535
alb,1993,42.054
alb,1994,43.631
alb,1995,45.151
alb,1996,44.977
alb,1997,44.331
alb,1998,41.442
alb,1999,40.159
alb,2000,40.556
alb,2001,39.782
alb,2002,39.842
alb,2003,39.801
alb,2004,39.669
alb,2005,39.337
alb,2006,39.03
alb,2007,38.422
alb,2008,39.169
alb,2009,38.638
alb,2010,39.307
alb,2011,45.235
alb,2012,43.177
alb,2013,37.775
alb,2014,36.974
alb,2015,38.872
alb,2016,42.489
alb,2017,43.322
alb,2018,45.112
alb,2019,46.754
alb,2020,43.23
alb,2021,44.68
are,1991,29.012
are,1992,29.511
are,1993,30.178
are,1994,30.373
are,1995,30.541
are,1996,31.106
are,1997,31.668
are,1998,32.207
are,1999,32.758
are,2000,33.313
are,2001,33.639
are,2002,33.98
are,2003,34.285
are,2004,34.461
are,2005,34.497
are,2006,35.344
are,2007,36.16
are,2008,37.112
are,2009,38.153
are,2010,39.412
are,2011,40.816
are,2012,42.283
are,2013,43.831
are,2014,45.377
are,2015,46.879
are,2016,48.253
are,2017,48.253
are,2018,45.729
are,2019,46.041
are,2020,42.289
are,2021,42.761
arg,1991,43.669
arg,1992,44.301
arg,1993,42.613
arg,1994,42.684
arg,1995,38.111
arg,1996,40.22
arg,1997,42
arg,1998,44.277
arg,1999,43.088
arg,2000,42.257
arg,2001,41.083
arg,2002,38.564
arg,2003,40.235
arg,2004,42.224
arg,2005,42.596
arg,2006,43.731
arg,2007,43.946
arg,2008,43.553
arg,2009,44.14
arg,2010,43.476
arg,2011,44.042
arg,2012,43.98
arg,2013,43.768
arg,2014,43.614
arg,2015,43.568
arg,2016,43.35
arg,2017,43.312
arg,2018,44.117
arg,2019,44.801
arg,2020,40.87
arg,2021,43.37
arm,1991,43.905
arm,1992,43.821
arm,1993,41.595
arm,1994,41.136
arm,1995,40.442
arm,1996,38.385
arm,1997,37.392
arm,1998,38.976
arm,1999,38.277
arm,2000,38.585
arm,2001,38.865
arm,2002,39.142
arm,2003,39.446
arm,2004,39.789
arm,2005,40.081
arm,2006,40.41
arm,2007,40.736
arm,2008,38.105
arm,2009,36.582
arm,2010,36.941
arm,2011,39.743
arm,2012,40.777
arm,2013,41.098
arm,2014,39.895
arm,2015,39.386
arm,2016,38.807
arm,2017,38.7
arm,2018,34.314
arm,2019,36.123
arm,2020,32.611
arm,2021,33.149
aus,1991,47.197
aus,1992,46.756
aus,1993,46.509
aus,1994,47.649
aus,1995,49.231
aus,1996,49.332
aus,1997,49.223
aus,1998,49.668
aus,1999,50.014
aus,2000,51.168
aus,2001,51.458
aus,2002,51.788
aus,2003,52.53
aus,2004,52.566
aus,2005,53.956
aus,2006,54.651
aus,2007,55.25
aus,2008,55.834
aus,2009,55.536
aus,2010,55.414
aus,2011,55.696
aus,2012,55.599
aus,2013,55.357
aus,2014,54.996
aus,2015,55.493
aus,2016,55.877
aus,2017,56.422
aus,2018,57.239
aus,2019,57.821
aus,2020,56.35
aus,2021,58.124
aut,1991,42.001
aut,1992,43.155
aut,1993,43.27
aut,1994,46.71
aut,1995,46.964
aut,1996,46.276
aut,1997,46.139
aut,1998,46.557
aut,1999,47.124
aut,2000,47.102
aut,2001,47.296
aut,2002,48.298
aut,2003,48.568
aut,2004,47.056
aut,2005,48.292
aut,2006,49.071
aut,2007,50.049
aut,2008,51.028
aut,2009,51.299
aut,2010,51.643
aut,2011,52.007
aut,2012,52.351
aut,2013,52.359
aut,2014,52.322
aut,2015,52.421
aut,2016,52.826
aut,2017,53.098
aut,2018,53.306
aut,2019,53.543
aut,2020,52.714
aut,2021,52.043
aze,1991,67.023
aze,1992,68.216
aze,1993,68.396
aze,1994,69.044
aze,1995,69.597
aze,1996,68.84
aze,1997,67.597
aze,1998,66.103
aze,1999,64.838
aze,2000,63.332
aze,2001,62.521
aze,2002,61.706
aze,2003,60.767
aze,2004,60.151
aze,2005,59.455
aze,2006,58.534
aze,2007,58.642
aze,2008,58.465
aze,2009,57.722
aze,2010,57.687
aze,2011,57.519
aze,2012,57.375
aze,2013,57.672
aze,2014,58.306
aze,2015,58.856
aze,2016,59.259
aze,2017,59.544
aze,2018,59.988
aze,2019,59.749
aze,2020,54.74
aze,2021,55.69
bdi,1991,88.918
bdi,1992,88.419
bdi,1993,87.89
bdi,1994,87.361
bdi,1995,86.795
bdi,1996,86.217
bdi,1997,85.629
bdi,1998,85.016
bdi,1999,84.683
bdi,2000,84.355
bdi,2001,84.025
bdi,2002,83.687
bdi,2003,83.327
bdi,2004,82.982
bdi,2005,82.612
bdi,2006,82.251
bdi,2007,81.87
bdi,2008,81.489
bdi,2009,81.086
bdi,2010,80.679
bdi,2011,80.261
bdi,2012,79.838
bdi,2013,79.408
bdi,2014,78.968
bdi,2015,78.922
bdi,2016,78.906
bdi,2017,78.898
bdi,2018,78.902
bdi,2019,78.917
bdi,2020,78.085
bdi,2021,77.864
bel,1991,33.913
bel,1992,35.171
bel,1993,35.266
bel,1994,35.163
bel,1995,35.583
bel,1996,35.525
bel,1997,36.262
bel,1998,36.778
bel,1999,38.747
bel,2000,40.017
bel,2001,38.951
bel,2002,39.234
bel,2003,39.499
bel,2004,40.57
bel,2005,41.329
bel,2006,41.53
bel,2007,42.578
bel,2008,43.33
bel,2009,43.125
bel,2010,43.64
bel,2011,43.65
bel,2012,43.606
bel,2013,43.861
bel,2014,44.262
bel,2015,44.276
bel,2016,44.155
bel,2017,45.293
bel,2018,46.768
bel,2019,47.369
bel,2020,46.692
bel,2021,46.579
ben,1991,56.822
ben,1992,56.813
ben,1993,57.539
ben,1994,58.275
ben,1995,59.041
ben,1996,59.824
ben,1997,60.633
ben,1998,61.462
ben,1999,62.319
ben,2000,63.201
ben,2001,64.109
ben,2002,65.048
ben,2003,65.445
ben,2004,65.847
ben,2005,66.247
ben,2006,66.66
ben,2007,67.077
ben,2008,67.489
ben,2009,67.898
ben,2010,68.314
ben,2011,67.595
ben,2012,67.748
ben,2013,67.911
ben,2014,68.059
ben,2015,68.193
ben,2016,68.356
ben,2017,68.529
ben,2018,68.702
ben,2019,68.761
ben,2020,68.021
ben,2021,68.044
bfa,1991,77.247
bfa,1992,76.237
bfa,1993,75.245
bfa,1994,74.196
bfa,1995,73.152
bfa,1996,72.076
bfa,1997,70.926
bfa,1998,69.762
bfa,1999,68.459
bfa,2000,67.103
bfa,2001,65.756
bfa,2002,64.353
bfa,2003,62.944
bfa,2004,61.082
bfa,2005,59.237
bfa,2006,58.047
bfa,2007,57.846
bfa,2008,57.401
bfa,2009,56.955
bfa,2010,56.57
bfa,2011,56.174
bfa,2012,55.81
bfa,2013,55.47
bfa,2014,55.151
bfa,2015,55.133
bfa,2016,55.127
bfa,2017,55.115
bfa,2018,55.111
bfa,2019,55.141
bfa,2020,54.494
bfa,2021,54.499
bgd,1991,26.144
bgd,1992,26.234
bgd,1993,26.386
bgd,1994,26.57
bgd,1995,26.765
bgd,1996,26.936
bgd,1997,27.053
bgd,1998,27.175
bgd,1999,27.304
bgd,2000,27.401
bgd,2001,27.375
bgd,2002,27.361
bgd,2003,27.301
bgd,2004,27.088
bgd,2005,26.84
bgd,2006,27.013
bgd,2007,27.267
bgd,2008,27.563
bgd,2009,27.857
bgd,2010,29.122
bgd,2011,29.161
bgd,2012,29.21
bgd,2013,29.273
bgd,2014,29.685
bgd,2015,30.092
bgd,2016,30.508
bgd,2017,33.686
bgd,2018,33.798
bgd,2019,33.858
bgd,2020,31.781
bgd,2021,32.124
bgr,1991,47.638
bgr,1992,45.687
bgr,1993,44.15
bgr,1994,45.024
bgr,1995,44.866
bgr,1996,43.165
bgr,1997,41.585
bgr,1998,41.391
bgr,1999,39.285
bgr,2000,37.556
bgr,2001,37.658
bgr,2002,38.031
bgr,2003,38.851
bgr,2004,40.138
bgr,2005,40.014
bgr,2006,42.012
bgr,2007,43.977
bgr,2008,45.511
bgr,2009,44.337
bgr,2010,43.169
bgr,2011,42.422
bgr,2012,42.638
bgr,2013,42.804
bgr,2014,43.554
bgr,2015,44.47
bgr,2016,44.331
bgr,2017,46.561
bgr,2018,46.919
bgr,2019,48.324
bgr,2020,46.84
bgr,2021,46.53
bhr,1991,28.237
bhr,1992,28.614
bhr,1993,29.305
bhr,1994,29.907
bhr,1995,30.534
bhr,1996,31.289
bhr,1997,31.966
bhr,1998,32.592
bhr,1999,33.243
bhr,2000,33.897
bhr,2001,34.158
bhr,2002,35.001
bhr,2003,35.849
bhr,2004,36.681
bhr,2005,37.513
bhr,2006,38.325
bhr,2007,39.178
bhr,2008,40.049
bhr,2009,40.973
bhr,2010,42.006
bhr,2011,40.859
bhr,2012,41.138
bhr,2013,41.474
bhr,2014,41.737
bhr,2015,41.909
bhr,2016,41.999
bhr,2017,42.111
bhr,2018,42.37
bhr,2019,42.645
bhr,2020,39.872
bhr,2021,39.976
bhs,1991,57.179
bhs,1992,55.246
bhs,1993,57.623
bhs,1994,56.668
bhs,1995,61.359
bhs,1996,58.101
bhs,1997,62.586
bhs,1998,63.8
bhs,1999,64.337
bhs,2000,65.182
bhs,2001,66.116
bhs,2002,64.82
bhs,2003,62.971
bhs,2004,63.135
bhs,2005,62.732
bhs,2006,64.565
bhs,2007,63.46
bhs,2008,62.972
bhs,2009,59.273
bhs,2010,59.243
bhs,2011,59.145
bhs,2012,59.988
bhs,2013,58.357
bhs,2014,59.6
bhs,2015,60.811
bhs,2016,59.859
bhs,2017,62
bhs,2018,63.011
bhs,2019,63.029
bhs,2020,54.825
bhs,2021,56.803
bih,1991,26.984
bih,1992,26.92
bih,1993,26.613
bih,1994,25.917
bih,1995,25.305
bih,1996,24.751
bih,1997,24.325
bih,1998,23.829
bih,1999,23.21
bih,2000,22.765
bih,2001,22.323
bih,2002,21.822
bih,2003,21.422
bih,2004,20.9
bih,2005,20.309
bih,2006,19.952
bih,2007,20.63
bih,2008,23.004
bih,2009,23.616
bih,2010,23.122
bih,2011,22.886
bih,2012,22.482
bih,2013,22.972
bih,2014,22.66
bih,2015,23.195
bih,2016,22.416
bih,2017,24.87
bih,2018,25.035
bih,2019,26.712
bih,2020,26.978
bih,2021,26.54
blr,1991,51.829
blr,1992,51.275
blr,1993,49.36
blr,1994,48.183
blr,1995,46.663
blr,1996,43.543
blr,1997,46.181
blr,1998,47.09
blr,1999,47.431
blr,2000,48
blr,2001,48.644
blr,2002,49.265
blr,2003,49.862
blr,2004,50.426
blr,2005,51.098
blr,2006,51.73
blr,2007,52.39
blr,2008,53.014
blr,2009,53.759
blr,2010,54.046
blr,2011,54.433
blr,2012,54.83
blr,2013,55.197
blr,2014,55.55
blr,2015,55.962
blr,2016,56.309
blr,2017,56.216
blr,2018,56.094
blr,2019,56.414
blr,2020,55.576
blr,2021,55.158
blz,1991,28.552
blz,1992,29.236
blz,1993,29.498
blz,1994,28.941
blz,1995,29.265
blz,1996,30.155
blz,1997,30.514
blz,1998,30.82
blz,1999,31.25
blz,2000,32.71
blz,2001,34.073
blz,2002,34.625
blz,2003,34.811
blz,2004,34.907
blz,2005,35.012
blz,2006,36.375
blz,2007,37.688
blz,2008,38.4
blz,2009,38.844
blz,2010,39.335
blz,2011,39.793
blz,2012,40.261
blz,2013,40.712
blz,2014,40.832
blz,2015,43.016
blz,2016,43.759
blz,2017,44.058
blz,2018,44.258
blz,2019,44.261
blz,2020,40.33
blz,2021,41.285
bol,1991,55.727
bol,1992,55.578
bol,1993,56.04
bol,1994,56.492
bol,1995,57.086
bol,1996,57.611
bol,1997,58.256
bol,1998,58.079
bol,1999,57.768
bol,2000,57.645
bol,2001,58.241
bol,2002,58.884
bol,2003,59.502
bol,2004,60.163
bol,2005,60.774
bol,2006,61.386
bol,2007,59.453
bol,2008,59.934
bol,2009,60.357
bol,2010,60.295
bol,2011,60.235
bol,2012,56.047
bol,2013,57.024
bol,2014,59.436
bol,2015,52.559
bol,2016,54.669
bol,2017,56.762
bol,2018,61.304
bol,2019,58.08
bol,2020,49.335
bol,2021,60.96
bra,1991,38.146
bra,1992,39.244
bra,1993,40.676
bra,1994,41.713
bra,1995,42.69
bra,1996,40.908
bra,1997,41.135
bra,1998,41.034
bra,1999,41.705
bra,2000,43.368
bra,2001,44.627
bra,2002,46.002
bra,2003,45.802
bra,2004,47.099
bra,2005,47.769
bra,2006,48.183
bra,2007,48.142
bra,2008,48.514
bra,2009,48.156
bra,2010,47.726
bra,2011,46.667
bra,2012,46.774
bra,2013,46.795
bra,2014,47.093
bra,2015,46.538
bra,2016,44.75
bra,2017,44.879
bra,2018,45.252
bra,2019,45.881
bra,2020,40.056
bra,2021,40.426
brb,1991,43.338
brb,1992,43.969
brb,1993,43.463
brb,1994,44.005
brb,1995,48.338
brb,1996,50.408
brb,1997,50.97
brb,1998,51.768
brb,1999,53.239
brb,2000,55.534
brb,2001,56.255
brb,2002,55.146
brb,2003,55.935
brb,2004,57.725
brb,2005,57.521
brb,2006,56.605
brb,2007,56.717
brb,2008,56.615
brb,2009,55.998
brb,2010,55.439
brb,2011,55.072
brb,2012,53.55
brb,2013,54.87
brb,2014,52.814
brb,2015,55.366
brb,2016,56.525
brb,2017,55.195
brb,2018,54.391
brb,2019,54.738
brb,2020,50.51
brb,2021,50.848
brn,1991,43.338
brn,1992,44.184
brn,1993,45.161
brn,1994,46.005
brn,1995,46.893
brn,1996,47.875
brn,1997,48.926
brn,1998,49.85
brn,1999,50.679
brn,2000,51.56
brn,2001,52.366
brn,2002,52.291
brn,2003,52.261
brn,2004,52.266
brn,2005,52.213
brn,2006,52.06
brn,2007,52.13
brn,2008,52.145
brn,2009,52.103
brn,2010,51.948
brn,2011,51.884
brn,2012,51.876
brn,2013,51.884
brn,2014,51.83
brn,2015,51.41
brn,2016,51.129
brn,2017,50.668
brn,2018,51.577
brn,2019,50.613
brn,2020,49.397
brn,2021,49.082
btn,1991,57.701
btn,1992,57.585
btn,1993,57.519
btn,1994,57.422
btn,1995,57.339
btn,1996,57.747
btn,1997,58.251
btn,1998,58.816
btn,1999,59.276
btn,2000,59.565
btn,2001,59.871
btn,2002,60.712
btn,2003,61.604
btn,2004,61.784
btn,2005,62.407
btn,2006,62.398
btn,2007,62.098
btn,2008,62.223
btn,2009,62.064
btn,2010,60.844
btn,2011,59.371
btn,2012,61.665
btn,2013,56.126
btn,2014,52.125
btn,2015,53.313
btn,2016,53.108
btn,2017,52.858
btn,2018,52.52
btn,2019,52.119
btn,2020,48.53
btn,2021,48.715
bwa,1991,38.457
bwa,1992,37.595
bwa,1993,36.754
bwa,1994,35.939
bwa,1995,35.811
bwa,1996,35.633
bwa,1997,35.9
bwa,1998,36.132
bwa,1999,38.131
bwa,2000,40.097
bwa,2001,38.267
bwa,2002,37.706
bwa,2003,37.075
bwa,2004,38.622
bwa,2005,40.221
bwa,2006,41.855
bwa,2007,42.794
bwa,2008,43.726
bwa,2009,44.604
bwa,2010,41.328
bwa,2011,41.55
bwa,2012,41.787
bwa,2013,42.07
bwa,2014,42.257
bwa,2015,42.436
bwa,2016,42.662
bwa,2017,42.834
bwa,2018,43.02
bwa,2019,43.185
bwa,2020,41.947
bwa,2021,41.745
caf,1991,60.058
caf,1992,60.015
caf,1993,60.015
caf,1994,60.029
caf,1995,60.067
caf,1996,60.013
caf,1997,59.982
caf,1998,60.018
caf,1999,60.057
caf,2000,60.136
caf,2001,59.952
caf,2002,59.815
caf,2003,59.762
caf,2004,59.81
caf,2005,59.789
caf,2006,59.755
caf,2007,59.755
caf,2008,59.837
caf,2009,59.771
caf,2010,59.589
caf,2011,59.553
caf,2012,59.545
caf,2013,59.544
caf,2014,59.53
caf,2015,59.456
caf,2016,59.495
caf,2017,59.605
caf,2018,59.761
caf,2019,59.86
caf,2020,58.399
caf,2021,58.536
can,1991,52.758
can,1992,51.938
can,1993,51.501
can,1994,51.88
can,1995,52.236
can,1996,52.12
can,1997,52.63
can,1998,53.718
can,1999,54.616
can,2000,55.42
can,2001,55.657
can,2002,56.575
can,2003,57.466
can,2004,57.741
can,2005,57.671
can,2006,58.111
can,2007,58.968
can,2008,59.011
can,2009,58.048
can,2010,57.882
can,2011,57.801
can,2012,57.886
can,2013,58.072
can,2014,57.619
can,2015,57.367
can,2016,57.455
can,2017,57.884
can,2018,57.933
can,2019,58.218
can,2020,53.929
can,2021,56.357
chanisl,1991,42.379
chanisl,1992,42.36
chanisl,1993,41.614
chanisl,1994,41.422
chanisl,1995,41.775
chanisl,1996,42.356
chanisl,1997,42.756
chanisl,1998,43.226
chanisl,1999,43.902
chanisl,2000,44.322
chanisl,2001,45.88
chanisl,2002,47.47
chanisl,2003,48.076
chanisl,2004,47.959
chanisl,2005,47.556
chanisl,2006,47.25
chanisl,2007,46.926
chanisl,2008,47.642
chanisl,2009,47.998
chanisl,2010,47.647
chanisl,2011,46.57
chanisl,2012,46.412
chanisl,2013,46.251
chanisl,2014,46.512
chanisl,2015,46.891
chanisl,2016,47.409
chanisl,2017,48.013
chanisl,2018,48.534
chanisl,2019,48.884
chanisl,2020,47.612
chanisl,2021,47.562
che,1991,55.367
che,1992,55.108
che,1993,54.337
che,1994,53.742
che,1995,53.662
che,1996,54.698
che,1997,54.679
che,1998,55.766
che,1999,56.099
che,2000,55.831
che,2001,56.786
che,2002,57.463
che,2003,56.791
che,2004,56.286
che,2005,56.318
che,2006,56.934
che,2007,57.228
che,2008,58.858
che,2009,58.788
che,2010,56.876
che,2011,57.629
che,2012,57.955
che,2013,58.129
che,2014,58.809
che,2015,59.22
che,2016,59.684
che,2017,59.431
che,2018,59.688
che,2019,60.005
che,2020,59.378
che,2021,58.261
chl,1991,30.637
chl,1992,32.004
chl,1993,32.765
chl,1994,32.676
chl,1995,34.249
chl,1996,33.279
chl,1997,34.081
chl,1998,34.497
chl,1999,33.27
chl,2000,33.157
chl,2001,32.497
chl,2002,32.291
chl,2003,33.397
chl,2004,34.257
chl,2005,35.346
chl,2006,36.577
chl,2007,37.774
chl,2008,38.952
chl,2009,38.756
chl,2010,41.046
chl,2011,43.325
chl,2012,43.911
chl,2013,44.506
chl,2014,45.145
chl,2015,45.003
chl,2016,44.729
chl,2017,45.105
chl,2018,45.381
chl,2019,45.521
chl,2020,39.475
chl,2021,40.014
chn,1991,71.279
chn,1992,71.039
chn,1993,70.596
chn,1994,70.223
chn,1995,69.917
chn,1996,69.599
chn,1997,69.286
chn,1998,69.034
chn,1999,68.78
chn,2000,68.524
chn,2001,67.562
chn,2002,66.658
chn,2003,65.811
chn,2004,65.213
chn,2005,64.536
chn,2006,63.921
chn,2007,63.293
chn,2008,62.476
chn,2009,61.716
chn,2010,61.129
chn,2011,61.3
chn,2012,61.158
chn,2013,61.037
chn,2014,61.026
chn,2015,61.012
chn,2016,60.973
chn,2017,60.853
chn,2018,60.769
chn,2019,60.541
chn,2020,59.136
chn,2021,58.985
civ,1991,43.854
civ,1992,43.892
civ,1993,44.426
civ,1994,44.978
civ,1995,45.55
civ,1996,45.592
civ,1997,45.634
civ,1998,45.701
civ,1999,45.474
civ,2000,45.249
civ,2001,45.046
civ,2002,44.838
civ,2003,44.64
civ,2004,44.453
civ,2005,44.264
civ,2006,44.075
civ,2007,43.892
civ,2008,43.713
civ,2009,43.538
civ,2010,43.359
civ,2011,43.165
civ,2012,43.06
civ,2013,43.982
civ,2014,44.207
civ,2015,44.437
civ,2016,44.668
civ,2017,44.385
civ,2018,44.453
civ,2019,44.517
civ,2020,44.018
civ,2021,44.017
cmr,1991,73.972
cmr,1992,73.926
cmr,1993,73.854
cmr,1994,73.898
cmr,1995,73.896
cmr,1996,73.878
cmr,1997,73.894
cmr,1998,73.911
cmr,1999,73.939
cmr,2000,73.966
cmr,2001,73.979
cmr,2002,74.429
cmr,2003,74.886
cmr,2004,75.356
cmr,2005,75.793
cmr,2006,76.245
cmr,2007,76.706
cmr,2008,73.689
cmr,2009,70.455
cmr,2010,67.021
cmr,2011,67.18
cmr,2012,67.342
cmr,2013,67.511
cmr,2014,67.686
cmr,2015,67.704
cmr,2016,67.718
cmr,2017,67.741
cmr,2018,67.78
cmr,2019,67.824
cmr,2020,67.028
cmr,2021,67.012
cod,1991,69.623
cod,1992,69.592
cod,1993,69.57
cod,1994,69.586
cod,1995,69.625
cod,1996,69.59
cod,1997,69.578
cod,1998,69.602
cod,1999,69.627
cod,2000,69.652
cod,2001,69.641
cod,2002,69.641
cod,2003,69.644
cod,2004,69.652
cod,2005,69.663
cod,2006,68.368
cod,2007,67.054
cod,2008,65.719
cod,2009,64.358
cod,2010,62.993
cod,2011,61.603
cod,2012,60.199
cod,2013,60.173
cod,2014,60.16
cod,2015,60.155
cod,2016,60.132
cod,2017,60.141
cod,2018,60.169
cod,2019,60.207
cod,2020,58.122
cod,2021,58.312
cog,1991,51.88
cog,1992,51.972
cog,1993,52.048
cog,1994,52.117
cog,1995,52.257
cog,1996,52.336
cog,1997,52.379
cog,1998,52.468
cog,1999,52.495
cog,2000,52.611
cog,2001,52.62
cog,2002,52.658
cog,2003,52.671
cog,2004,52.713
cog,2005,52.755
cog,2006,52.733
cog,2007,52.622
cog,2008,52.66
cog,2009,52.66
cog,2010,52.631
cog,2011,52.482
cog,2012,52.44
cog,2013,52.313
cog,2014,52.302
cog,2015,52.204
cog,2016,52.151
cog,2017,52.192
cog,2018,52.21
cog,2019,52.275
cog,2020,48.626
cog,2021,48.986
col,1991,44.205
col,1992,44.774
col,1993,46.369
col,1994,46.36
col,1995,47.461
col,1996,45.616
col,1997,45.828
col,1998,44.153
col,1999,40.569
col,2000,40.086
col,2001,43.234
col,2002,43.053
col,2003,44.726
col,2004,43.581
col,2005,43.924
col,2006,43.563
col,2007,42.732
col,2008,43.208
col,2009,45.759
col,2010,47.537
col,2011,48.862
col,2012,50.423
col,2013,50.846
col,2014,51.292
col,2015,51.879
col,2016,51.396
col,2017,51.094
col,2018,50.29
col,2019,48.862
col,2020,40.696
col,2021,42.62
com,1991,29.484
com,1992,29.533
com,1993,29.562
com,1994,29.605
com,1995,29.7
com,1996,29.774
com,1997,29.88
com,1998,29.984
com,1999,30.109
com,2000,30.26
com,2001,30.363
com,2002,30.492
com,2003,30.628
com,2004,30.764
com,2005,30.607
com,2006,30.448
com,2007,30.285
com,2008,30.134
com,2009,29.973
com,2010,29.815
com,2011,29.658
com,2012,29.496
com,2013,29.341
com,2014,29.172
com,2015,29.26
com,2016,29.345
com,2017,29.439
com,2018,29.542
com,2019,29.647
com,2020,28.205
com,2021,28.234
cpv,1991,36.418
cpv,1992,36.675
cpv,1993,36.932
cpv,1994,37.236
cpv,1995,37.523
cpv,1996,37.821
cpv,1997,38.127
cpv,1998,38.434
cpv,1999,38.726
cpv,2000,39.016
cpv,2001,39.271
cpv,2002,39.551
cpv,2003,39.814
cpv,2004,40.091
cpv,2005,40.352
cpv,2006,40.668
cpv,2007,41.014
cpv,2008,41.34
cpv,2009,41.684
cpv,2010,42.071
cpv,2011,42.405
cpv,2012,42.778
cpv,2013,43.202
cpv,2014,43.659
cpv,2015,44.131
cpv,2016,44.593
cpv,2017,45.063
cpv,2018,42.985
cpv,2019,44.01
cpv,2020,38.721
cpv,2021,39.866
cri,1991,30.859
cri,1992,30.753
cri,1993,31.72
cri,1994,32.589
cri,1995,33.099
cri,1996,31.097
cri,1997,34.218
cri,1998,36.269
cri,1999,36.576
cri,2000,35.877
cri,2001,39.15
cri,2002,38.829
cri,2003,39.186
cri,2004,37.501
cri,2005,40.426
cri,2006,40.75
cri,2007,42.52
cri,2008,43.489
cri,2009,41.904
cri,2010,39.932
cri,2011,38.594
cri,2012,43.573
cri,2013,43.929
cri,2014,43.299
cri,2015,42.347
cri,2016,39.048
cri,2017,39.471
cri,2018,40.815
cri,2019,42.911
cri,2020,36.012
cri,2021,35.984
cub,1991,32.359
cub,1992,31.282
cub,1993,29.897
cub,1994,30.007
cub,1995,30.11
cub,1996,31.025
cub,1997,31.677
cub,1998,32.341
cub,1999,32.727
cub,2000,33.753
cub,2001,34.972
cub,2002,35.568
cub,2003,36.432
cub,2004,37.449
cub,2005,38.429
cub,2006,39.455
cub,2007,40.187
cub,2008,40.438
cub,2009,41.577
cub,2010,40.77
cub,2011,40.215
cub,2012,40.371
cub,2013,40.563
cub,2014,40.725
cub,2015,41.253
cub,2016,41.304
cub,2017,41.542
cub,2018,41.515
cub,2019,41.387
cub,2020,38.602
cub,2021,39.08
cyp,1991,40.671
cyp,1992,42.029
cyp,1993,41.871
cyp,1994,42.687
cyp,1995,43.444
cyp,1996,43.848
cyp,1997,44.459
cyp,1998,45.311
cyp,1999,44.207
cyp,2000,45.039
cyp,2001,48.354
cyp,2002,49.811
cyp,2003,50.931
cyp,2004,50.157
cyp,2005,49.432
cyp,2006,51.085
cyp,2007,52.956
cyp,2008,53.27
cyp,2009,53.34
cyp,2010,53.892
cyp,2011,52.84
cyp,2012,50.414
cyp,2013,48.198
cyp,2014,49.58
cyp,2015,49.018
cyp,2016,48.688
cyp,2017,50.265
cyp,2018,52.205
cyp,2019,52.713
cyp,2020,52.117
cyp,2021,52.651
cze,1991,51.268
cze,1992,50.747
cze,1993,49.489
cze,1994,49.851
cze,1995,49.818
cze,1996,49.412
cze,1997,48.921
cze,1998,47.757
cze,1999,46.649
cze,2000,46.075
cze,2001,46.197
cze,2002,46.405
cze,2003,45.944
cze,2004,45.616
cze,2005,45.705
cze,2006,46.092
cze,2007,46.426
cze,2008,46.567
cze,2009,45.721
cze,2010,45.149
cze,2011,45.561
cze,2012,45.927
cze,2013,46.695
cze,2014,47.098
cze,2015,48.132
cze,2016,49.444
cze,2017,50.423
cze,2018,51.305
cze,2019,51.348
cze,2020,50.293
cze,2021,49.788
deu,1991,44.951
deu,1992,43.921
deu,1993,43.175
deu,1994,42.861
deu,1995,43.104
deu,1996,43.269
deu,1997,43.107
deu,1998,43.376
deu,1999,44.468
deu,2000,44.83
deu,2001,45.478
deu,2002,45.323
deu,2003,45.138
deu,2004,44.466
deu,2005,45.553
deu,2006,46.711
deu,2007,47.817
deu,2008,48.521
deu,2009,49.065
deu,2010,49.594
deu,2011,50.979
deu,2012,51.225
deu,2013,51.898
deu,2014,52.237
deu,2015,52.41
deu,2016,53.587
deu,2017,54.072
deu,2018,54.339
deu,2019,55.046
deu,2020,54.92
deu,2021,55.044
dji,1991,8.843
dji,1992,8.896
dji,1993,8.957
dji,1994,9.046
dji,1995,9.093
dji,1996,9.171
dji,1997,9.227
dji,1998,9.268
dji,1999,9.334
dji,2000,9.424
dji,2001,9.499
dji,2002,9.608
dji,2003,9.728
dji,2004,9.837
dji,2005,9.929
dji,2006,10.08
dji,2007,10.213
dji,2008,10.347
dji,2009,10.478
dji,2010,10.634
dji,2011,10.722
dji,2012,10.797
dji,2013,10.876
dji,2014,10.966
dji,2015,11.061
dji,2016,11.103
dji,2017,11.18
dji,2018,11.272
dji,2019,11.344
dji,2020,10.465
dji,2021,10.441
dnk,1991,55.502
dnk,1992,56.228
dnk,1993,54.995
dnk,1994,53.04
dnk,1995,52.488
dnk,1996,53.823
dnk,1997,55.216
dnk,1998,55.695
dnk,1999,56.493
dnk,2000,57.221
dnk,2001,56.804
dnk,2002,57.635
dnk,2003,56.284
dnk,2004,57.098
dnk,2005,57.201
dnk,2006,58.161
dnk,2007,58.103
dnk,2008,57.462
dnk,2009,56.259
dnk,2010,54.864
dnk,2011,54.119
dnk,2012,53.61
dnk,2013,53.174
dnk,2014,52.938
dnk,2015,53.025
dnk,2016,53.885
dnk,2017,54.129
dnk,2018,54.487
dnk,2019,54.933
dnk,2020,54.297
dnk,2021,54.869
dom,1991,31.454
dom,1992,32.295
dom,1993,32.745
dom,1994,32.825
dom,1995,33.218
dom,1996,33.608
dom,1997,34.264
dom,1998,34.722
dom,1999,35.134
dom,2000,35.433
dom,2001,33.98
dom,2002,35.892
dom,2003,35.155
dom,2004,35.137
dom,2005,35.809
dom,2006,36.869
dom,2007,37.105
dom,2008,38.653
dom,2009,35.771
dom,2010,38.656
dom,2011,39.934
dom,2012,40.965
dom,2013,40.262
dom,2014,40.893
dom,2015,42.843
dom,2016,43.521
dom,2017,44.978
dom,2018,45.646
dom,2019,47.453
dom,2020,43.061
dom,2021,43.342
dza,1991,9.211
dza,1992,8.85
dza,1993,8.676
dza,1994,8.524
dza,1995,8.067
dza,1996,8.453
dza,1997,8.832
dza,1998,8.815
dza,1999,8.757
dza,2000,8.715
dza,2001,9.066
dza,2002,9.28
dza,2003,9.606
dza,2004,10.674
dza,2005,10.946
dza,2006,11.36
dza,2007,10.992
dza,2008,11.333
dza,2009,11.418
dza,2010,11.472
dza,2011,11.909
dza,2012,13.131
dza,2013,13.899
dza,2014,13.186
dza,2015,13.6
dza,2016,13.854
dza,2017,13.722
dza,2018,13.601
dza,2019,13.507
dza,2020,12.132
dza,2021,12.212
ecu,1991,44.657
ecu,1992,44.617
ecu,1993,44.632
ecu,1994,45.06
ecu,1995,45.057
ecu,1996,45.027
ecu,1997,45.529
ecu,1998,48.463
ecu,1999,47.636
ecu,2000,47.389
ecu,2001,47.493
ecu,2002,46.811
ecu,2003,46.079
ecu,2004,49.664
ecu,2005,49.419
ecu,2006,50.346
ecu,2007,49.871
ecu,2008,49.376
ecu,2009,46.696
ecu,2010,45.583
ecu,2011,45.008
ecu,2012,46.206
ecu,2013,46.331
ecu,2014,45.682
ecu,2015,49.535
ecu,2016,52.147
ecu,2017,53.387
ecu,2018,52.075
ecu,2019,51.896
ecu,2020,44.753
ecu,2021,49.186
egy,1991,17.612
egy,1992,19.173
egy,1993,17.418
egy,1994,17.952
egy,1995,16.697
egy,1996,17.251
egy,1997,16.444
egy,1998,15.946
egy,1999,16.722
egy,2000,15.879
egy,2001,16.019
egy,2002,13.918
egy,2003,14.55
egy,2004,14.808
egy,2005,15.438
egy,2006,16.288
egy,2007,19.136
egy,2008,17.85
egy,2009,17.884
egy,2010,18.145
egy,2011,17.538
egy,2012,17.158
egy,2013,17.509
egy,2014,17.662
egy,2015,17.217
egy,2016,17.731
egy,2017,17.197
egy,2018,14.56
egy,2019,12.528
egy,2020,11.78
egy,2021,11.65
eri,1991,67.922
eri,1992,67.645
eri,1993,67.411
eri,1994,67.189
eri,1995,66.998
eri,1996,67.017
eri,1997,67.081
eri,1998,67.231
eri,1999,67.376
eri,2000,67.538
eri,2001,67.8
eri,2002,68.066
eri,2003,68.383
eri,2004,68.775
eri,2005,69.052
eri,2006,69.04
eri,2007,69.038
eri,2008,69.092
eri,2009,68.947
eri,2010,68.622
eri,2011,68.483
eri,2012,68.372
eri,2013,68.262
eri,2014,68.132
eri,2015,67.935
eri,2016,67.933
eri,2017,67.959
eri,2018,68.023
eri,2019,68.057
eri,2020,61.988
eri,2021,63.753
esp,1991,24.893
esp,1992,25.834
esp,1993,25.002
esp,1994,24.833
esp,1995,25.542
esp,1996,26.276
esp,1997,27.39
esp,1998,28.163
esp,1999,30.146
esp,2000,32.389
esp,2001,33.582
esp,2002,35.349
esp,2003,36.777
esp,2004,38.234
esp,2005,40.925
esp,2006,42.486
esp,2007,43.74
esp,2008,43.902
esp,2009,42.13
esp,2010,41.614
esp,2011,41.298
esp,2012,40.065
esp,2013,39.148
esp,2014,39.611
esp,2015,40.62
esp,2016,41.712
esp,2017,42.619
esp,2018,43.499
esp,2019,44.265
esp,2020,42.617
esp,2021,43.818
est,1991,63.982
est,1992,59.8
est,1993,56.02
est,1994,54.931
est,1995,52.777
est,1996,50.954
est,1997,49.163
est,1998,48.068
est,1999,46.309
est,2000,46.527
est,2001,45.407
est,2002,46.72
est,2003,46.969
est,2004,48.588
est,2005,49.896
est,2006,51.712
est,2007,52.011
est,2008,51.908
est,2009,49.047
est,2010,47.32
est,2011,49.219
est,2012,50.358
est,2013,50.872
est,2014,50.859
est,2015,52.484
est,2016,52.931
est,2017,54.026
est,2018,54.309
est,2019,54.827
est,2020,53.749
est,2021,53.968
eth,1991,64.392
eth,1992,64.371
eth,1993,64.412
eth,1994,64.39
eth,1995,64.924
eth,1996,65.45
eth,1997,65.917
eth,1998,66.373
eth,1999,66.868
eth,2000,67.763
eth,2001,68.658
eth,2002,69.515
eth,2003,70.377
eth,2004,71.287
eth,2005,72.139
eth,2006,72.132
eth,2007,72.129
eth,2008,72.122
eth,2009,72.111
eth,2010,72.113
eth,2011,72.101
eth,2012,72.088
eth,2013,72.086
eth,2014,72.172
eth,2015,72.263
eth,2016,72.335
eth,2017,72.415
eth,2018,72.491
eth,2019,72.573
eth,2020,68.157
eth,2021,68.933
fin,1991,54.817
fin,1992,50.892
fin,1993,47.491
fin,1994,46.63
fin,1995,47.163
fin,1996,46.1
fin,1997,46.51
fin,1998,47.618
fin,1999,49.16
fin,2000,49.451
fin,2001,50.45
fin,2002,51.078
fin,2003,50.909
fin,2004,50.355
fin,2005,51.864
fin,2006,52.435
fin,2007,53.233
fin,2008,53.53
fin,2009,52.635
fin,2010,51.732
fin,2011,51.827
fin,2012,52.022
fin,2013,51.344
fin,2014,51.059
fin,2015,50.68
fin,2016,50.271
fin,2017,50.559
fin,2018,51.802
fin,2019,52.35
fin,2020,51.113
fin,2021,52.517
fji,1991,37.556
fji,1992,37.568
fji,1993,37.514
fji,1994,37.493
fji,1995,37.449
fji,1996,37.431
fji,1997,36.973
fji,1998,36.619
fji,1999,36.297
fji,2000,35.802
fji,2001,35.432
fji,2002,35.037
fji,2003,34.609
fji,2004,34.243
fji,2005,33.034
fji,2006,34.729
fji,2007,36.412
fji,2008,38.16
fji,2009,39.883
fji,2010,41.689
fji,2011,43.455
fji,2012,42.006
fji,2013,40.626
fji,2014,39.238
fji,2015,37.691
fji,2016,36.155
fji,2017,36.197
fji,2018,36.191
fji,2019,36.151
fji,2020,35.699
fji,2021,35.18
fra,1991,41.376
fra,1992,41.172
fra,1993,41.316
fra,1994,40.973
fra,1995,41.387
fra,1996,41.512
fra,1997,41.275
fra,1998,41.704
fra,1999,42.097
fra,2000,43.08
fra,2001,43.736
fra,2002,44.276
fra,2003,45.724
fra,2004,45.186
fra,2005,45.781
fra,2006,45.916
fra,2007,46.778
fra,2008,47.299
fra,2009,46.916
fra,2010,46.788
fra,2011,46.643
fra,2012,46.718
fra,2013,46.666
fra,2014,46.462
fra,2015,46.478
fra,2016,46.45
fra,2017,46.496
fra,2018,46.765
fra,2019,46.974
fra,2020,46.596
fra,2021,47.739
gab,1991,32.13
gab,1992,32.086
gab,1993,32.114
gab,1994,31.89
gab,1995,31.686
gab,1996,31.467
gab,1997,31.277
gab,1998,31.081
gab,1999,30.851
gab,2000,30.713
gab,2001,30.577
gab,2002,30.42
gab,2003,30.288
gab,2004,30.133
gab,2005,29.987
gab,2006,29.609
gab,2007,29.294
gab,2008,28.856
gab,2009,28.475
gab,2010,28.099
gab,2011,28.22
gab,2012,28.32
gab,2013,28.416
gab,2014,28.483
gab,2015,28.543
gab,2016,28.472
gab,2017,28.414
gab,2018,28.381
gab,2019,28.384
gab,2020,27.373
gab,2021,27.186
gbr,1991,48.446
gbr,1992,48.569
gbr,1993,48.467
gbr,1994,48.694
gbr,1995,48.923
gbr,1996,49.637
gbr,1997,50.296
gbr,1998,50.567
gbr,1999,51.022
gbr,2000,51.559
gbr,2001,51.858
gbr,2002,52.264
gbr,2003,52.345
gbr,2004,52.628
gbr,2005,53.014
gbr,2006,53.127
gbr,2007,52.915
gbr,2008,53.106
gbr,2009,52.534
gbr,2010,52.2
gbr,2011,52.07
gbr,2012,52.241
gbr,2013,52.758
gbr,2014,53.7
gbr,2015,54.266
gbr,2016,54.803
gbr,2017,55.352
gbr,2018,55.739
gbr,2019,56.396
gbr,2020,56.168
gbr,2021,55.548
geo,1991,56.403
geo,1992,55.651
geo,1993,56.481
geo,1994,55.692
geo,1995,55.547
geo,1996,52.078
geo,1997,50.979
geo,1998,48.922
geo,1999,51.054
geo,2000,49.227
geo,2001,51.884
geo,2002,49.706
geo,2003,50.802
geo,2004,50.092
geo,2005,48.772
geo,2006,47.325
geo,2007,47.933
geo,2008,44.548
geo,2009,44.114
geo,2010,45.918
geo,2011,46.301
geo,2012,46.672
geo,2013,47.232
geo,2014,48.968
geo,2015,50.697
geo,2016,50.551
geo,2017,49.427
geo,2018,49.299
geo,2019,48.977
geo,2020,42.456
geo,2021,46.077
gha,1991,73.767
gha,1992,71.763
gha,1993,70.98
gha,1994,70.175
gha,1995,69.387
gha,1996,68.595
gha,1997,67.793
gha,1998,66.999
gha,1999,65.171
gha,2000,64.791
gha,2001,65.076
gha,2002,65.353
gha,2003,65.619
gha,2004,65.87
gha,2005,66.11
gha,2006,66.339
gha,2007,65.658
gha,2008,65.013
gha,2009,64.314
gha,2010,63.656
gha,2011,63.116
gha,2012,62.507
gha,2013,61.913
gha,2014,61.3
gha,2015,60.708
gha,2016,61.471
gha,2017,62.261
gha,2018,62.298
gha,2019,62.347
gha,2020,61.533
gha,2021,61.325
gin,1991,60.922
gin,1992,60.85
gin,1993,60.809
gin,1994,60.775
gin,1995,60.767
gin,1996,60.697
gin,1997,60.656
gin,1998,60.627
gin,1999,60.628
gin,2000,60.643
gin,2001,60.593
gin,2002,60.57
gin,2003,60.478
gin,2004,60.427
gin,2005,60.388
gin,2006,60.345
gin,2007,60.35
gin,2008,60.324
gin,2009,60.292
gin,2010,60.327
gin,2011,60.336
gin,2012,60.353
gin,2013,60.365
gin,2014,60.392
gin,2015,60.423
gin,2016,60.544
gin,2017,60.625
gin,2018,60.69
gin,2019,60.777
gin,2020,57.709
gin,2021,58.035
gmb,1991,39.983
gmb,1992,39.789
gmb,1993,39.619
gmb,1994,39.811
gmb,1995,40.024
gmb,1996,40.254
gmb,1997,40.497
gmb,1998,40.721
gmb,1999,40.965
gmb,2000,41.186
gmb,2001,41.408
gmb,2002,41.58
gmb,2003,41.847
gmb,2004,42.063
gmb,2005,42.226
gmb,2006,42.443
gmb,2007,42.669
gmb,2008,42.892
gmb,2009,43.099
gmb,2010,43.299
gmb,2011,43.421
gmb,2012,43.699
gmb,2013,43.748
gmb,2014,43.788
gmb,2015,43.885
gmb,2016,43.905
gmb,2017,43.963
gmb,2018,44.028
gmb,2019,44.083
gmb,2020,41.173
gmb,2021,41.668
gnb,1991,59.282
gnb,1992,59.197
gnb,1993,59.174
gnb,1994,59.18
gnb,1995,59.228
gnb,1996,59.171
gnb,1997,59.164
gnb,1998,59.24
gnb,1999,59.313
gnb,2000,59.414
gnb,2001,59.344
gnb,2002,59.308
gnb,2003,59.349
gnb,2004,59.489
gnb,2005,59.553
gnb,2006,59.635
gnb,2007,59.744
gnb,2008,59.92
gnb,2009,59.917
gnb,2010,59.762
gnb,2011,59.856
gnb,2012,59.963
gnb,2013,60.054
gnb,2014,60.11
gnb,2015,60.09
gnb,2016,60.056
gnb,2017,60.085
gnb,2018,60.157
gnb,2019,60.178
gnb,2020,58.817
gnb,2021,58.953
gnq,1991,45.06
gnq,1992,44.924
gnq,1993,44.818
gnq,1994,44.76
gnq,1995,44.759
gnq,1996,44.785
gnq,1997,44.879
gnq,1998,45.041
gnq,1999,45.17
gnq,2000,45.29
gnq,2001,45.207
gnq,2002,45.159
gnq,2003,45.151
gnq,2004,45.2
gnq,2005,45.153
gnq,2006,45.232
gnq,2007,45.343
gnq,2008,45.503
gnq,2009,45.478
gnq,2010,45.315
gnq,2011,45.421
gnq,2012,45.577
gnq,2013,45.751
gnq,2014,45.883
gnq,2015,45.937
gnq,2016,45.93
gnq,2017,46.029
gnq,2018,46.168
gnq,2019,46.238
gnq,2020,43.934
gnq,2021,44.629
grc,1991,28.58
grc,1992,29.502
grc,1993,29.507
grc,1994,29.864
grc,1995,30.2
grc,1996,30.507
grc,1997,30.422
grc,1998,32.688
grc,1999,32.863
grc,2000,33.338
grc,2001,33.142
grc,2002,33.821
grc,2003,34.732
grc,2004,35.23
grc,2005,35.499
grc,2006,36.485
grc,2007,36.779
grc,2008,37.465
grc,2009,37.654
grc,2010,36.812
grc,2011,34.299
grc,2012,31.512
grc,2013,29.971
grc,2014,30.739
grc,2015,31.766
grc,2016,32.302
grc,2017,33.004
grc,2018,33.507
grc,2019,34.8
grc,2020,34.829
grc,2021,35.138
gtm,1991,38.456
gtm,1992,38.685
gtm,1993,38.822
gtm,1994,39.006
gtm,1995,39.306
gtm,1996,39.372
gtm,1997,39.64
gtm,1998,39.972
gtm,1999,40.183
gtm,2000,40.365
gtm,2001,40.449
gtm,2002,40.688
gtm,2003,40.787
gtm,2004,41.005
gtm,2005,40.699
gtm,2006,40.417
gtm,2007,40.119
gtm,2008,39.764
gtm,2009,39.411
gtm,2010,39.137
gtm,2011,38.953
gtm,2012,38.799
gtm,2013,38.508
gtm,2014,38.893
gtm,2015,37.339
gtm,2016,38.401
gtm,2017,37.534
gtm,2018,38.092
gtm,2019,38.369
gtm,2020,34.648
gtm,2021,35.631
gum,1991,57.517
gum,1992,57.38
gum,1993,56.575
gum,1994,55.59
gum,1995,55.566
gum,1996,55.483
gum,1997,54.862
gum,1998,55.965
gum,1999,52.84
gum,2000,52.22
gum,2001,51.588
gum,2002,49.201
gum,2003,48.797
gum,2004,48.57
gum,2005,50.612
gum,2006,51.071
gum,2007,43.56
gum,2008,45.907
gum,2009,48.139
gum,2010,51.25
gum,2011,47.296
gum,2012,49.761
gum,2013,50.181
gum,2014,52.31
gum,2015,52.68
gum,2016,53.468
gum,2017,53.427
gum,2018,53.316
gum,2019,53.362
gum,2020,50.05
gum,2021,50.272
guy,1991,32.049
guy,1992,32.691
guy,1993,33.305
guy,1994,32.856
guy,1995,32.382
guy,1996,31.894
guy,1997,31.38
guy,1998,30.842
guy,1999,30.351
guy,2000,29.838
guy,2001,29.381
guy,2002,28.91
guy,2003,29.435
guy,2004,29.987
guy,2005,30.536
guy,2006,31.135
guy,2007,31.495
guy,2008,31.837
guy,2009,32.2
guy,2010,32.543
guy,2011,32.883
guy,2012,33.199
guy,2013,33.502
guy,2014,33.809
guy,2015,34.129
guy,2016,34.477
guy,2017,34.819
guy,2018,35.171
guy,2019,35.487
guy,2020,32.068
guy,2021,32.435
hkg,1991,47.048
hkg,1992,45.422
hkg,1993,45.669
hkg,1994,46.449
hkg,1995,46.14
hkg,1996,46.667
hkg,1997,47.059
hkg,1998,46.75
hkg,1999,46.365
hkg,2000,47.014
hkg,2001,48.698
hkg,2002,48.872
hkg,2003,48.403
hkg,2004,48.941
hkg,2005,49.625
hkg,2006,50.667
hkg,2007,51.271
hkg,2008,51.565
hkg,2009,50.937
hkg,2010,50.091
hkg,2011,51.462
hkg,2012,52.05
hkg,2013,52.861
hkg,2014,52.892
hkg,2015,52.983
hkg,2016,53.094
hkg,2017,53.475
hkg,2018,53.769
hkg,2019,53.672
hkg,2020,51.591
hkg,2021,51.165
hnd,1991,41.614
hnd,1992,43.081
hnd,1993,43.451
hnd,1994,43.244
hnd,1995,43.607
hnd,1996,43.168
hnd,1997,43.92
hnd,1998,43.625
hnd,1999,43.687
hnd,2000,42.013
hnd,2001,41.513
hnd,2002,40.808
hnd,2003,39.672
hnd,2004,38.559
hnd,2005,38.967
hnd,2006,36.998
hnd,2007,36.421
hnd,2008,38.132
hnd,2009,39.373
hnd,2010,40.525
hnd,2011,37.339
hnd,2012,36.501
hnd,2013,40.307
hnd,2014,41.847
hnd,2015,42.532
hnd,2016,41.907
hnd,2017,42.24
hnd,2018,46.533
hnd,2019,41.004
hnd,2020,36.607
hnd,2021,37.291
hrv,1991,40.892
hrv,1992,40.689
hrv,1993,40.578
hrv,1994,40.345
hrv,1995,40.299
hrv,1996,40.273
hrv,1997,40.049
hrv,1998,38.991
hrv,1999,37.718
hrv,2000,36.305
hrv,2001,34.789
hrv,2002,36.307
hrv,2003,36.061
hrv,2004,36.89
hrv,2005,36.65
hrv,2006,37.314
hrv,2007,40.012
hrv,2008,41.006
hrv,2009,41.713
hrv,2010,40.468
hrv,2011,38.502
hrv,2012,37.439
hrv,2013,37.131
hrv,2014,37.968
hrv,2015,38.975
hrv,2016,39.19
hrv,2017,40.166
hrv,2018,41.278
hrv,2019,41.96
hrv,2020,41.314
hrv,2021,41.974
hti,1991,51.913
hti,1992,51.936
hti,1993,52.034
hti,1994,52.079
hti,1995,52.383
hti,1996,52.305
hti,1997,52.271
hti,1998,52.249
hti,1999,52.242
hti,2000,51.441
hti,2001,50.936
hti,2002,50.445
hti,2003,49.958
hti,2004,49.368
hti,2005,48.914
hti,2006,48.445
hti,2007,48.067
hti,2008,48.607
hti,2009,49.286
hti,2010,49.702
hti,2011,50.575
hti,2012,50.958
hti,2013,51.386
hti,2014,51.65
hti,2015,51.739
hti,2016,51.86
hti,2017,51.964
hti,2018,52.071
hti,2019,51.924
hti,2020,49.097
hti,2021,49.179
hun,1991,43.141
hun,1992,42.689
hun,1993,40.103
hun,1994,38.772
hun,1995,37.083
hun,1996,36.347
hun,1997,36.036
hun,1998,37.245
hun,1999,38.882
hun,2000,39.267
hun,2001,39.103
hun,2002,39.27
hun,2003,40.059
hun,2004,39.75
hun,2005,39.855
hun,2006,39.945
hun,2007,39.633
hun,2008,39.298
hun,2009,38.654
hun,2010,39.097
hun,2011,39.13
hun,2012,40.204
hun,2013,40.557
hun,2014,42.786
hun,2015,44.037
hun,2016,45.599
hun,2017,46.172
hun,2018,46.771
hun,2019,47.081
hun,2020,46.37
hun,2021,49.808
idn,1991,47.949
idn,1992,48.792
idn,1993,47.85
idn,1994,48
idn,1995,47.836
idn,1996,47.645
idn,1997,46.981
idn,1998,47.925
idn,1999,47.608
idn,2000,48.164
idn,2001,46.26
idn,2002,44.243
idn,2003,43.83
idn,2004,42.858
idn,2005,41.413
idn,2006,41.696
idn,2007,44.859
idn,2008,46.254
idn,2009,46.882
idn,2010,47.671
idn,2011,48.103
idn,2012,48.983
idn,2013,48.51
idn,2014,48.635
idn,2015,48.491
idn,2016,48.939
idn,2017,50.094
idn,2018,50.87
idn,2019,52.12
idn,2020,51.167
idn,2021,51.575
ind,1991,28.541
ind,1992,28.548
ind,1993,28.638
ind,1994,28.745
ind,1995,28.715
ind,1996,28.693
ind,1997,28.703
ind,1998,28.661
ind,1999,28.615
ind,2000,28.641
ind,2001,28.92
ind,2002,29.219
ind,2003,29.473
ind,2004,29.764
ind,2005,30.057
ind,2006,28.899
ind,2007,27.764
ind,2008,26.683
ind,2009,25.549
ind,2010,24.473
ind,2011,23.134
ind,2012,21.812
ind,2013,21.393
ind,2014,20.981
ind,2015,20.579
ind,2016,20.188
ind,2017,19.813
ind,2018,19.439
ind,2019,20.134
ind,2020,17.578
ind,2021,18.362
irl,1991,32.53
irl,1992,32.963
irl,1993,34.137
irl,1994,35.458
irl,1995,37.025
irl,1996,38.461
irl,1997,40.153
irl,1998,43.529
irl,1999,46.237
irl,2000,47.942
irl,2001,48.463
irl,2002,49.361
irl,2003,49.675
irl,2004,49.97
irl,2005,52.364
irl,2006,53.052
irl,2007,54.205
irl,2008,53.61
irl,2009,50.782
irl,2010,48.943
irl,2011,48.092
irl,2012,47.783
irl,2013,48.407
irl,2014,48.957
irl,2015,49.963
irl,2016,51.365
irl,2017,52.149
irl,2018,52.849
irl,2019,53.601
irl,2020,51.977
irl,2021,52.769
irn,1991,7.59
irn,1992,7.869
irn,1993,8.176
irn,1994,8.491
irn,1995,8.828
irn,1996,9.172
irn,1997,9.636
irn,1998,10.125
irn,1999,10.621
irn,2000,11.144
irn,2001,11.648
irn,2002,12.2
irn,2003,13.442
irn,2004,14.742
irn,2005,15.354
irn,2006,15.05
irn,2007,14.275
irn,2008,12.3
irn,2009,13.086
irn,2010,12.078
irn,2011,10.846
irn,2012,11.854
irn,2013,10.66
irn,2014,10.365
irn,2015,11.486
irn,2016,12.768
irn,2017,13.892
irn,2018,14.129
irn,2019,13.954
irn,2020,11.101
irn,2021,11.633
irq,1991,7.546
irq,1992,7.629
irq,1993,7.689
irq,1994,7.739
irq,1995,7.791
irq,1996,7.849
irq,1997,7.904
irq,1998,8.19
irq,1999,8.484
irq,2000,8.788
irq,2001,9.093
irq,2002,9.41
irq,2003,9.742
irq,2004,10.098
irq,2005,10.441
irq,2006,10.809
irq,2007,11.184
irq,2008,10.999
irq,2009,10.808
irq,2010,10.624
irq,2011,10.437
irq,2012,10.257
irq,2013,10.434
irq,2014,10.575
irq,2015,10.907
irq,2016,11.257
irq,2017,7.728
irq,2018,7.834
irq,2019,7.922
irq,2020,7.513
irq,2021,7.442
isl,1991,65.502
isl,1992,65.363
isl,1993,65.122
isl,1994,65.529
isl,1995,67.783
isl,1996,67.155
isl,1997,65.94
isl,1998,67.458
isl,1999,70.198
isl,2000,71.803
isl,2001,70.997
isl,2002,70.06
isl,2003,68.762
isl,2004,69.281
isl,2005,69.111
isl,2006,69.322
isl,2007,69.92
isl,2008,69.073
isl,2009,66.268
isl,2010,65.876
isl,2011,65.855
isl,2012,66.828
isl,2013,67.844
isl,2014,68.694
isl,2015,70.136
isl,2016,70.948
isl,2017,70.353
isl,2018,69.256
isl,2019,68.02
isl,2020,64.454
isl,2021,57.79
isr,1991,38.969
isr,1992,39.73
isr,1993,41.772
isr,1994,44.445
isr,1995,46.116
isr,1996,46.472
isr,1997,45.814
isr,1998,45.58
isr,1999,46.424
isr,2000,47.513
isr,2001,47.287
isr,2002,46.51
isr,2003,46.702
isr,2004,47.152
isr,2005,48.864
isr,2006,49.518
isr,2007,50.659
isr,2008,51.796
isr,2009,51.895
isr,2010,52.911
isr,2011,53.168
isr,2012,54.062
isr,2013,54.594
isr,2014,55.695
isr,2015,55.928
isr,2016,56.442
isr,2017,56.688
isr,2018,57.417
isr,2019,57.219
isr,2020,55.798
isr,2021,55.629
ita,1991,30.29
ita,1992,29.259
ita,1993,28.555
ita,1994,28.357
ita,1995,28.113
ita,1996,28.449
ita,1997,28.578
ita,1998,28.944
ita,1999,29.652
ita,2000,30.398
ita,2001,31.515
ita,2002,32.153
ita,2003,32.885
ita,2004,34.484
ita,2005,34.229
ita,2006,34.841
ita,2007,34.969
ita,2008,35.398
ita,2009,34.722
ita,2010,34.528
ita,2011,34.744
ita,2012,35.025
ita,2013,34.506
ita,2014,34.602
ita,2015,34.736
ita,2016,35.29
ita,2017,35.872
ita,2018,36.269
ita,2019,36.678
ita,2020,35.781
ita,2021,35.4
jam,1991,47.569
jam,1992,47.078
jam,1993,46.845
jam,1994,46.735
jam,1995,45.9
jam,1996,45.08
jam,1997,44.431
jam,1998,44.728
jam,1999,43.496
jam,2000,42.613
jam,2001,42.17
jam,2002,42.664
jam,2003,44.221
jam,2004,45.683
jam,2005,47.031
jam,2006,48.283
jam,2007,48.872
jam,2008,48.903
jam,2009,47.342
jam,2010,45.799
jam,2011,45.567
jam,2012,44.936
jam,2013,44.952
jam,2014,45.718
jam,2015,46.195
jam,2016,48.393
jam,2017,49.987
jam,2018,51.022
jam,2019,52.648
jam,2020,48.348
jam,2021,49.859
jor,1991,10.007
jor,1992,10.216
jor,1993,10.294
jor,1994,10.496
jor,1995,10.744
jor,1996,11.565
jor,1997,11.738
jor,1998,11.92
jor,1999,12.104
jor,2000,12.28
jor,2001,12.432
jor,2002,12.254
jor,2003,12.511
jor,2004,12.201
jor,2005,11.861
jor,2006,12.011
jor,2007,11.888
jor,2008,12.125
jor,2009,12.197
jor,2010,12.647
jor,2011,12.789
jor,2012,13.067
jor,2013,12.843
jor,2014,13.184
jor,2015,12.971
jor,2016,12.818
jor,2017,12.356
jor,2018,11.381
jor,2019,10.654
jor,2020,9.793
jor,2021,9.801
jpn,1991,49.549
jpn,1992,49.57
jpn,1993,48.965
jpn,1994,48.629
jpn,1995,48.316
jpn,1996,48.318
jpn,1997,48.674
jpn,1998,48.058
jpn,1999,47.353
jpn,2000,46.991
jpn,2001,46.751
jpn,2002,45.993
jpn,2003,45.827
jpn,2004,46.053
jpn,2005,46.261
jpn,2006,46.51
jpn,2007,46.567
jpn,2008,46.505
jpn,2009,46.122
jpn,2010,46.116
jpn,2011,46.097
jpn,2012,46.084
jpn,2013,47.05
jpn,2014,47.449
jpn,2015,48.025
jpn,2016,48.847
jpn,2017,49.749
jpn,2018,51.302
jpn,2019,52.133
jpn,2020,51.842
jpn,2021,51.947
kaz,1991,64.443
kaz,1992,64.553
kaz,1993,64.814
kaz,1994,60.488
kaz,1995,58.175
kaz,1996,56.578
kaz,1997,56.395
kaz,1998,56.299
kaz,1999,55.892
kaz,2000,56.06
kaz,2001,57.368
kaz,2002,57.646
kaz,2003,58.253
kaz,2004,58.386
kaz,2005,58.38
kaz,2006,58.963
kaz,2007,60.104
kaz,2008,61.361
kaz,2009,60.23
kaz,2010,61.042
kaz,2011,61.349
kaz,2012,61.196
kaz,2013,61.635
kaz,2014,61.706
kaz,2015,61.77
kaz,2016,60.743
kaz,2017,59.767
kaz,2018,60.589
kaz,2019,60.612
kaz,2020,60.203
kaz,2021,59.813
ken,1991,67.159
ken,1992,67.275
ken,1993,67.424
ken,1994,67.584
ken,1995,67.737
ken,1996,67.852
ken,1997,67.927
ken,1998,68.021
ken,1999,68.11
ken,2000,68.172
ken,2001,68.256
ken,2002,68.311
ken,2003,68.392
ken,2004,68.471
ken,2005,68.545
ken,2006,68.618
ken,2007,68.691
ken,2008,68.734
ken,2009,68.819
ken,2010,68.912
ken,2011,68.975
ken,2012,69.04
ken,2013,69.118
ken,2014,69.188
ken,2015,69.262
ken,2016,69.336
ken,2017,68.981
ken,2018,68.645
ken,2019,68.299
ken,2020,66.602
ken,2021,66.658
kgz,1991,50.536
kgz,1992,52.126
kgz,1993,52.612
kgz,1994,54.472
kgz,1995,54.703
kgz,1996,52.92
kgz,1997,51.821
kgz,1998,50.851
kgz,1999,50.912
kgz,2000,50.968
kgz,2001,50.28
kgz,2002,47.402
kgz,2003,48.369
kgz,2004,48.544
kgz,2005,48.964
kgz,2006,49.308
kgz,2007,49.032
kgz,2008,48.583
kgz,2009,47.543
kgz,2010,47.176
kgz,2011,47.622
kgz,2012,46.87
kgz,2013,44.438
kgz,2014,45.577
kgz,2015,45.41
kgz,2016,44.112
kgz,2017,41.816
kgz,2018,40.237
kgz,2019,40.061
kgz,2020,37.017
kgz,2021,37.232
khm,1991,75.636
khm,1992,75.468
khm,1993,75.389
khm,1994,76.765
khm,1995,77.153
khm,1996,76.948
khm,1997,76.876
khm,1998,76.799
khm,1999,76.471
khm,2000,75.498
khm,2001,80.807
khm,2002,78.821
khm,2003,76.759
khm,2004,74.573
khm,2005,74.324
khm,2006,74.033
khm,2007,73.781
khm,2008,75.407
khm,2009,76.943
khm,2010,80.631
khm,2011,81.451
khm,2012,77.966
khm,2013,74.011
khm,2014,73.874
khm,2015,73.081
khm,2016,75.266
khm,2017,76.291
khm,2018,76.128
khm,2019,75.98
khm,2020,73.526
khm,2021,73.429
kor,1991,45.938
kor,1992,45.854
kor,1993,45.76
kor,1994,46.665
kor,1995,47.347
kor,1996,47.883
kor,1997,48.408
kor,1998,44.197
kor,1999,44.994
kor,2000,47.595
kor,2001,48.315
kor,2002,48.978
kor,2003,47.823
kor,2004,48.995
kor,2005,49.066
kor,2006,49.497
kor,2007,49.574
kor,2008,49.293
kor,2009,48.346
kor,2010,48.482
kor,2011,48.761
kor,2012,49.013
kor,2013,49.378
kor,2014,50.271
kor,2015,50.473
kor,2016,50.658
kor,2017,51.185
kor,2018,51.178
kor,2019,51.812
kor,2020,50.955
kor,2021,51.494
kwt,1991,43.354
kwt,1992,43.395
kwt,1993,43.668
kwt,1994,43.912
kwt,1995,43.341
kwt,1996,43.623
kwt,1997,44.017
kwt,1998,44.414
kwt,1999,45.174
kwt,2000,45.256
kwt,2001,45.569
kwt,2002,45.358
kwt,2003,44.249
kwt,2004,44.196
kwt,2005,44.75
kwt,2006,45.399
kwt,2007,45.763
kwt,2008,45.919
kwt,2009,46.497
kwt,2010,47.132
kwt,2011,47.189
kwt,2012,47.162
kwt,2013,47.069
kwt,2014,46.935
kwt,2015,47.787
kwt,2016,47.542
kwt,2017,47.817
kwt,2018,47.689
kwt,2019,47.621
kwt,2020,42.179
kwt,2021,43.189
lao,1991,78.834
lao,1992,78.743
lao,1993,78.591
lao,1994,78.441
lao,1995,78.168
lao,1996,78.036
lao,1997,77.906
lao,1998,77.651
lao,1999,77.663
lao,2000,77.477
lao,2001,77.348
lao,2002,77.226
lao,2003,77.102
lao,2004,76.98
lao,2005,76.867
lao,2006,76.758
lao,2007,76.596
lao,2008,76.455
lao,2009,76.304
lao,2010,76.167
lao,2011,76.013
lao,2012,75.873
lao,2013,75.74
lao,2014,75.62
lao,2015,75.514
lao,2016,75.423
lao,2017,75.343
lao,2018,75.27
lao,2019,75.216
lao,2020,74.29
lao,2021,73.878
lbn,1991,17.221
lbn,1992,17.334
lbn,1993,17.46
lbn,1994,17.601
lbn,1995,17.754
lbn,1996,17.689
lbn,1997,17.756
lbn,1998,17.851
lbn,1999,18.005
lbn,2000,18.127
lbn,2001,18.027
lbn,2002,17.973
lbn,2003,17.964
lbn,2004,17.966
lbn,2005,18.079
lbn,2006,18.253
lbn,2007,18.456
lbn,2008,18.554
lbn,2009,18.625
lbn,2010,18.636
lbn,2011,18.646
lbn,2012,18.618
lbn,2013,18.523
lbn,2014,18.426
lbn,2015,18.382
lbn,2016,18.422
lbn,2017,18.455
lbn,2018,18.533
lbn,2019,18.662
lbn,2020,17.126
lbn,2021,16.882
lbr,1991,69.581
lbr,1992,69.677
lbr,1993,69.791
lbr,1994,69.885
lbr,1995,69.944
lbr,1996,70.02
lbr,1997,70.057
lbr,1998,70.081
lbr,1999,70.098
lbr,2000,70.161
lbr,2001,70.099
lbr,2002,70.079
lbr,2003,70.06
lbr,2004,70.074
lbr,2005,70.059
lbr,2006,70.033
lbr,2007,70.009
lbr,2008,69.984
lbr,2009,69.972
lbr,2010,69.984
lbr,2011,70.092
lbr,2012,70.212
lbr,2013,70.349
lbr,2014,70.495
lbr,2015,70.565
lbr,2016,70.241
lbr,2017,70.317
lbr,2018,70.396
lbr,2019,70.48
lbr,2020,66.57
lbr,2021,67.434
lby,1991,21.448
lby,1992,21.625
lby,1993,21.888
lby,1994,22.177
lby,1995,22.378
lby,1996,22.696
lby,1997,22.921
lby,1998,23.15
lby,1999,23.387
lby,2000,23.643
lby,2001,23.862
lby,2002,24.112
lby,2003,24.414
lby,2004,24.599
lby,2005,24.823
lby,2006,24.95
lby,2007,25.071
lby,2008,25.153
lby,2009,25.223
lby,2010,25.328
lby,2011,25.287
lby,2012,25.433
lby,2013,25.27
lby,2014,25.265
lby,2015,25.233
lby,2016,25.272
lby,2017,25.379
lby,2018,25.399
lby,2019,25.381
lby,2020,24.984
lby,2021,24.963
lca,1991,37.187
lca,1992,37.682
lca,1993,38.024
lca,1994,38.37
lca,1995,39.765
lca,1996,40.914
lca,1997,39.049
lca,1998,38.275
lca,1999,41.642
lca,2000,41.716
lca,2001,41.31
lca,2002,41.228
lca,2003,39.542
lca,2004,41.914
lca,2005,43.717
lca,2006,45.941
lca,2007,47.568
lca,2008,50.573
lca,2009,50.207
lca,2010,49.745
lca,2011,49.244
lca,2012,50.851
lca,2013,48.186
lca,2014,48.981
lca,2015,49.662
lca,2016,50.466
lca,2017,51.192
lca,2018,51.262
lca,2019,54.053
lca,2020,51.083
lca,2021,51.239
lka,1991,31.645
lka,1992,28.545
lka,1993,29.387
lka,1994,30.075
lka,1995,28.672
lka,1996,29.12
lka,1997,29.408
lka,1998,35.603
lka,1999,32.567
lka,2000,32.121
lka,2001,31.924
lka,2002,31.138
lka,2003,30.983
lka,2004,30.759
lka,2005,30.917
lka,2006,31.407
lka,2007,31.464
lka,2008,31.575
lka,2009,31.179
lka,2010,31.414
lka,2011,31.573
lka,2012,30.642
lka,2013,32.715
lka,2014,32.078
lka,2015,32.773
lka,2016,32.936
lka,2017,33.917
lka,2018,30.915
lka,2019,30.654
lka,2020,28.03
lka,2021,28.304
lso,1991,37.85
lso,1992,37.368
lso,1993,36.826
lso,1994,36.418
lso,1995,35.978
lso,1996,35.739
lso,1997,35.476
lso,1998,36.444
lso,1999,37.433
lso,2000,37.979
lso,2001,38.402
lso,2002,38.755
lso,2003,39.178
lso,2004,39.485
lso,2005,39.839
lso,2006,40.163
lso,2007,40.461
lso,2008,40.753
lso,2009,40.935
lso,2010,41.234
lso,2011,41.436
lso,2012,41.638
lso,2013,41.761
lso,2014,42.252
lso,2015,42.781
lso,2016,43.266
lso,2017,43.723
lso,2018,44.262
lso,2019,44.797
lso,2020,42.002
lso,2021,42.184
ltu,1991,52.26
ltu,1992,52.731
ltu,1993,46.606
ltu,1994,46.982
ltu,1995,44.845
ltu,1996,45.266
ltu,1997,46.208
ltu,1998,47.103
ltu,1999,48.48
ltu,2000,47.494
ltu,2001,46.011
ltu,2002,45.884
ltu,2003,47.761
ltu,2004,45.781
ltu,2005,46.437
ltu,2006,47.389
ltu,2007,48.039
ltu,2008,47.691
ltu,2009,46.573
ltu,2010,44.914
ltu,2011,45.903
ltu,2012,47.052
ltu,2013,47.405
ltu,2014,48.917
ltu,2015,50.002
ltu,2016,51.939
ltu,2017,52.654
ltu,2018,53.469
ltu,2019,54.143
ltu,2020,52.978
ltu,2021,53.056
lux,1991,35.12
lux,1992,38.056
lux,1993,36.451
lux,1994,36.776
lux,1995,34.368
lux,1996,35.403
lux,1997,36.855
lux,1998,37.028
lux,1999,39.477
lux,2000,40.061
lux,2001,41.504
lux,2002,41.972
lux,2003,41.648
lux,2004,42.252
lux,2005,43.698
lux,2006,44.023
lux,2007,45.291
lux,2008,45.212
lux,2009,46.879
lux,2010,47.252
lux,2011,47.128
lux,2012,48.837
lux,2013,49.156
lux,2014,50.363
lux,2015,50.554
lux,2016,49.967
lux,2017,51.936
lux,2018,52.502
lux,2019,52.728
lux,2020,53.024
lux,2021,55.104
lva,1991,48.592
lva,1992,47.955
lva,1993,43.252
lva,1994,42.095
lva,1995,41.95
lva,1996,40.949
lva,1997,44.638
lva,1998,44.696
lva,1999,43.253
lva,2000,42.475
lva,2001,43.946
lva,2002,44.806
lva,2003,44.703
lva,2004,44.486
lva,2005,45.605
lva,2006,48.687
lva,2007,50.147
lva,2008,51.101
lva,2009,46.814
lva,2010,45.113
lva,2011,45.717
lva,2012,46.732
lva,2013,47.994
lva,2014,48.153
lva,2015,49.438
lva,2016,50.364
lva,2017,50.923
lva,2018,52.214
lva,2019,52.662
lva,2020,52.071
lva,2021,50.786
mac,1991,44.281
mac,1992,45.682
mac,1993,47.43
mac,1994,48.658
mac,1995,50.012
mac,1996,51.185
mac,1997,53.231
mac,1998,52.718
mac,1999,53.532
mac,2000,54.051
mac,2001,54.017
mac,2002,53.806
mac,2003,50.659
mac,2004,52.563
mac,2005,54.699
mac,2006,56.732
mac,2007,61.057
mac,2008,62.657
mac,2009,64.644
mac,2010,64.633
mac,2011,66.012
mac,2012,65.66
mac,2013,66.612
mac,2014,67.266
mac,2015,67.139
mac,2016,66.304
mac,2017,65.153
mac,2018,65.947
mac,2019,65.666
mac,2020,64.381
mac,2021,64.122
mar,1991,20.221
mar,1992,20.269
mar,1993,20.38
mar,1994,20.668
mar,1995,20.71
mar,1996,21.068
mar,1997,21.19
mar,1998,21.522
mar,1999,21.721
mar,2000,22.003
mar,2001,22.387
mar,2002,21.878
mar,2003,21.994
mar,2004,22.641
mar,2005,22.828
mar,2006,23.555
mar,2007,23.861
mar,2008,24.009
mar,2009,23.818
mar,2010,23.442
mar,2011,22.862
mar,2012,22.238
mar,2013,22.645
mar,2014,22.513
mar,2015,22.1
mar,2016,21.054
mar,2017,20.658
mar,2018,20.692
mar,2019,20.728
mar,2020,18.877
mar,2021,19.033
mda,1991,53.186
mda,1992,52.967
mda,1993,53.242
mda,1994,52.548
mda,1995,52.741
mda,1996,52.105
mda,1997,51.927
mda,1998,51.655
mda,1999,51.49
mda,2000,52.23
mda,2001,51.42
mda,2002,51.204
mda,2003,45.978
mda,2004,44.899
mda,2005,44.653
mda,2006,40.496
mda,2007,40.519
mda,2008,40.147
mda,2009,37.742
mda,2010,36.392
mda,2011,37.081
mda,2012,36.54
mda,2013,36.966
mda,2014,38.852
mda,2015,39.742
mda,2016,40.138
mda,2017,38.095
mda,2018,33.274
mda,2019,36.463
mda,2020,34.935
mda,2021,32.611
mdg,1991,80.064
mdg,1992,80.053
mdg,1993,80.003
mdg,1994,79.936
mdg,1995,79.892
mdg,1996,79.816
mdg,1997,79.747
mdg,1998,79.67
mdg,1999,79.598
mdg,2000,79.522
mdg,2001,79.921
mdg,2002,79.424
mdg,2003,79.238
mdg,2004,80.394
mdg,2005,81.589
mdg,2006,81.203
mdg,2007,80.814
mdg,2008,80.427
mdg,2009,79.969
mdg,2010,79.598
mdg,2011,81.479
mdg,2012,83.363
mdg,2013,82.94
mdg,2014,82.517
mdg,2015,82.09
mdg,2016,82.136
mdg,2017,82.176
mdg,2018,82.212
mdg,2019,82.253
mdg,2020,78.873
mdg,2021,79.342
mdv,1991,21.344
mdv,1992,22.9
mdv,1993,24.512
mdv,1994,26.171
mdv,1995,27.869
mdv,1996,29.565
mdv,1997,31.285
mdv,1998,33.024
mdv,1999,34.774
mdv,2000,36.531
mdv,2001,35.973
mdv,2002,35.34
mdv,2003,34.708
mdv,2004,34.16
mdv,2005,33.717
mdv,2006,32.839
mdv,2007,32.436
mdv,2008,31.846
mdv,2009,31.432
mdv,2010,32.033
mdv,2011,32.724
mdv,2012,33.485
mdv,2013,34.168
mdv,2014,34.909
mdv,2015,35.697
mdv,2016,36.458
mdv,2017,36.036
mdv,2018,34.996
mdv,2019,33.648
mdv,2020,31.921
mdv,2021,32.383
mex,1991,32.199
mex,1992,33.2
mex,1993,34.214
mex,1994,34.779
mex,1995,34.263
mex,1996,34.832
mex,1997,36.84
mex,1998,37.19
mex,1999,36.791
mex,2000,37.331
mex,2001,36.442
mex,2002,36.438
mex,2003,36.832
mex,2004,37.598
mex,2005,38.979
mex,2006,40.118
mex,2007,40.386
mex,2008,40.274
mex,2009,40.271
mex,2010,40.139
mex,2011,40.494
mex,2012,41.534
mex,2013,41.536
mex,2014,40.811
mex,2015,41.279
mex,2016,41.546
mex,2017,41.219
mex,2018,41.81
mex,2019,42.977
mex,2020,39.132
mex,2021,41.967
mkd,1991,31.493
mkd,1992,30.489
mkd,1993,29.558
mkd,1994,28.041
mkd,1995,25.464
mkd,1996,23.816
mkd,1997,24.345
mkd,1998,25.56
mkd,1999,27.265
mkd,2000,27.113
mkd,2001,28.266
mkd,2002,28.137
mkd,2003,27.695
mkd,2004,27.022
mkd,2005,26.744
mkd,2006,26.34
mkd,2007,27.731
mkd,2008,28.148
mkd,2009,28.645
mkd,2010,29.093
mkd,2011,30.127
mkd,2012,29.999
mkd,2013,31.597
mkd,2014,31.415
mkd,2015,32.575
mkd,2016,32.707
mkd,2017,33.407
mkd,2018,34.489
mkd,2019,36.678
mkd,2020,34.745
mkd,2021,35.412
mli,1991,58.661
mli,1992,58.645
mli,1993,58.683
mli,1994,58.719
mli,1995,58.761
mli,1996,58.773
mli,1997,58.792
mli,1998,58.164
mli,1999,57.522
mli,2000,56.854
mli,2001,56.241
mli,2002,55.502
mli,2003,54.853
mli,2004,54.123
mli,2005,53.704
mli,2006,53.2
mli,2007,52.716
mli,2008,53.096
mli,2009,53.486
mli,2010,53.903
mli,2011,54.809
mli,2012,54.987
mli,2013,55.223
mli,2014,56.547
mli,2015,56.007
mli,2016,54.621
mli,2017,53.213
mli,2018,53.238
mli,2019,53.28
mli,2020,52.611
mli,2021,52.575
mlt,1991,24.701
mlt,1992,25.108
mlt,1993,25.553
mlt,1994,25.706
mlt,1995,25.818
mlt,1996,26.294
mlt,1997,26.806
mlt,1998,26.971
mlt,1999,27.411
mlt,2000,27.758
mlt,2001,27.123
mlt,2002,28.311
mlt,2003,27.697
mlt,2004,26.135
mlt,2005,27.794
mlt,2006,27.968
mlt,2007,29.852
mlt,2008,31.267
mlt,2009,31.486
mlt,2010,32.352
mlt,2011,33.522
mlt,2012,36.3
mlt,2013,38.7
mlt,2014,40.694
mlt,2015,41.259
mlt,2016,42.958
mlt,2017,44.941
mlt,2018,48.035
mlt,2019,49.492
mlt,2020,50.904
mlt,2021,51.455
mmr,1991,64.201
mmr,1992,63.486
mmr,1993,63.01
mmr,1994,62.446
mmr,1995,61.931
mmr,1996,61.476
mmr,1997,61.099
mmr,1998,60.717
mmr,1999,59.964
mmr,2000,59.009
mmr,2001,58.225
mmr,2002,57.433
mmr,2003,56.558
mmr,2004,55.729
mmr,2005,54.943
mmr,2006,54.223
mmr,2007,53.595
mmr,2008,53.084
mmr,2009,52.597
mmr,2010,52.172
mmr,2011,51.923
mmr,2012,51.642
mmr,2013,51.325
mmr,2014,51.032
mmr,2015,50.783
mmr,2016,48.555
mmr,2017,46.362
mmr,2018,47.559
mmr,2019,45.362
mmr,2020,42.549
mmr,2021,39.974
mne,1991,30.697
mne,1992,30.659
mne,1993,30.544
mne,1994,29.981
mne,1995,29.437
mne,1996,29.142
mne,1997,29.033
mne,1998,28.825
mne,1999,29.259
mne,2000,28.667
mne,2001,28.548
mne,2002,28.294
mne,2003,28.032
mne,2004,27.678
mne,2005,27.426
mne,2006,30.267
mne,2007,33.374
mne,2008,34.403
mne,2009,33.585
mne,2010,33.418
mne,2011,33.636
mne,2012,34.687
mne,2013,35.463
mne,2014,37.806
mne,2015,39.4
mne,2016,39.457
mne,2017,39.425
mne,2018,40.842
mne,2019,42.099
mne,2020,37.874
mne,2021,38.578
mng,1991,52.777
mng,1992,53.14
mng,1993,53.376
mng,1994,53.394
mng,1995,53.247
mng,1996,53.133
mng,1997,53.04
mng,1998,52.938
mng,1999,52.852
mng,2000,52.801
mng,2001,52.745
mng,2002,52.641
mng,2003,52.346
mng,2004,52.21
mng,2005,51.971
mng,2006,51.801
mng,2007,51.638
mng,2008,51.19
mng,2009,50.409
mng,2010,50.989
mng,2011,52.493
mng,2012,52.472
mng,2013,51.437
mng,2014,51.992
mng,2015,51.615
mng,2016,49.74
mng,2017,50.841
mng,2018,49.434
mng,2019,50.643
mng,2020,48.071
mng,2021,47.992
moz,1991,85.107
moz,1992,85.235
moz,1993,85.392
moz,1994,85.49
moz,1995,85.581
moz,1996,85.589
moz,1997,85.598
moz,1998,85.64
moz,1999,85.688
moz,2000,85.71
moz,2001,85.779
moz,2002,85.815
moz,2003,85.851
moz,2004,85.117
moz,2005,84.352
moz,2006,83.574
moz,2007,82.755
moz,2008,81.912
moz,2009,81.041
moz,2010,80.146
moz,2011,79.227
moz,2012,78.277
moz,2013,77.298
moz,2014,76.294
moz,2015,75.258
moz,2016,75.288
moz,2017,75.341
moz,2018,75.402
moz,2019,75.464
moz,2020,74.468
moz,2021,74.284
mrt,1991,25.822
mrt,1992,25.85
mrt,1993,25.899
mrt,1994,25.919
mrt,1995,25.99
mrt,1996,26.005
mrt,1997,26.002
mrt,1998,26.041
mrt,1999,26.073
mrt,2000,26.096
mrt,2001,25.946
mrt,2002,25.796
mrt,2003,25.658
mrt,2004,25.505
mrt,2005,25.369
mrt,2006,25.251
mrt,2007,25.066
mrt,2008,24.935
mrt,2009,24.806
mrt,2010,24.685
mrt,2011,24.565
mrt,2012,24.447
mrt,2013,24.466
mrt,2014,24.486
mrt,2015,24.509
mrt,2016,24.522
mrt,2017,24.549
mrt,2018,24.579
mrt,2019,24.624
mrt,2020,23.967
mrt,2021,23.833
mus,1991,33.339
mus,1992,33.376
mus,1993,33.382
mus,1994,33.419
mus,1995,33.496
mus,1996,33.606
mus,1997,33.702
mus,1998,33.79
mus,1999,33.859
mus,2000,33.961
mus,2001,33.659
mus,2002,33.233
mus,2003,33.777
mus,2004,34.296
mus,2005,34.332
mus,2006,34.672
mus,2007,34.236
mus,2008,35.687
mus,2009,36.201
mus,2010,37.225
mus,2011,36.87
mus,2012,37.172
mus,2013,39.084
mus,2014,39.427
mus,2015,40.505
mus,2016,39.729
mus,2017,40.111
mus,2018,40.201
mus,2019,40.825
mus,2020,38.336
mus,2021,38.495
mwi,1991,70.772
mwi,1992,70.675
mwi,1993,70.744
mwi,1994,70.651
mwi,1995,70.729
mwi,1996,70.613
mwi,1997,70.517
mwi,1998,70.437
mwi,1999,70.238
mwi,2000,70.039
mwi,2001,69.818
mwi,2002,69.656
mwi,2003,69.483
mwi,2004,69.292
mwi,2005,69.094
mwi,2006,68.912
mwi,2007,68.744
mwi,2008,68.548
mwi,2009,68.363
mwi,2010,68.168
mwi,2011,67.971
mwi,2012,67.77
mwi,2013,67.596
mwi,2014,67.611
mwi,2015,67.616
mwi,2016,67.655
mwi,2017,67.702
mwi,2018,67.822
mwi,2019,67.958
mwi,2020,64.882
mwi,2021,65.184
mys,1991,43.433
mys,1992,44.175
mys,1993,44.327
mys,1994,43.962
mys,1995,43.611
mys,1996,45.165
mys,1997,44.563
mys,1998,43.474
mys,1999,43.406
mys,2000,44.022
mys,2001,43.543
mys,2002,43.123
mys,2003,43.724
mys,2004,43.02
mys,2005,42.284
mys,2006,42.508
mys,2007,42.233
mys,2008,41.515
mys,2009,42.015
mys,2010,41.937
mys,2011,43.513
mys,2012,45.024
mys,2013,47.486
mys,2014,48.512
mys,2015,48.755
mys,2016,48.633
mys,2017,49.008
mys,2018,49.507
mys,2019,49.981
mys,2020,49.07
mys,2021,48.698
nam,1991,38.919
nam,1992,38.575
nam,1993,38.193
nam,1994,37.888
nam,1995,36.857
nam,1996,35.82
nam,1997,34.807
nam,1998,35.551
nam,1999,36.307
nam,2000,37.067
nam,2001,37.005
nam,2002,36.969
nam,2003,36.894
nam,2004,36.876
nam,2005,37.264
nam,2006,37.761
nam,2007,38.213
nam,2008,38.659
nam,2009,39.109
nam,2010,39.622
nam,2011,41.302
nam,2012,43.018
nam,2013,46.453
nam,2014,45.562
nam,2015,43.594
nam,2016,41.64
nam,2017,43.37
nam,2018,45.114
nam,2019,45.033
nam,2020,43.374
nam,2021,43.289
ncl,1991,48.15
ncl,1992,47.766
ncl,1993,47.627
ncl,1994,47.68
ncl,1995,47.927
ncl,1996,47.478
ncl,1997,47.769
ncl,1998,47.489
ncl,1999,47.898
ncl,2000,48.177
ncl,2001,48.373
ncl,2002,48.623
ncl,2003,49.047
ncl,2004,49.276
ncl,2005,49.691
ncl,2006,50.303
ncl,2007,50.695
ncl,2008,50.859
ncl,2009,51.339
ncl,2010,51.215
ncl,2011,50.789
ncl,2012,50.358
ncl,2013,50.041
ncl,2014,49.715
ncl,2015,49.609
ncl,2016,49.676
ncl,2017,49.65
ncl,2018,49.645
ncl,2019,49.636
ncl,2020,47.26
ncl,2021,47.216
ner,1991,68.734
ner,1992,68.722
ner,1993,68.709
ner,1994,68.71
ner,1995,68.717
ner,1996,68.667
ner,1997,68.64
ner,1998,68.635
ner,1999,68.602
ner,2000,68.584
ner,2001,68.537
ner,2002,68.179
ner,2003,67.828
ner,2004,67.484
ner,2005,67.184
ner,2006,67.407
ner,2007,67.637
ner,2008,67.898
ner,2009,68.142
ner,2010,68.415
ner,2011,68.661
ner,2012,64.587
ner,2013,63.342
ner,2014,62.068
ner,2015,62.057
ner,2016,62.042
ner,2017,62.035
ner,2018,62.037
ner,2019,62.042
ner,2020,61.403
ner,2021,61.32
nga,1991,54.016
nga,1992,54.084
nga,1993,54.149
nga,1994,54.248
nga,1995,54.363
nga,1996,54.419
nga,1997,54.48
nga,1998,54.556
nga,1999,54.632
nga,2000,54.719
nga,2001,54.718
nga,2002,54.743
nga,2003,54.736
nga,2004,54.752
nga,2005,54.759
nga,2006,54.717
nga,2007,54.693
nga,2008,54.68
nga,2009,54.676
nga,2010,54.677
nga,2011,54.648
nga,2012,52.271
nga,2013,49.871
nga,2014,48.432
nga,2015,48.182
nga,2016,46.273
nga,2017,45.311
nga,2018,45.375
nga,2019,45.429
nga,2020,43.509
nga,2021,43.707
nic,1991,36.16
nic,1992,34.779
nic,1993,33.401
nic,1994,32.079
nic,1995,30.768
nic,1996,31.056
nic,1997,31.286
nic,1998,31.542
nic,1999,32.324
nic,2000,33.06
nic,2001,33.816
nic,2002,34.565
nic,2003,35.356
nic,2004,36.069
nic,2005,37.768
nic,2006,38.928
nic,2007,39.716
nic,2008,39.716
nic,2009,39.59
nic,2010,40.546
nic,2011,42.028
nic,2012,43.512
nic,2013,44.496
nic,2014,45.255
nic,2015,45.724
nic,2016,46.649
nic,2017,47.374
nic,2018,46.087
nic,2019,45.652
nic,2020,43.565
nic,2021,43.914
nld,1991,40.375
nld,1992,42.523
nld,1993,43.006
nld,1994,43.883
nld,1995,44.146
nld,1996,45.322
nld,1997,47.053
nld,1998,48.514
nld,1999,50.504
nld,2000,52.291
nld,2001,53.736
nld,2002,54.296
nld,2003,54.353
nld,2004,54.079
nld,2005,51.787
nld,2006,52.691
nld,2007,54.412
nld,2008,55.735
nld,2009,55.894
nld,2010,55.444
nld,2011,55.573
nld,2012,55.591
nld,2013,54.917
nld,2014,53.915
nld,2015,54.514
nld,2016,54.848
nld,2017,55.697
nld,2018,56.747
nld,2019,57.791
nld,2020,57.507
nld,2021,59.901
nor,1991,52.341
nor,1992,52.103
nor,1993,52.139
nor,1994,52.897
nor,1995,53.551
nor,1996,55.301
nor,1997,56.797
nor,1998,58.685
nor,1999,59.129
nor,2000,59.223
nor,2001,59.277
nor,2002,59.806
nor,2003,58.563
nor,2004,58.768
nor,2005,58.167
nor,2006,58.997
nor,2007,60.583
nor,2008,61.75
nor,2009,60.983
nor,2010,59.962
nor,2011,59.8
nor,2012,59.982
nor,2013,59.572
nor,2014,60.835
nor,2015,59.794
nor,2016,59.667
nor,2017,59.209
nor,2018,59.614
nor,2019,60.048
nor,2020,59.475
nor,2021,57.389
npl,1991,79.918
npl,1992,80.05
npl,1993,80.163
npl,1994,80.197
npl,1995,80.428
npl,1996,80.367
npl,1997,80.366
npl,1998,80.42
npl,1999,80.436
npl,2000,80.219
npl,2001,80.044
npl,2002,79.917
npl,2003,79.647
npl,2004,79.425
npl,2005,79.229
npl,2006,79.01
npl,2007,78.785
npl,2008,78.534
npl,2009,78.458
npl,2010,78.411
npl,2011,78.475
npl,2012,78.612
npl,2013,78.865
npl,2014,79.005
npl,2015,79.225
npl,2016,79.734
npl,2017,79.712
npl,2018,79.942
npl,2019,80.064
npl,2020,72.266
npl,2021,74.809
nzl,1991,48.965
nzl,1992,48.741
nzl,1993,49.083
nzl,1994,50.748
nzl,1995,52.191
nzl,1996,53.6
nzl,1997,53.162
nzl,1998,52.636
nzl,1999,53.443
nzl,2000,53.983
nzl,2001,55.137
nzl,2002,55.763
nzl,2003,56.275
nzl,2004,57.083
nzl,2005,58.259
nzl,2006,58.713
nzl,2007,59.215
nzl,2008,59.281
nzl,2009,58.028
nzl,2010,57.297
nzl,2011,57.788
nzl,2012,57.465
nzl,2013,58.416
nzl,2014,59.489
nzl,2015,59.675
nzl,2016,61.094
nzl,2017,62.131
nzl,2018,62.835
nzl,2019,62.956
nzl,2020,62.007
nzl,2021,62.402
omn,1991,19.993
omn,1992,19.894
omn,1993,19.914
omn,1994,20.08
omn,1995,20.279
omn,1996,20.486
omn,1997,20.671
omn,1998,20.987
omn,1999,21.419
omn,2000,21.646
omn,2001,21.807
omn,2002,22.197
omn,2003,22.68
omn,2004,23.2
omn,2005,23.686
omn,2006,24.096
omn,2007,24.478
omn,2008,24.867
omn,2009,25.051
omn,2010,25.178
omn,2011,25.248
omn,2012,25.352
omn,2013,25.408
omn,2014,25.504
omn,2015,25.708
omn,2016,25.952
omn,2017,26.786
omn,2018,27.591
omn,2019,27.581
omn,2020,24.374
omn,2021,25.008
pak,1991,13.735
pak,1992,13.746
pak,1993,14.119
pak,1994,14.413
pak,1995,12.495
pak,1996,13.642
pak,1997,14.869
pak,1998,15.175
pak,1999,15.613
pak,2000,16.061
pak,2001,16.108
pak,2002,16.155
pak,2003,16.915
pak,2004,17.696
pak,2005,18.267
pak,2006,18.864
pak,2007,19.238
pak,2008,19.721
pak,2009,20.876
pak,2010,21.864
pak,2011,22.036
pak,2012,22.009
pak,2013,21.967
pak,2014,22.481
pak,2015,22.462
pak,2016,21.797
pak,2017,21.161
pak,2018,20.53
pak,2019,20.526
pak,2020,19.581
pak,2021,19.657
pan,1991,35.893
pan,1992,37.036
pan,1993,38.202
pan,1994,39.055
pan,1995,40.093
pan,1996,40.338
pan,1997,40.584
pan,1998,40.634
pan,1999,40.665
pan,2000,41.563
pan,2001,42.459
pan,2002,43.375
pan,2003,43.817
pan,2004,43.859
pan,2005,44.576
pan,2006,43.109
pan,2007,43.599
pan,2008,44.529
pan,2009,45.414
pan,2010,43.195
pan,2011,43.078
pan,2012,45.174
pan,2013,46.482
pan,2014,46.438
pan,2015,47.319
pan,2016,47.374
pan,2017,46.967
pan,2018,48.573
pan,2019,50.638
pan,2020,38.972
pan,2021,42.412
per,1991,41.604
per,1992,41.325
per,1993,42.691
per,1994,44.077
per,1995,46.866
per,1996,49.196
per,1997,51.669
per,1998,52.268
per,1999,54.827
per,2000,50.938
per,2001,55.669
per,2002,57.71
per,2003,60.138
per,2004,61.257
per,2005,63.174
per,2006,64.948
per,2007,67.324
per,2008,67.46
per,2009,68.062
per,2010,69.554
per,2011,69.114
per,2012,68.327
per,2013,67.483
per,2014,67.001
per,2015,65.456
per,2016,66.325
per,2017,66.709
per,2018,67.16
per,2019,67.425
per,2020,52.938
per,2021,62.263
phl,1991,45.418
phl,1992,45.511
phl,1993,45.553
phl,1994,45.52
phl,1995,45.446
phl,1996,45.347
phl,1997,45.244
phl,1998,45.247
phl,1999,45.279
phl,2000,45.229
phl,2001,45.184
phl,2002,45.179
phl,2003,45.14
phl,2004,44.815
phl,2005,45.375
phl,2006,45.444
phl,2007,45.72
phl,2008,45.043
phl,2009,45.742
phl,2010,46.149
phl,2011,46.93
phl,2012,46.536
phl,2013,46.398
phl,2014,47.199
phl,2015,47.025
phl,2016,46.748
phl,2017,43.767
phl,2018,44.251
phl,2019,45.325
phl,2020,41.463
phl,2021,42.666
png,1991,70.577
png,1992,69.969
png,1993,69.205
png,1994,68.926
png,1995,69.142
png,1996,68.982
png,1997,69.217
png,1998,69.568
png,1999,69.654
png,2000,69.893
png,2001,67.904
png,2002,65.809
png,2003,63.655
png,2004,61.415
png,2005,59.133
png,2006,56.769
png,2007,54.385
png,2008,51.911
png,2009,49.506
png,2010,47.073
png,2011,47.029
png,2012,46.952
png,2013,46.882
png,2014,46.567
png,2015,46.315
png,2016,46.245
png,2017,46.187
png,2018,46.241
png,2019,46.163
png,2020,45.67
png,2021,45.44
pol,1991,45.773
pol,1992,45.28
pol,1993,44.352
pol,1994,43.661
pol,1995,43.38
pol,1996,43.27
pol,1997,43.447
pol,1998,43.824
pol,1999,42.868
pol,2000,40.902
pol,2001,40.214
pol,2002,38.865
pol,2003,38.419
pol,2004,37.993
pol,2005,38.532
pol,2006,39.621
pol,2007,41.441
pol,2008,42.846
pol,2009,43.117
pol,2010,42.828
pol,2011,42.794
pol,2012,42.889
pol,2013,42.803
pol,2014,43.838
pol,2015,44.682
pol,2016,45.308
pol,2017,46.029
pol,2018,46.566
pol,2019,46.396
pol,2020,46.294
pol,2021,47.503
pri,1991,26.925
pri,1992,27.577
pri,1993,29.506
pri,1994,29.907
pri,1995,29.871
pri,1996,30.112
pri,1997,30.784
pri,1998,30.828
pri,1999,33.124
pri,2000,32.211
pri,2001,31.463
pri,2002,30.954
pri,2003,30.718
pri,2004,31.297
pri,2005,30.676
pri,2006,30.43
pri,2007,30.69
pri,2008,30.558
pri,2009,29.535
pri,2010,29.401
pri,2011,28.812
pri,2012,28.96
pri,2013,28.985
pri,2014,29.058
pri,2015,29.575
pri,2016,29.59
pri,2017,29.764
pri,2018,30.08
pri,2019,30.243
pri,2020,28.283
pri,2021,30.004
prk,1991,74.944
prk,1992,75.298
prk,1993,75.467
prk,1994,75.52
prk,1995,75.773
prk,1996,75.948
prk,1997,76.243
prk,1998,76.236
prk,1999,75.894
prk,2000,75.938
prk,2001,75.782
prk,2002,75.809
prk,2003,75.744
prk,2004,75.709
prk,2005,75.592
prk,2006,75.722
prk,2007,75.781
prk,2008,75.732
prk,2009,75.795
prk,2010,75.902
prk,2011,75.818
prk,2012,75.803
prk,2013,75.767
prk,2014,75.802
prk,2015,75.874
prk,2016,75.725
prk,2017,75.941
prk,2018,76.214
prk,2019,76.327
prk,2020,75.185
prk,2021,75.107
prt,1991,46.992
prt,1992,46.967
prt,1993,46.294
prt,1994,45.643
prt,1995,45.581
prt,1996,45.122
prt,1997,45.64
prt,1998,48.931
prt,1999,49.652
prt,2000,50.23
prt,2001,50.786
prt,2002,51.18
prt,2003,50.763
prt,2004,50.37
prt,2005,50.481
prt,2006,50.559
prt,2007,50.637
prt,2008,50.931
prt,2009,50.03
prt,2010,49.239
prt,2011,47.506
prt,2012,46.222
prt,2013,45.29
prt,2014,46.103
prt,2015,46.909
prt,2016,47.529
prt,2017,49.018
prt,2018,50.431
prt,2019,50.861
prt,2020,49.825
prt,2021,50.223
pry,1991,48.779
pry,1992,49.25
pry,1993,49.255
pry,1994,50.058
pry,1995,50.717
pry,1996,48.142
pry,1997,49.498
pry,1998,50.222
pry,1999,49.302
pry,2000,47.353
pry,2001,47.98
pry,2002,45.492
pry,2003,47.102
pry,2004,52.001
pry,2005,52.055
pry,2006,47.458
pry,2007,50.284
pry,2008,50.388
pry,2009,51.304
pry,2010,49.668
pry,2011,50.812
pry,2012,56.458
pry,2013,54.666
pry,2014,50.513
pry,2015,51.957
pry,2016,52.502
pry,2017,53.569
pry,2018,54.774
pry,2019,55.08
pry,2020,51.227
pry,2021,54.179
pse,1991,10.831
pse,1992,10.918
pse,1993,10.936
pse,1994,10.968
pse,1995,11.013
pse,1996,10.998
pse,1997,11.124
pse,1998,11.258
pse,1999,11.355
pse,2000,11.351
pse,2001,8.973
pse,2002,8.705
pse,2003,10.509
pse,2004,10.839
pse,2005,10.522
pse,2006,11.6
pse,2007,12.693
pse,2008,11.685
pse,2009,11.492
pse,2010,10.854
pse,2011,11.944
pse,2012,11.786
pse,2013,11.31
pse,2014,12.042
pse,2015,11.638
pse,2016,10.637
pse,2017,9.932
pse,2018,10.098
pse,2019,10.638
pse,2020,9.691
pse,2021,10.045
pyf,1991,41.913
pyf,1992,41.75
pyf,1993,41.683
pyf,1994,41.699
pyf,1995,41.675
pyf,1996,41.65
pyf,1997,41.632
pyf,1998,41.711
pyf,1999,41.564
pyf,2000,41.486
pyf,2001,41.302
pyf,2002,41.232
pyf,2003,41.271
pyf,2004,41.218
pyf,2005,41.183
pyf,2006,41.158
pyf,2007,41.176
pyf,2008,41.421
pyf,2009,41.58
pyf,2010,41.95
pyf,2011,42.242
pyf,2012,42.63
pyf,2013,42.676
pyf,2014,42.683
pyf,2015,42.753
pyf,2016,42.785
pyf,2017,42.824
pyf,2018,42.861
pyf,2019,42.869
pyf,2020,40.012
pyf,2021,40.116
qat,1991,44.497
qat,1992,44.383
qat,1993,44.668
qat,1994,44.761
qat,1995,44.908
qat,1996,44.732
qat,1997,43.627
qat,1998,43.298
qat,1999,43.314
qat,2000,43.183
qat,2001,43.655
qat,2002,43.936
qat,2003,44.454
qat,2004,44.373
qat,2005,45.053
qat,2006,45.993
qat,2007,47.82
qat,2008,48.31
qat,2009,48.483
qat,2010,49.669
qat,2011,50.439
qat,2012,52.012
qat,2013,54.164
qat,2014,56.018
qat,2015,57.695
qat,2016,57.834
qat,2017,57.93
qat,2018,58.028
qat,2019,58.221
qat,2020,57.069
qat,2021,56.86
rou,1991,57.722
rou,1992,57.999
rou,1993,56.875
rou,1994,55.923
rou,1995,55.254
rou,1996,53.176
rou,1997,56.133
rou,1998,55.36
rou,1999,55.403
rou,2000,54.476
rou,2001,53.66
rou,2002,47.377
rou,2003,45.921
rou,2004,45.693
rou,2005,43.853
rou,2006,44.919
rou,2007,44.908
rou,2008,44.64
rou,2009,43.928
rou,2010,43.35
rou,2011,43.122
rou,2012,43.44
rou,2013,43.099
rou,2014,43.377
rou,2015,42.608
rou,2016,42.246
rou,2017,44.055
rou,2018,44.077
rou,2019,44.061
rou,2020,43.256
rou,2021,40.2
rus,1991,54.681
rus,1992,54.945
rus,1993,52.794
rus,1994,49.817
rus,1995,48.644
rus,1996,47.832
rus,1997,45.817
rus,1998,44.463
rus,1999,47.432
rus,2000,48.899
rus,2001,48.827
rus,2002,50.293
rus,2003,49.879
rus,2004,50.559
rus,2005,51.325
rus,2006,51.807
rus,2007,52.963
rus,2008,52.729
rus,2009,51.892
rus,2010,52.059
rus,2011,52.712
rus,2012,53.221
rus,2013,52.885
rus,2014,52.991
rus,2015,52.546
rus,2016,52.634
rus,2017,52.845
rus,2018,53.191
rus,2019,52.916
rus,2020,52.084
rus,2021,51.748
rwa,1991,83.582
rwa,1992,83.774
rwa,1993,84.069
rwa,1994,84.438
rwa,1995,84.778
rwa,1996,84.717
rwa,1997,84.602
rwa,1998,84.483
rwa,1999,84.362
rwa,2000,84.249
rwa,2001,84.13
rwa,2002,84.015
rwa,2003,83.89
rwa,2004,83.787
rwa,2005,83.68
rwa,2006,83.57
rwa,2007,83.458
rwa,2008,83.354
rwa,2009,83.235
rwa,2010,83.128
rwa,2011,83.019
rwa,2012,82.91
rwa,2013,82.792
rwa,2014,82.685
rwa,2015,82.74
rwa,2016,82.803
rwa,2017,82.849
rwa,2018,82.904
rwa,2019,82.963
rwa,2020,80.976
rwa,2021,81.049
sau,1991,13.807
sau,1992,13.783
sau,1993,13.987
sau,1994,14.21
sau,1995,14.441
sau,1996,14.701
sau,1997,14.962
sau,1998,15.229
sau,1999,15.471
sau,2000,14.309
sau,2001,13.937
sau,2002,13.413
sau,2003,13.915
sau,2004,14.457
sau,2005,15.048
sau,2006,15.702
sau,2007,15.379
sau,2008,15.13
sau,2009,14.36
sau,2010,15.21
sau,2011,16.021
sau,2012,16.059
sau,2013,15.784
sau,2014,15.847
sau,2015,16.559
sau,2016,17.287
sau,2017,15.859
sau,2018,16.957
sau,2019,21.023
sau,2020,25.444
sau,2021,24.263
sdn,1991,19.588
sdn,1992,20.266
sdn,1993,20.953
sdn,1994,21.655
sdn,1995,22.397
sdn,1996,23.136
sdn,1997,23.148
sdn,1998,23.121
sdn,1999,23.113
sdn,2000,23.121
sdn,2001,23.118
sdn,2002,23.114
sdn,2003,23.117
sdn,2004,23.104
sdn,2005,23.122
sdn,2006,23.15
sdn,2007,23.178
sdn,2008,23.188
sdn,2009,22.252
sdn,2010,21.219
sdn,2011,20.15
sdn,2012,20.268
sdn,2013,20.419
sdn,2014,20.542
sdn,2015,20.652
sdn,2016,20.77
sdn,2017,20.9
sdn,2018,21.017
sdn,2019,21.124
sdn,2020,19.411
sdn,2021,19.536
sen,1991,29.855
sen,1992,29.898
sen,1993,29.956
sen,1994,30.032
sen,1995,30.161
sen,1996,30.21
sen,1997,30.305
sen,1998,30.425
sen,1999,30.542
sen,2000,30.645
sen,2001,30.722
sen,2002,30.783
sen,2003,30.388
sen,2004,29.954
sen,2005,29.508
sen,2006,29.015
sen,2007,29.071
sen,2008,29.133
sen,2009,29.187
sen,2010,29.257
sen,2011,29.31
sen,2012,29.975
sen,2013,30.613
sen,2014,31.278
sen,2015,31.922
sen,2016,32.817
sen,2017,33.27
sen,2018,33.4
sen,2019,33.542
sen,2020,31.987
sen,2021,32.171
sgp,1991,46.415
sgp,1992,46.482
sgp,1993,46.915
sgp,1994,47.525
sgp,1995,48.324
sgp,1996,48.671
sgp,1997,49.801
sgp,1998,49.285
sgp,1999,49.04
sgp,2000,50.356
sgp,2001,50.583
sgp,2002,48.673
sgp,2003,49.137
sgp,2004,49.564
sgp,2005,50.305
sgp,2006,51.504
sgp,2007,52.435
sgp,2008,54.729
sgp,2009,53.162
sgp,2010,55.513
sgp,2011,56.282
sgp,2012,57.267
sgp,2013,57.48
sgp,2014,58.835
sgp,2015,60.079
sgp,2016,59.705
sgp,2017,59.383
sgp,2018,59.665
sgp,2019,60.192
sgp,2020,57.293
sgp,2021,57.048
slb,1991,83.146
slb,1992,82.922
slb,1993,82.772
slb,1994,82.629
slb,1995,82.488
slb,1996,82.396
slb,1997,82.465
slb,1998,82.508
slb,1999,82.559
slb,2000,82.869
slb,2001,83.334
slb,2002,83.593
slb,2003,83.591
slb,2004,83.494
slb,2005,83.358
slb,2006,83.177
slb,2007,82.988
slb,2008,82.836
slb,2009,82.984
slb,2010,83.152
slb,2011,83.026
slb,2012,83.121
slb,2013,83.359
slb,2014,83.335
slb,2015,83.339
slb,2016,83.353
slb,2017,83.314
slb,2018,83.263
slb,2019,83.233
slb,2020,82.265
slb,2021,82.158
sle,1991,62.913
sle,1992,62.855
sle,1993,62.863
sle,1994,62.872
sle,1995,62.889
sle,1996,62.884
sle,1997,62.912
sle,1998,62.977
sle,1999,63.025
sle,2000,63.049
sle,2001,63.061
sle,2002,63.128
sle,2003,63.162
sle,2004,64.406
sle,2005,63.408
sle,2006,62.403
sle,2007,61.393
sle,2008,60.371
sle,2009,59.343
sle,2010,58.313
sle,2011,57.277
sle,2012,56.245
sle,2013,55.206
sle,2014,54.14
sle,2015,54.211
sle,2016,54.339
sle,2017,54.436
sle,2018,54.542
sle,2019,54.668
sle,2020,53.705
sle,2021,53.478
slv,1991,36.572
slv,1992,36.905
slv,1993,38.582
slv,1994,40.1
slv,1995,38.756
slv,1996,37.493
slv,1997,38.052
slv,1998,41.463
slv,1999,42.002
slv,2000,42.093
slv,2001,41.227
slv,2002,41.882
slv,2003,43.816
slv,2004,42.052
slv,2005,42.212
slv,2006,43.375
slv,2007,43.257
slv,2008,43.529
slv,2009,43.169
slv,2010,43.754
slv,2011,43.845
slv,2012,44.607
slv,2013,45.782
slv,2014,44.434
slv,2015,43.239
slv,2016,43.693
slv,2017,42.935
slv,2018,42.804
slv,2019,43.366
slv,2020,39.686
slv,2021,40.818
som,1991,16.642
som,1992,16.56
som,1993,16.538
som,1994,16.436
som,1995,16.387
som,1996,16.28
som,1997,16.154
som,1998,16.052
som,1999,15.956
som,2000,15.883
som,2001,15.785
som,2002,15.729
som,2003,15.699
som,2004,15.681
som,2005,15.671
som,2006,15.622
som,2007,15.605
som,2008,15.568
som,2009,15.555
som,2010,15.572
som,2011,15.569
som,2012,15.606
som,2013,15.668
som,2014,15.733
som,2015,15.793
som,2016,15.843
som,2017,15.88
som,2018,15.92
som,2019,15.963
som,2020,15.541
som,2021,15.48
srb,1991,41.679
srb,1992,42.056
srb,1993,42.133
srb,1994,41.559
srb,1995,41.273
srb,1996,41.149
srb,1997,40.598
srb,1998,40.353
srb,1999,40.798
srb,2000,41.147
srb,2001,40.746
srb,2002,40.127
srb,2003,39.648
srb,2004,36.227
srb,2005,32.894
srb,2006,32.022
srb,2007,33.806
srb,2008,36.358
srb,2009,33.871
srb,2010,31.088
srb,2011,28.939
srb,2012,28.691
srb,2013,30.766
srb,2014,34.86
srb,2015,35.276
srb,2016,38.092
srb,2017,39.65
srb,2018,40.261
srb,2019,41.85
srb,2020,42.109
srb,2021,40.629
ssd,1991,62.273
ssd,1992,62.242
ssd,1993,62.237
ssd,1994,62.223
ssd,1995,62.186
ssd,1996,62.146
ssd,1997,62.132
ssd,1998,62.067
ssd,1999,62.033
ssd,2000,62.041
ssd,2001,62.015
ssd,2002,62.024
ssd,2003,62.067
ssd,2004,62.093
ssd,2005,62.142
ssd,2006,62.167
ssd,2007,62.187
ssd,2008,62.189
ssd,2009,62.218
ssd,2010,62.299
ssd,2011,62.314
ssd,2012,62.362
ssd,2013,62.478
ssd,2014,62.509
ssd,2015,62.533
ssd,2016,62.582
ssd,2017,62.679
ssd,2018,62.766
ssd,2019,62.852
ssd,2020,58.747
ssd,2021,59.693
stp,1991,30.312
stp,1992,30.351
stp,1993,30.41
stp,1994,30.492
stp,1995,30.588
stp,1996,30.664
stp,1997,30.765
stp,1998,30.886
stp,1999,30.988
stp,2000,31.056
stp,2001,28.029
stp,2002,27.888
stp,2003,27.948
stp,2004,28.639
stp,2005,28.077
stp,2006,28.096
stp,2007,28.39
stp,2008,28.78
stp,2009,29.066
stp,2010,29.442
stp,2011,29.765
stp,2012,30.092
stp,2013,30.092
stp,2014,30.112
stp,2015,30.122
stp,2016,30.179
stp,2017,30.249
stp,2018,30.333
stp,2019,30.428
stp,2020,28.532
stp,2021,28.619
sur,1991,25.594
sur,1992,25.345
sur,1993,24.84
sur,1994,27.513
sur,1995,28.723
sur,1996,26.948
sur,1997,27.224
sur,1998,27.049
sur,1999,26.064
sur,2000,27.006
sur,2001,27.957
sur,2002,28.888
sur,2003,29.882
sur,2004,30.884
sur,2005,31.5
sur,2006,32.162
sur,2007,32.809
sur,2008,33.452
sur,2009,34.09
sur,2010,35.545
sur,2011,36.229
sur,2012,36.888
sur,2013,38.194
sur,2014,38.459
sur,2015,39.366
sur,2016,40.156
sur,2017,40.309
sur,2018,40.532
sur,2019,40.348
sur,2020,36.98
sur,2021,37.402
svk,1991,52.983
svk,1992,50.815
svk,1993,48.61
svk,1994,44.125
svk,1995,44.392
svk,1996,45.652
svk,1997,45.099
svk,1998,44.718
svk,1999,43.409
svk,2000,42.542
svk,2001,43.056
svk,2002,42.54
svk,2003,43.557
svk,2004,42.244
svk,2005,42.469
svk,2006,43.257
svk,2007,44.195
svk,2008,45.434
svk,2009,43.86
svk,2010,43.398
svk,2011,43.33
svk,2012,43.346
svk,2013,43.636
svk,2014,44.138
svk,2015,45.269
svk,2016,46.915
svk,2017,48.265
svk,2018,48.623
svk,2019,49.201
svk,2020,48.274
svk,2021,50.898
svn,1991,48.179
svn,1992,48.134
svn,1993,47.951
svn,1994,47.654
svn,1995,47.697
svn,1996,47.788
svn,1997,48.73
svn,1998,49.391
svn,1999,47.587
svn,2000,47.777
svn,2001,48.046
svn,2002,48.655
svn,2003,46.658
svn,2004,49.456
svn,2005,49.181
svn,2006,49.447
svn,2007,50.223
svn,2008,50.989
svn,2009,50.513
svn,2010,49.509
svn,2011,48.036
svn,2012,47.318
svn,2013,45.958
svn,2014,46.693
svn,2015,46.672
svn,2016,47.535
svn,2017,49.786
svn,2018,50.686
svn,2019,50.615
svn,2020,50.226
svn,2021,50.828
swe,1991,60.632
swe,1992,58.286
swe,1993,54.91
swe,1994,53.851
swe,1995,54.445
swe,1996,54.18
swe,1997,53.005
swe,1998,53.473
swe,1999,54.802
swe,2000,55.439
swe,2001,55.919
swe,2002,55.882
swe,2003,55.772
swe,2004,54.793
swe,2005,54.485
swe,2006,54.924
swe,2007,55.813
swe,2008,55.867
swe,2009,54.591
swe,2010,53.916
swe,2011,54.857
swe,2012,55.112
swe,2013,55.454
swe,2014,55.756
swe,2015,56.267
swe,2016,56.742
swe,2017,57.067
swe,2018,57.346
swe,2019,56.932
swe,2020,55.605
swe,2021,56.177
swz,1991,33.735
swz,1992,33.824
swz,1993,33.905
swz,1994,34.01
swz,1995,34.174
swz,1996,33.683
swz,1997,33.244
swz,1998,33.15
swz,1999,33.074
swz,2000,32.986
swz,2001,32.866
swz,2002,32.745
swz,2003,32.583
swz,2004,32.42
swz,2005,32.281
swz,2006,32.115
swz,2007,31.93
swz,2008,32.329
swz,2009,32.747
swz,2010,33.163
swz,2011,33.531
swz,2012,33.944
swz,2013,34.329
swz,2014,34.693
swz,2015,35.066
swz,2016,35.519
swz,2017,35.577
swz,2018,35.613
swz,2019,35.667
swz,2020,32.593
swz,2021,32.853
syr,1991,16.593
syr,1992,17.558
syr,1993,18.48
syr,1994,17.72
syr,1995,17.605
syr,1996,16.287
syr,1997,15.085
syr,1998,14
syr,1999,15.779
syr,2000,16.685
syr,2001,15.045
syr,2002,14.998
syr,2003,14.926
syr,2004,13.786
syr,2005,12.698
syr,2006,11.692
syr,2007,10.502
syr,2008,11.236
syr,2009,10.265
syr,2010,10.119
syr,2011,11.762
syr,2012,11.905
syr,2013,12.117
syr,2014,12.377
syr,2015,12.586
syr,2016,12.753
syr,2017,12.888
syr,2018,13.008
syr,2019,13.114
syr,2020,11.994
syr,2021,12.063
tcd,1991,64.289
tcd,1992,64.23
tcd,1993,64.182
tcd,1994,63.582
tcd,1995,62.97
tcd,1996,62.356
tcd,1997,61.739
tcd,1998,61.118
tcd,1999,60.49
tcd,2000,59.859
tcd,2001,59.229
tcd,2002,58.591
tcd,2003,57.951
tcd,2004,57.313
tcd,2005,56.661
tcd,2006,56.006
tcd,2007,55.356
tcd,2008,54.702
tcd,2009,54.046
tcd,2010,53.391
tcd,2011,52.728
tcd,2012,52.071
tcd,2013,51.408
tcd,2014,50.746
tcd,2015,50.081
tcd,2016,49.416
tcd,2017,48.754
tcd,2018,48.094
tcd,2019,48.175
tcd,2020,45.842
tcd,2021,46.248
tgo,1991,52.003
tgo,1992,52.027
tgo,1993,52.057
tgo,1994,52.185
tgo,1995,52.236
tgo,1996,52.384
tgo,1997,52.537
tgo,1998,52.637
tgo,1999,52.784
tgo,2000,52.913
tgo,2001,52.935
tgo,2002,52.968
tgo,2003,53.002
tgo,2004,53.004
tgo,2005,53.003
tgo,2006,52.991
tgo,2007,53.248
tgo,2008,53.528
tgo,2009,53.81
tgo,2010,54.105
tgo,2011,54.399
tgo,2012,54.427
tgo,2013,54.473
tgo,2014,54.538
tgo,2015,54.621
tgo,2016,54.414
tgo,2017,54.217
tgo,2018,54.329
tgo,2019,54.455
tgo,2020,53.827
tgo,2021,53.76
tha,1991,63.235
tha,1992,64.397
tha,1993,64.07
tha,1994,64.122
tha,1995,65.201
tha,1996,66.261
tha,1997,66.908
tha,1998,63.641
tha,1999,62.386
tha,2000,63.475
tha,2001,63.529
tha,2002,64.089
tha,2003,64.216
tha,2004,64.354
tha,2005,65.481
tha,2006,64.366
tha,2007,65.238
tha,2008,65.077
tha,2009,64.109
tha,2010,63.295
tha,2011,65.478
tha,2012,64.962
tha,2013,61.952
tha,2014,61.192
tha,2015,60.74
tha,2016,59.763
tha,2017,58.904
tha,2018,59.22
tha,2019,58.586
tha,2020,58.56
tha,2021,58.159
tjk,1991,30.853
tjk,1992,30.774
tjk,1993,29.55
tjk,1994,28.771
tjk,1995,28.321
tjk,1996,27.412
tjk,1997,27.267
tjk,1998,26.514
tjk,1999,26.834
tjk,2000,26.914
tjk,2001,27.02
tjk,2002,27.127
tjk,2003,27.242
tjk,2004,27.633
tjk,2005,27.238
tjk,2006,26.788
tjk,2007,26.28
tjk,2008,25.783
tjk,2009,25.729
tjk,2010,26.376
tjk,2011,27.049
tjk,2012,27.737
tjk,2013,28.437
tjk,2014,29.151
tjk,2015,29.876
tjk,2016,30.607
tjk,2017,30.045
tjk,2018,29.532
tjk,2019,29.058
tjk,2020,28.533
tjk,2021,28.286
tkm,1991,40.995
tkm,1992,42.467
tkm,1993,42.577
tkm,1994,43.64
tkm,1995,43.56
tkm,1996,42.542
tkm,1997,43.749
tkm,1998,42.867
tkm,1999,41.404
tkm,2000,41.374
tkm,2001,41.352
tkm,2002,41.695
tkm,2003,41.723
tkm,2004,41.614
tkm,2005,40.871
tkm,2006,40.382
tkm,2007,39.924
tkm,2008,39.301
tkm,2009,39.245
tkm,2010,38.772
tkm,2011,38.12
tkm,2012,37.715
tkm,2013,37.385
tkm,2014,37.087
tkm,2015,36.936
tkm,2016,36.797
tkm,2017,36.659
tkm,2018,36.539
tkm,2019,36.427
tkm,2020,35.638
tkm,2021,35.298
tls,1991,60.809
tls,1992,60.451
tls,1993,60.115
tls,1994,59.765
tls,1995,59.438
tls,1996,59.056
tls,1997,58.874
tls,1998,58.945
tls,1999,60.885
tls,2000,60.638
tls,2001,59.992
tls,2002,60.301
tls,2003,60.588
tls,2004,60.727
tls,2005,60.717
tls,2006,61.011
tls,2007,60.694
tls,2008,60.245
tls,2009,59.859
tls,2010,59.52
tls,2011,59.105
tls,2012,58.711
tls,2013,58.445
tls,2014,58.136
tls,2015,57.851
tls,2016,57.567
tls,2017,57.745
tls,2018,57.905
tls,2019,58.047
tls,2020,57.158
tls,2021,56.875
ton,1991,37.39
ton,1992,39.678
ton,1993,42.072
ton,1994,44.217
ton,1995,43.696
ton,1996,43.032
ton,1997,42.432
ton,1998,41.871
ton,1999,41.327
ton,2000,40.697
ton,2001,40.247
ton,2002,39.777
ton,2003,39.205
ton,2004,39.68
ton,2005,40.334
ton,2006,40.872
ton,2007,40.492
ton,2008,40.146
ton,2009,39.688
ton,2010,39.379
ton,2011,39.074
ton,2012,38.66
ton,2013,38.309
ton,2014,37.992
ton,2015,37.654
ton,2016,37.383
ton,2017,37.015
ton,2018,36.655
ton,2019,36.665
ton,2020,35.869
ton,2021,35.531
tto,1991,32.658
tto,1992,33.149
tto,1993,33.434
tto,1994,34.517
tto,1995,35.817
tto,1996,37.103
tto,1997,37.923
tto,1998,38.264
tto,1999,38.928
tto,2000,40.045
tto,2001,40.027
tto,2002,40.669
tto,2003,42.281
tto,2004,45.239
tto,2005,46.694
tto,2006,48.629
tto,2007,47.785
tto,2008,49.405
tto,2009,47.989
tto,2010,47.405
tto,2011,46.439
tto,2012,48.584
tto,2013,48.911
tto,2014,49.839
tto,2015,48.045
tto,2016,48.151
tto,2017,47.694
tto,2018,47.438
tto,2019,47.202
tto,2020,44.202
tto,2021,44.381
tun,1991,18.331
tun,1992,18.532
tun,1993,18.68
tun,1994,18.891
tun,1995,19.107
tun,1996,19.369
tun,1997,19.593
tun,1998,19.66
tun,1999,19.744
tun,2000,19.845
tun,2001,19.967
tun,2002,19.922
tun,2003,19.81
tun,2004,19.781
tun,2005,20.05
tun,2006,20.73
tun,2007,20.81
tun,2008,20.842
tun,2009,20.18
tun,2010,20.17
tun,2011,18.103
tun,2012,19.235
tun,2013,19.721
tun,2014,20.33
tun,2015,20.316
tun,2016,20.402
tun,2017,20.527
tun,2018,20.451
tun,2019,20.585
tun,2020,19.374
tun,2021,19.193
tur,1991,31.922
tur,1992,30.404
tur,1993,24.484
tur,1994,28.96
tur,1995,28.876
tur,1996,28.969
tur,1997,26.794
tur,1998,27.509
tur,1999,27.952
tur,2000,25.141
tur,2001,25.348
tur,2002,25.5
tur,2003,24.123
tur,2004,20.85
tur,2005,20.775
tur,2006,21.069
tur,2007,21.129
tur,2008,21.737
tur,2009,22.42
tur,2010,24.153
tur,2011,25.693
tur,2012,26.483
tur,2013,27.274
tur,2014,26.853
tur,2015,27.637
tur,2016,28.186
tur,2017,29.063
tur,2018,29.598
tur,2019,28.816
tur,2020,26.396
tur,2021,26.871
tza,1991,80.505
tza,1992,80.61
tza,1993,80.747
tza,1994,80.887
tza,1995,81.053
tza,1996,81.182
tza,1997,81.305
tza,1998,81.446
tza,1999,81.595
tza,2000,81.729
tza,2001,81.863
tza,2002,82.187
tza,2003,82.474
tza,2004,82.751
tza,2005,82.998
tza,2006,83.212
tza,2007,82.976
tza,2008,82.693
tza,2009,82.384
tza,2010,80.882
tza,2011,79.361
tza,2012,78.653
tza,2013,77.959
tza,2014,77.866
tza,2015,77.863
tza,2016,77.88
tza,2017,77.895
tza,2018,77.907
tza,2019,77.936
tza,2020,76.865
tza,2021,76.862
uga,1991,61.518
uga,1992,61.661
uga,1993,61.637
uga,1994,61.595
uga,1995,61.571
uga,1996,61.518
uga,1997,61.45
uga,1998,61.393
uga,1999,61.354
uga,2000,61.255
uga,2001,61.2
uga,2002,61.157
uga,2003,61.216
uga,2004,62.175
uga,2005,63.138
uga,2006,63.005
uga,2007,62.832
uga,2008,62.668
uga,2009,62.478
uga,2010,62.645
uga,2011,62.853
uga,2012,62.985
uga,2013,64.247
uga,2014,64.329
uga,2015,64.409
uga,2016,64.497
uga,2017,64.595
uga,2018,64.722
uga,2019,64.856
uga,2020,60.931
uga,2021,61.801
ukr,1991,52.55
ukr,1992,52.489
ukr,1993,52.383
ukr,1994,52.325
ukr,1995,50.576
ukr,1996,49.278
ukr,1997,48.628
ukr,1998,47.316
ukr,1999,46.981
ukr,2000,46.995
ukr,2001,47.262
ukr,2002,47.665
ukr,2003,48.151
ukr,2004,48.329
ukr,2005,49.053
ukr,2006,49.128
ukr,2007,49.544
ukr,2008,49.228
ukr,2009,48.301
ukr,2010,48.291
ukr,2011,48.102
ukr,2012,47.941
ukr,2013,47.797
ukr,2014,46.856
ukr,2015,46.319
ukr,2016,46.244
ukr,2017,45.977
ukr,2018,45.861
ukr,2019,45.395
ukr,2020,43.925
ukr,2021,43.933
ury,1991,38.473
ury,1992,39.213
ury,1993,38.71
ury,1994,39.673
ury,1995,40.303
ury,1996,39.761
ury,1997,40.964
ury,1998,43.231
ury,1999,41.845
ury,2000,41.238
ury,2001,41.114
ury,2002,39.224
ury,2003,39.086
ury,2004,40.971
ury,2005,42.302
ury,2006,44.336
ury,2007,46.712
ury,2008,48.532
ury,2009,49.443
ury,2010,49.758
ury,2011,52.294
ury,2012,51.851
ury,2013,50.831
ury,2014,52.19
ury,2015,51.352
ury,2016,51.062
ury,2017,50.787
ury,2018,50.35
ury,2019,49.945
ury,2020,47.42
ury,2021,47.854
usa,1991,52.84
usa,1992,52.954
usa,1993,53.308
usa,1994,54.437
usa,1995,54.844
usa,1996,55.248
usa,1997,55.992
usa,1998,56.215
usa,1999,56.544
usa,2000,56.606
usa,2001,56.133
usa,2002,55.414
usa,2003,55.265
usa,2004,55.097
usa,2005,55.353
usa,2006,55.725
usa,2007,55.742
usa,2008,55.356
usa,2009,53.555
usa,2010,52.724
usa,2011,52.342
usa,2012,52.298
usa,2013,52.334
usa,2014,52.693
usa,2015,52.926
usa,2016,53.259
usa,2017,53.762
usa,2018,54.077
usa,2019,54.553
usa,2020,50.768
usa,2021,52.326
uzb,1991,52.883
uzb,1992,53.968
uzb,1993,53.244
uzb,1994,52.57
uzb,1995,52.56
uzb,1996,50.656
uzb,1997,50.129
uzb,1998,48.23
uzb,1999,47.858
uzb,2000,48.273
uzb,2001,48.601
uzb,2002,48.969
uzb,2003,49.288
uzb,2004,49.182
uzb,2005,49.249
uzb,2006,49.253
uzb,2007,49.067
uzb,2008,48.386
uzb,2009,47.702
uzb,2010,47.026
uzb,2011,47.372
uzb,2012,46.904
uzb,2013,46.396
uzb,2014,45.855
uzb,2015,45.366
uzb,2016,45.039
uzb,2017,44.579
uzb,2018,44.298
uzb,2019,44.037
uzb,2020,41.793
uzb,2021,41.743
vct,1991,34.489
vct,1992,35.349
vct,1993,36.001
vct,1994,36.094
vct,1995,37.112
vct,1996,37.44
vct,1997,38.08
vct,1998,38.731
vct,1999,39.23
vct,2000,39.626
vct,2001,40.097
vct,2002,40.885
vct,2003,41.712
vct,2004,42.219
vct,2005,42.656
vct,2006,43.508
vct,2007,43.88
vct,2008,44.162
vct,2009,43.943
vct,2010,43.657
vct,2011,43.651
vct,2012,43.775
vct,2013,43.912
vct,2014,43.968
vct,2015,44.013
vct,2016,44.16
vct,2017,44.217
vct,2018,44.385
vct,2019,44.347
vct,2020,41.993
vct,2021,41.82
ven,1991,43.818
ven,1992,45.604
ven,1993,46.025
ven,1994,43.567
ven,1995,42.441
ven,1996,41.381
ven,1997,42.413
ven,1998,42.428
ven,1999,39.889
ven,2000,41.137
ven,2001,41.682
ven,2002,38.01
ven,2003,36.118
ven,2004,39.363
ven,2005,43.655
ven,2006,45.274
ven,2007,45.88
ven,2008,46.593
ven,2009,46.98
ven,2010,46.118
ven,2011,46.033
ven,2012,45.941
ven,2013,46.688
ven,2014,46.194
ven,2015,45.743
ven,2016,45.276
ven,2017,42.808
ven,2018,39.943
ven,2019,33.997
ven,2020,31.792
ven,2021,31.744
vir,1991,50.608
vir,1992,50.919
vir,1993,53.986
vir,1994,50.628
vir,1995,47.883
vir,1996,45.559
vir,1997,45.907
vir,1998,46.062
vir,1999,45.772
vir,2000,47.159
vir,2001,48.835
vir,2002,47.886
vir,2003,46.546
vir,2004,48.277
vir,2005,49.363
vir,2006,50.454
vir,2007,51.473
vir,2008,51.401
vir,2009,50.319
vir,2010,48.573
vir,2011,47.957
vir,2012,45.734
vir,2013,42.127
vir,2014,40.988
vir,2015,42.4
vir,2016,41.721
vir,2017,41.992
vir,2018,38.702
vir,2019,36.298
vir,2020,35.312
vir,2021,34.755
vnm,1991,72.732
vnm,1992,72.538
vnm,1993,72.222
vnm,1994,71.933
vnm,1995,71.615
vnm,1996,71.27
vnm,1997,68.908
vnm,1998,68.688
vnm,1999,68.646
vnm,2000,67.274
vnm,2001,67.225
vnm,2002,67.382
vnm,2003,66.637
vnm,2004,65.913
vnm,2005,66.996
vnm,2006,68.042
vnm,2007,69.111
vnm,2008,69.685
vnm,2009,70.318
vnm,2010,70.755
vnm,2011,70.875
vnm,2012,71.045
vnm,2013,71.771
vnm,2014,71.831
vnm,2015,71.195
vnm,2016,70.679
vnm,2017,70.198
vnm,2018,69.691
vnm,2019,68.92
vnm,2020,67.7
vnm,2021,68.181
vut,1991,59.83
vut,1992,59.841
vut,1993,59.925
vut,1994,59.723
vut,1995,59.715
vut,1996,59.717
vut,1997,59.606
vut,1998,59.461
vut,1999,59.523
vut,2000,59.414
vut,2001,59.588
vut,2002,59.935
vut,2003,59.959
vut,2004,59.898
vut,2005,59.793
vut,2006,59.573
vut,2007,59.424
vut,2008,59.307
vut,2009,59.274
vut,2010,59.318
vut,2011,59.397
vut,2012,59.411
vut,2013,59.434
vut,2014,59.476
vut,2015,59.558
vut,2016,59.561
vut,2017,59.493
vut,2018,59.441
vut,2019,59.42
vut,2020,58.434
vut,2021,58.546
wsm,1991,31.873
wsm,1992,31.798
wsm,1993,31.587
wsm,1994,31.544
wsm,1995,31.277
wsm,1996,30.938
wsm,1997,30.747
wsm,1998,30.569
wsm,1999,30.379
wsm,2000,30.111
wsm,2001,29.834
wsm,2002,29.711
wsm,2003,29.62
wsm,2004,29.531
wsm,2005,29.449
wsm,2006,29.389
wsm,2007,29.325
wsm,2008,29.254
wsm,2009,29.281
wsm,2010,29.329
wsm,2011,29.291
wsm,2012,28.235
wsm,2013,28.277
wsm,2014,28.257
wsm,2015,28.272
wsm,2016,28.218
wsm,2017,28.117
wsm,2018,28.132
wsm,2019,28.192
wsm,2020,27.499
wsm,2021,27.148
yem,1991,16.376
yem,1992,16.382
yem,1993,16.32
yem,1994,16.358
yem,1995,17
yem,1996,17.719
yem,1997,18.469
yem,1998,19.242
yem,1999,20.023
yem,2000,18.612
yem,2001,17.258
yem,2002,15.974
yem,2003,14.755
yem,2004,13.602
yem,2005,12.517
yem,2006,11.488
yem,2007,10.526
yem,2008,9.625
yem,2009,8.784
yem,2010,8.006
yem,2011,6.956
yem,2012,6.067
yem,2013,5.258
yem,2014,4.531
yem,2015,4.485
yem,2016,4.515
yem,2017,4.537
yem,2018,4.571
yem,2019,4.602
yem,2020,4.53
yem,2021,4.419
zaf,1991,28.517
zaf,1992,28.598
zaf,1993,28.733
zaf,1994,28.87
zaf,1995,29
zaf,1996,29.125
zaf,1997,29.229
zaf,1998,29.338
zaf,1999,29.5
zaf,2000,29.673
zaf,2001,29.529
zaf,2002,27.423
zaf,2003,28.528
zaf,2004,30.117
zaf,2005,30.15
zaf,2006,30.526
zaf,2007,31.913
zaf,2008,35.442
zaf,2009,34.324
zaf,2010,32.486
zaf,2011,32.684
zaf,2012,32.891
zaf,2013,33.844
zaf,2014,33.782
zaf,2015,34.461
zaf,2016,33.775
zaf,2017,34.273
zaf,2018,34.308
zaf,2019,33.668
zaf,2020,30.375
zaf,2021,29.724
zmb,1991,57.26
zmb,1992,57.772
zmb,1993,58.407
zmb,1994,59.466
zmb,1995,60.781
zmb,1996,61.992
zmb,1997,63.615
zmb,1998,65.219
zmb,1999,65.273
zmb,2000,65.313
zmb,2001,64.836
zmb,2002,64.332
zmb,2003,63.834
zmb,2004,63.306
zmb,2005,62.759
zmb,2006,63.938
zmb,2007,65.119
zmb,2008,66.307
zmb,2009,63.794
zmb,2010,61.255
zmb,2011,62.459
zmb,2012,63.725
zmb,2013,63.148
zmb,2014,62.582
zmb,2015,62.017
zmb,2016,61.464
zmb,2017,60.916
zmb,2018,60.545
zmb,2019,60.756
zmb,2020,59.945
zmb,2021,59.669
zwe,1991,74.307
zwe,1992,74.383
zwe,1993,74.509
zwe,1994,74.639
zwe,1995,74.196
zwe,1996,73.752
zwe,1997,73.269
zwe,1998,73.48
zwe,1999,73.695
zwe,2000,73.782
zwe,2001,73.858
zwe,2002,73.917
zwe,2003,73.991
zwe,2004,74.092
zwe,2005,73.929
zwe,2006,73.752
zwe,2007,73.568
zwe,2008,73.353
zwe,2009,73.23
zwe,2010,73.063
zwe,2011,72.868
zwe,2012,74.007
zwe,2013,75.083
zwe,2014,76.166
zwe,2015,76.141
zwe,2016,76.112
zwe,2017,76.117
zwe,2018,76.127
zwe,2019,76.123
zwe,2020,74.407
zwe,2021,74.795
