geo,time,eg_use_comm_cl_zs
ago,1971,1.35117
ago,1972,1.41065
ago,1973,1.69473
ago,1974,1.74859
ago,1975,1.98257
ago,1976,0.90381
ago,1977,0.91674
ago,1978,1.02804
ago,1979,1.06582
ago,1980,1.1214
ago,1981,1.11405
ago,1982,1.19773
ago,1983,1.06745
ago,1984,1.09859
ago,1985,1.20808
ago,1986,1.19433
ago,1987,1.16617
ago,1988,1.12066
ago,1989,1.11031
ago,1990,0.74224
ago,1991,0.73868
ago,1992,0.80217
ago,1993,0.82062
ago,1994,0.81364
ago,1995,0.81839
ago,1996,0.81659
ago,1997,0.95038
ago,1998,1.09598
ago,1999,0.88033
ago,2000,0.87341
ago,2001,0.93396
ago,2002,1.00205
ago,2003,1.02835
ago,2004,1.17859
ago,2005,1.60963
ago,2006,2.06297
ago,2007,1.77696
ago,2008,2.14597
ago,2009,1.94943
ago,2010,2.25076
ago,2011,2.3523
ago,2012,2.0178
ago,2013,2.54661
ago,2014,2.54884
alb,1971,3.50445
alb,1972,3.98634
alb,1973,5.53274
alb,1974,6.12303
alb,1975,6.91916
alb,1976,7.45972
alb,1977,8.14873
alb,1978,7.95673
alb,1979,10.26376
alb,1980,8.25965
alb,1981,9.72701
alb,1982,9.98508
alb,1983,9.67547
alb,1984,7.96471
alb,1985,6.74108
alb,1986,11.98675
alb,1987,10.13454
alb,1988,8.66996
alb,1989,9.14789
alb,1990,4.67639
alb,1991,5.39956
alb,1992,8.46805
alb,1993,10.01265
alb,1994,10.68657
alb,1995,12.31193
alb,1996,16.02529
alb,1997,14.37232
alb,1998,13.8753
alb,1999,20.23648
alb,2000,19.6777
alb,2001,18.29507
alb,2002,17.93678
alb,2003,18.78115
alb,2004,20.68211
alb,2005,20.33206
alb,2006,14.00645
alb,2007,15.54963
alb,2008,19.26882
alb,2009,21.87502
alb,2010,23.28219
alb,2011,22.10934
alb,2012,25.41917
alb,2013,26.06879
alb,2014,24.54805
are,1971,0
are,1972,0
are,1973,0
are,1974,0
are,1975,0
are,1976,0
are,1977,0
are,1978,0
are,1979,0
are,1980,0
are,1981,0
are,1982,0
are,1983,0
are,1984,0
are,1985,0
are,1986,0
are,1987,0
are,1988,0
are,1989,0
are,1990,0
are,1991,0
are,1992,0
are,1993,0
are,1994,0
are,1995,0
are,1996,0
are,1997,0
are,1998,0
are,1999,0
are,2000,0
are,2001,0
are,2002,0
are,2003,0
are,2004,0
are,2005,0
are,2006,0
are,2007,0
are,2008,0
are,2009,0
are,2010,0
are,2011,0
are,2012,0
are,2013,0.02576
are,2014,0.09691
arg,1971,0.39463
arg,1972,0.37824
arg,1973,0.7235
arg,1974,1.93474
arg,1975,3.07011
arg,1976,2.96125
arg,1977,2.41598
arg,1978,3.65178
arg,1979,3.93755
arg,1980,4.57346
arg,1981,4.89052
arg,1982,4.8704
arg,1983,5.90909
arg,1984,6.73857
arg,1985,7.92816
arg,1986,7.5119
arg,1987,7.70067
arg,1988,5.86006
arg,1989,5.22108
arg,1990,6.77369
arg,1991,6.57284
arg,1992,6.38619
arg,1993,7.25755
arg,1994,7.61063
arg,1995,6.93659
arg,1996,6.43294
arg,1997,7.23891
arg,1998,6.76079
arg,1999,5.71231
arg,2000,6.0314
arg,2001,7.74526
arg,2002,7.41158
arg,2003,7.4255
arg,2004,6.43984
arg,2005,6.42424
arg,2006,6.77059
arg,2007,5.77487
arg,2008,5.42888
arg,2009,6.18534
arg,2010,5.68327
arg,2011,5.85904
arg,2012,5.57056
arg,2013,5.67143
arg,2014,5.5015
arm,1990,1.51041
arm,1991,1.4849
arm,1992,4.39076
arm,1993,10.22637
arm,1994,12.53782
arm,1995,10.31906
arm,1996,38.17419
arm,1997,27.03983
arm,1998,25.90327
arm,1999,33.11921
arm,2000,29.18085
arm,2001,28.33117
arm,2002,36.39769
arm,2003,32.02427
arm,2004,32.78697
arm,2005,32.1723
arm,2006,31.56509
arm,2007,27.84265
arm,2008,25.69628
arm,2009,30.17802
arm,2010,32.51402
arm,2011,29.92377
arm,2012,24.56447
arm,2013,25.72974
arm,2014,25.71826
aus,1960,1.09212
aus,1961,1.21669
aus,1962,1.24064
aus,1963,1.57817
aus,1964,1.57271
aus,1965,1.80835
aus,1966,1.47022
aus,1967,1.50441
aus,1968,1.44746
aus,1969,1.54795
aus,1970,1.50404
aus,1971,1.92965
aus,1972,1.87181
aus,1973,1.71997
aus,1974,1.93077
aus,1975,2.09709
aus,1976,2.10287
aus,1977,1.7152
aus,1978,1.81007
aus,1979,1.96421
aus,1980,1.62705
aus,1981,1.76252
aus,1982,1.64054
aus,1983,1.54331
aus,1984,1.49724
aus,1985,1.68938
aus,1986,1.79641
aus,1987,1.61131
aus,1988,1.68613
aus,1989,1.57502
aus,1990,1.27387
aus,1991,1.43896
aus,1992,1.36365
aus,1993,1.4003
aus,1994,1.3907
aus,1995,1.32756
aus,1996,1.22903
aus,1997,1.28387
aus,1998,1.17023
aus,1999,1.19751
aus,2000,1.18308
aus,2001,1.22916
aus,2002,1.21303
aus,2003,1.2248
aus,2004,1.17975
aus,2005,1.12979
aus,2006,1.17438
aus,2007,1.16903
aus,2008,1.04822
aus,2009,1.12028
aus,2010,1.34025
aus,2011,1.67382
aus,2012,1.72074
aus,2013,2.13883
aus,2014,2.37342
aus,2015,2.15439
aut,1960,8.96434
aut,1961,8.7481
aut,1962,8.33747
aut,1963,7.46812
aut,1964,8.15798
aut,1965,10.02398
aut,1966,10.51905
aut,1967,10.55648
aut,1968,10.11095
aut,1969,8.6378
aut,1970,9.87784
aut,1971,7.41245
aut,1972,7.27837
aut,1973,7.50842
aut,1974,9.19615
aut,1975,10.03277
aut,1976,7.93739
aut,1977,9.95787
aut,1978,9.63072
aut,1979,10.01609
aut,1980,10.66912
aut,1981,12.09873
aut,1982,12.39501
aut,1983,12.2415
aut,1984,11.11633
aut,1985,11.52576
aut,1986,11.5469
aut,1987,12.88567
aut,1988,12.66811
aut,1989,12.68802
aut,1990,9.58582
aut,1991,9.27566
aut,1992,10.6514
aut,1993,10.96003
aut,1994,10.7205
aut,1995,10.33784
aut,1996,9.60067
aut,1997,9.96567
aut,1998,10.22406
aut,1999,10.75206
aut,2000,11.25575
aut,2001,10.53854
aut,2002,10.51006
aut,2003,9.01178
aut,2004,9.57511
aut,2005,9.35971
aut,2006,9.91004
aut,2007,10.5604
aut,2008,10.51852
aut,2009,10.97416
aut,2010,10.05564
aut,2011,10.207
aut,2012,11.95726
aut,2013,12.29866
aut,2014,13.20724
aut,2015,12.21288
aze,1990,0.42964
aze,1991,0.46499
aze,1992,0.59355
aze,1993,0.9001
aze,1994,0.75479
aze,1995,0.72507
aze,1996,0.80915
aze,1997,0.94195
aze,1998,1.05798
aze,1999,0.92509
aze,2000,0.90222
aze,2001,0.77664
aze,2002,1.16428
aze,2003,1.35062
aze,2004,1.44386
aze,2005,1.51939
aze,2006,1.30945
aze,2007,1.21722
aze,2008,1.03621
aze,2009,1.08129
aze,2010,1.67323
aze,2011,1.19773
aze,2012,0.76595
aze,2013,0.66079
aze,2014,0.57205
bel,1960,0.06414
bel,1961,0.06884
bel,1962,0.05812
bel,1963,0.08713
bel,1964,0.0818
bel,1965,0.07932
bel,1966,0.09383
bel,1967,0.14745
bel,1968,0.1068
bel,1969,0.06822
bel,1970,0.09019
bel,1971,0.02906
bel,1972,0.04223
bel,1973,0.07504
bel,1974,0.13122
bel,1975,4.21489
bel,1976,5.78381
bel,1977,6.93899
bel,1978,6.90685
bel,1979,6.10623
bel,1980,7.04404
bel,1981,7.77355
bel,1982,9.91076
bel,1983,15.40709
bel,1984,16.99398
bel,1985,20.50009
bel,1986,22.52967
bel,1987,23.51794
bel,1988,23.84447
bel,1989,22.58342
bel,1990,23.30092
bel,1991,22.38353
bel,1992,22.46052
bel,1993,22.18888
bel,1994,20.28592
bel,1995,20.28564
bel,1996,20.17246
bel,1997,22.0674
bel,1998,21.15638
bel,1999,22.36128
bel,2000,21.73908
bel,2001,21.01879
bel,2002,22.3336
bel,2003,21.45301
bel,2004,21.34304
bel,2005,21.54986
bel,2006,21.31212
bel,2007,22.39315
bel,2008,20.62356
bel,2009,22.38243
bel,2010,21.24232
bel,2011,23.24318
bel,2012,20.74741
bel,2013,21.4255
bel,2014,18.58963
bel,2015,15.11033
ben,1971,0
ben,1972,0
ben,1973,0
ben,1974,0
ben,1975,0
ben,1976,0
ben,1977,0
ben,1978,0
ben,1979,0
ben,1980,0
ben,1981,0
ben,1982,0
ben,1983,0
ben,1984,0
ben,1985,0
ben,1986,0
ben,1987,0
ben,1988,0
ben,1989,0
ben,1990,0
ben,1991,0
ben,1992,0
ben,1993,0
ben,1994,0
ben,1995,0
ben,1996,0
ben,1997,0.03906
ben,1998,0.02868
ben,1999,0.036
ben,2000,0.04121
ben,2001,0.05376
ben,2002,0.06011
ben,2003,0.0438
ben,2004,0.02323
ben,2005,0.01894
ben,2006,0
ben,2007,0
ben,2008,0
ben,2009,0
ben,2010,0
ben,2011,0
ben,2012,0
ben,2013,0
ben,2014,0
bgd,1971,0.26469
bgd,1972,0.25627
bgd,1973,0.44808
bgd,1974,0.31848
bgd,1975,0.55739
bgd,1976,0.59375
bgd,1977,0.51308
bgd,1978,0.57438
bgd,1979,0.64097
bgd,1980,0.59671
bgd,1981,0.62688
bgd,1982,0.49658
bgd,1983,0.61381
bgd,1984,0.81978
bgd,1985,0.63867
bgd,1986,0.36322
bgd,1987,0.4239
bgd,1988,0.5036
bgd,1989,0.65386
bgd,1990,0.36326
bgd,1991,0.33801
bgd,1992,0.34975
bgd,1993,0.28037
bgd,1994,0.37938
bgd,1995,0.15585
bgd,1996,0.31154
bgd,1997,0.29486
bgd,1998,0.33843
bgd,1999,0.31888
bgd,2000,0.27885
bgd,2001,0.34417
bgd,2002,0.25721
bgd,2003,0.24764
bgd,2004,0.24358
bgd,2005,0.23719
bgd,2006,0.22578
bgd,2007,0.21921
bgd,2008,0.25049
bgd,2009,0.10584
bgd,2010,0.17389
bgd,2011,0.19913
bgd,2012,0.1667
bgd,2013,0.21826
bgd,2014,0.1535
bgr,1971,0.98092
bgr,1972,0.92842
bgr,1973,1.078
bgr,1974,1.96803
bgr,1975,3.77094
bgr,1976,6.38231
bgr,1977,7.06231
bgr,1978,6.58547
bgr,1979,6.70961
bgr,1980,6.78418
bgr,1981,9.48925
bgr,1982,10.37887
bgr,1983,11.61152
bgr,1984,11.85802
bgr,1985,11.79491
bgr,1986,10.82208
bgr,1987,11.30374
bgr,1988,14.04655
bgr,1989,13.23898
bgr,1990,14.01979
bgr,1991,16.39872
bgr,1992,15.3497
bgr,1993,17.11972
bgr,1994,19.21348
bgr,1995,20.10017
bgr,1996,21.31369
bgr,1997,22.97577
bgr,1998,22.85813
bgr,1999,23.34987
bgr,2000,26.25303
bgr,2001,26.78638
bgr,2002,28.54732
bgr,2003,24.1388
bgr,2004,24.21077
bgr,2005,25.76497
bgr,2006,26.11721
bgr,2007,20.02478
bgr,2008,21.81101
bgr,2009,24.21838
bgr,2010,24.30059
bgr,2011,23.53305
bgr,2012,24.53102
bgr,2013,24.78976
bgr,2014,25.82571
bhr,1971,0
bhr,1972,0
bhr,1973,0
bhr,1974,0
bhr,1975,0
bhr,1976,0
bhr,1977,0
bhr,1978,0
bhr,1979,0
bhr,1980,0
bhr,1981,0
bhr,1982,0
bhr,1983,0
bhr,1984,0
bhr,1985,0
bhr,1986,0
bhr,1987,0
bhr,1988,0
bhr,1989,0
bhr,1990,0
bhr,1991,0
bhr,1992,0
bhr,1993,0
bhr,1994,0
bhr,1995,0
bhr,1996,0
bhr,1997,0
bhr,1998,0
bhr,1999,0
bhr,2000,0
bhr,2001,0
bhr,2002,0
bhr,2003,0
bhr,2004,0
bhr,2005,0
bhr,2006,0
bhr,2007,0
bhr,2008,0
bhr,2009,0
bhr,2010,0
bhr,2011,0
bhr,2012,0
bhr,2013,0
bhr,2014,0
bih,1990,2.60244
bih,1991,3.31523
bih,1992,3.87297
bih,1993,4.67496
bih,1994,16.81667
bih,1995,17.17538
bih,1996,14.30285
bih,1997,8.25192
bih,1998,7.4082
bih,1999,7.68156
bih,2000,5.66369
bih,2001,6.32236
bih,2002,6.47139
bih,2003,5.63064
bih,2004,6.21122
bih,2005,6.28118
bih,2006,5.54628
bih,2007,4.26864
bih,2008,4.72901
bih,2009,5.21213
bih,2010,6.43492
bih,2011,3.72776
bih,2012,4.27365
bih,2013,6.04069
bih,2014,4.27387
blr,1990,0.0038
blr,1991,0.00362
blr,1992,0.00374
blr,1993,0.00489
blr,1994,0.00543
blr,1995,0.00706
blr,1996,0.00582
blr,1997,0.00732
blr,1998,0.01132
blr,1999,0.00691
blr,2000,0.00969
blr,2001,0.01114
blr,2002,0.00988
blr,2003,0.00933
blr,2004,0.00953
blr,2005,0.01063
blr,2006,0.00972
blr,2007,0.01001
blr,2008,0.0109
blr,2009,0.01698
blr,2010,0.01639
blr,2011,0.01838
blr,2012,0.03065
blr,2013,0.06623
blr,2014,0.05392
bol,1971,7.56665
bol,1972,7.23406
bol,1973,7.00541
bol,1974,6.95842
bol,1975,6.23795
bol,1976,5.97068
bol,1977,5.89563
bol,1978,5.75878
bol,1979,5.34225
bol,1980,3.73975
bol,1981,3.87432
bol,1982,3.64965
bol,1983,3.84061
bol,1984,3.92198
bol,1985,3.89725
bol,1986,4.02167
bol,1987,4.13427
bol,1988,4.33681
bol,1989,4.08515
bol,1990,3.02603
bol,1991,3.54554
bol,1992,3.23745
bol,1993,3.61033
bol,1994,2.92824
bol,1995,2.52695
bol,1996,2.65484
bol,1997,2.68202
bol,1998,2.62809
bol,1999,3.08871
bol,2000,3.05153
bol,2001,4.29237
bol,2002,3.67471
bol,2003,3.13962
bol,2004,3.40782
bol,2005,2.84057
bol,2006,2.46962
bol,2007,3.25037
bol,2008,3.31945
bol,2009,3.14579
bol,2010,2.65158
bol,2011,2.62479
bol,2012,2.25302
bol,2013,2.41603
bol,2014,1.97498
bra,1971,5.32387
bra,1972,5.82731
bra,1973,6.07294
bra,1974,6.47448
bra,1975,6.82491
bra,1976,7.45769
bra,1977,8.13593
bra,1978,8.40394
bra,1979,8.96805
bra,1980,9.73728
bra,1981,10.29632
bra,1982,10.9298
bra,1983,11.44532
bra,1984,12.18006
bra,1985,12.54034
bra,1986,11.61378
bra,1987,11.52743
bra,1988,12.12121
bra,1989,12.43172
bra,1990,12.41195
bra,1991,12.43475
bra,1992,12.57095
bra,1993,12.72421
bra,1994,12.48179
bra,1995,13.02302
bra,1996,12.79843
bra,1997,12.94057
bra,1998,13.15832
bra,1999,12.87841
bra,2000,13.71233
bra,2001,12.95704
bra,2002,13.24585
bra,2003,13.75984
bra,2004,13.23911
bra,2005,13.33735
bra,2006,13.72102
bra,2007,13.56258
bra,2008,12.9094
bra,2009,13.7955
bra,2010,12.70044
bra,2011,13.49161
bra,2012,12.65074
bra,2013,11.4981
bra,2014,10.80909
brn,1971,0
brn,1972,0
brn,1973,0
brn,1974,0
brn,1975,0
brn,1976,0
brn,1977,0
brn,1978,0
brn,1979,0
brn,1980,0
brn,1981,0
brn,1982,0
brn,1983,0
brn,1984,0
brn,1985,0
brn,1986,0
brn,1987,0
brn,1988,0
brn,1989,0
brn,1990,0
brn,1991,0
brn,1992,0
brn,1993,0
brn,1994,0
brn,1995,0
brn,1996,0
brn,1997,0
brn,1998,0
brn,1999,0
brn,2000,0
brn,2001,0
brn,2002,0
brn,2003,0
brn,2004,0
brn,2005,0
brn,2006,0
brn,2007,0
brn,2008,0
brn,2009,0
brn,2010,0
brn,2011,0.00444
brn,2012,0.00449
brn,2013,0.00565
brn,2014,0.00484
bwa,1981,0.00636
bwa,1982,0.01504
bwa,1983,0.02692
bwa,1984,0.03522
bwa,1985,0.04438
bwa,1986,0.04052
bwa,1987,0.04842
bwa,1988,0.04332
bwa,1989,0.03647
bwa,1990,0.04112
bwa,1991,0.04425
bwa,1992,0.05679
bwa,1993,0.05662
bwa,1994,0.05916
bwa,1995,0.03462
bwa,1996,0.03548
bwa,1997,0.03382
bwa,1998,0.02996
bwa,1999,0.02901
bwa,2000,0.02791
bwa,2001,0.02758
bwa,2002,0.02715
bwa,2003,0.02724
bwa,2004,0.00791
bwa,2005,0.00766
bwa,2006,0
bwa,2007,0
bwa,2008,0
bwa,2009,0
bwa,2010,0
bwa,2011,0
bwa,2012,0
bwa,2013,0.00347
bwa,2014,0.00317
can,1960,12.0623
can,1961,11.45254
can,1962,10.89471
can,1963,10.15013
can,1964,10.41846
can,1965,10.04636
can,1966,10.70023
can,1967,10.18847
can,1968,9.81326
can,1969,10.22201
can,1970,10.04329
can,1971,10.67094
can,1972,11.47589
can,1973,13.06035
can,1974,13.70509
can,1975,12.58198
can,1976,13.45983
can,1977,14.69908
can,1978,15.87689
can,1979,16.17115
can,1980,16.67245
can,1981,18.15439
can,1982,18.43107
can,1983,20.29038
can,1984,20.70796
can,1985,21.99817
can,1986,23.41054
can,1987,23.6551
can,1988,22.8845
can,1989,21.35515
can,1990,19.67488
can,1991,21.19363
can,1992,20.15219
can,1993,21.20605
can,1994,21.91553
can,1995,20.80666
can,1996,20.32661
can,1997,18.99098
can,1998,17.48206
can,1999,17.52015
can,2000,17.1891
can,2001,17.38897
can,2002,17.68934
can,2003,16.79457
can,2004,17.95155
can,2005,18.31902
can,2006,18.81243
can,2007,18.7328
can,2008,19.18589
can,2009,18.89958
can,2010,18.56115
can,2011,18.70907
can,2012,19.34764
can,2013,19.91242
can,2014,19.69111
can,2015,19.77085
che,1960,23.68182
che,1961,23.50172
che,1962,20.81843
che,1963,18.1946
che,1964,18.0032
che,1965,18.66401
che,1966,20.44025
che,1967,20.95248
che,1968,19.13461
che,1969,17.30452
che,1970,19.73429
che,1971,16.31441
che,1972,18.1815
che,1973,21.38656
che,1974,23.96368
che,1975,28.52546
che,1976,24.18745
che,1977,28.71131
che,1978,26.2021
che,1979,30.2426
che,1980,32.75465
che,1981,35.9027
che,1982,37.12083
che,1983,35.11129
che,1984,35.52162
che,1985,39.1648
che,1986,37.88026
che,1987,40.06587
che,1988,39.88226
che,1989,38.4456
che,1990,35.04956
che,1991,34.44306
che,1992,34.83084
che,1993,35.96954
che,1994,36.83785
che,1995,37.66806
che,1996,36.5106
che,1997,36.76153
che,1998,36.81995
che,1999,38.02766
che,2000,39.01812
che,2001,37.76178
che,2002,38.53251
che,2003,38.79478
che,2004,38.30316
che,2005,35.46089
che,2006,37.66311
che,2007,40.33237
che,2008,39.07403
che,2009,38.74799
che,2010,39.43493
che,2011,40.28377
che,2012,39.9044
che,2013,38.86709
che,2014,42.42282
che,2015,39.88654
chl,1971,4.75157
chl,1972,5.57546
chl,1973,5.6605
chl,1974,6.48522
chl,1975,7.19797
chl,1976,7.02224
chl,1977,7.15572
chl,1978,7.18892
chl,1979,6.9824
chl,1980,7.14158
chl,1981,7.27901
chl,1982,8.68223
chl,1983,9.05557
chl,1984,8.93137
chl,1985,9.93481
chl,1986,10.16103
chl,1987,10.6709
chl,1988,9.23241
chl,1989,6.9148
chl,1990,4.62063
chl,1991,6.69714
chl,1992,8.03118
chl,1993,8.20146
chl,1994,7.33002
chl,1995,7.45248
chl,1996,6.25053
chl,1997,6.31265
chl,1998,5.0743
chl,1999,4.22844
chl,2000,5.80198
chl,2001,6.79874
chl,2002,7.02438
chl,2003,6.85347
chl,2004,6.3155
chl,2005,7.39383
chl,2006,7.79475
chl,2007,5.89008
chl,2008,6.15783
chl,2009,6.57765
chl,2010,5.56767
chl,2011,4.81548
chl,2012,4.2918
chl,2013,4.08271
chl,2014,5.64539
chl,2015,5.72221
chn,1971,0.65975
chn,1972,0.71086
chn,1973,0.76604
chn,1974,0.84483
chn,1975,0.8006
chn,1976,0.78441
chn,1977,0.75171
chn,1978,0.64999
chn,1979,0.71827
chn,1980,0.83711
chn,1981,0.94985
chn,1982,1.04538
chn,1983,1.16701
chn,1984,1.10556
chn,1985,1.14906
chn,1986,1.13535
chn,1987,1.14255
chn,1988,1.1829
chn,1989,1.25693
chn,1990,0.91871
chn,1991,0.98936
chn,1992,1.01402
chn,1993,1.14034
chn,1994,1.6385
chn,1995,1.70172
chn,1996,1.71653
chn,1997,1.7733
chn,1998,1.86407
chn,1999,1.86536
chn,2000,1.99714
chn,2001,2.2989
chn,2002,2.42043
chn,2003,2.52105
chn,2004,2.67891
chn,2005,2.73392
chn,2006,2.73878
chn,2007,2.92453
chn,2008,3.3841
chn,2009,3.46832
chn,2010,3.50934
chn,2011,3.52243
chn,2012,4.09183
chn,2013,4.53415
chn,2014,5.10702
civ,1971,0.48694
civ,1972,0.74608
civ,1973,0.53688
civ,1974,0.84801
civ,1975,1.11276
civ,1976,0.92714
civ,1977,0.58683
civ,1978,0.41282
civ,1979,1.78394
civ,1980,3.25335
civ,1981,4.1802
civ,1982,4.19579
civ,1983,2.42907
civ,1984,0.91125
civ,1985,3.15882
civ,1986,2.50488
civ,1987,2.15713
civ,1988,2.50015
civ,1989,3.10277
civ,1990,2.38168
civ,1991,2.29844
civ,1992,1.84874
civ,1993,1.5452
civ,1994,1.56971
civ,1995,2.38791
civ,1996,1.87612
civ,1997,1.70746
civ,1998,1.40519
civ,1999,1.20935
civ,2000,1.2833
civ,2001,1.4369
civ,2002,1.18107
civ,2003,1.38937
civ,2004,0.83324
civ,2005,0.64842
civ,2006,0.7587
civ,2007,0.89098
civ,2008,0.97529
civ,2009,1.24104
civ,2010,0.945
civ,2011,0.82357
civ,2012,0.81727
civ,2013,0.64987
civ,2014,0.79478
cmr,1971,3.33766
cmr,1972,3.34958
cmr,1973,3.26199
cmr,1974,3.53756
cmr,1975,3.66877
cmr,1976,3.50636
cmr,1977,3.19569
cmr,1978,3.17954
cmr,1979,3.18339
cmr,1980,3.21136
cmr,1981,4.05643
cmr,1982,4.36671
cmr,1983,4.32263
cmr,1984,4.36485
cmr,1985,4.60702
cmr,1986,4.62148
cmr,1987,4.57412
cmr,1988,4.65211
cmr,1989,4.6471
cmr,1990,3.98736
cmr,1991,3.93376
cmr,1992,3.94286
cmr,1993,3.97628
cmr,1994,3.4558
cmr,1995,3.34367
cmr,1996,3.46723
cmr,1997,3.66649
cmr,1998,3.57707
cmr,1999,3.76319
cmr,2000,3.66415
cmr,2001,3.47845
cmr,2002,3.2191
cmr,2003,3.39922
cmr,2004,3.88317
cmr,2005,3.79673
cmr,2006,4.13127
cmr,2007,4.19734
cmr,2008,4.66722
cmr,2009,4.02699
cmr,2010,4.33511
cmr,2011,4.53711
cmr,2012,4.56761
cmr,2013,4.56647
cmr,2014,4.60076
cod,1971,4.42559
cod,1972,4.31411
cod,1973,4.57001
cod,1974,4.00716
cod,1975,4.26613
cod,1976,4.54338
cod,1977,4.46787
cod,1978,4.27717
cod,1979,4.06628
cod,1980,4.31012
cod,1981,4.03721
cod,1982,3.98688
cod,1983,4.06632
cod,1984,4.05616
cod,1985,4.34361
cod,1986,4.4551
cod,1987,4.26732
cod,1988,4.11995
cod,1989,5.29367
cod,1990,1.49347
cod,1991,1.62763
cod,1992,1.70769
cod,1993,1.90069
cod,1994,1.39209
cod,1995,1.38086
cod,1996,1.31347
cod,1997,1.29098
cod,1998,1.26291
cod,1999,1.32059
cod,2000,2.80182
cod,2001,2.75651
cod,2002,2.57318
cod,2003,2.57408
cod,2004,2.49308
cod,2005,2.51772
cod,2006,2.83788
cod,2007,2.9092
cod,2008,2.78632
cod,2009,2.9565
cod,2010,2.68416
cod,2011,2.71033
cod,2012,2.41948
cod,2013,2.26762
cod,2014,2.35995
cog,1971,0.91324
cog,1972,1.0776
cog,1973,0.80742
cog,1974,0.87101
cog,1975,0.90192
cog,1976,0.89431
cog,1977,0.71618
cog,1978,0.158
cog,1979,1.10694
cog,1980,1.3876
cog,1981,1.38646
cog,1982,2.20887
cog,1983,2.62924
cog,1984,2.93948
cog,1985,3.27343
cog,1986,3.06388
cog,1987,3.12715
cog,1988,3.3402
cog,1989,4.41968
cog,1990,3.75655
cog,1991,4.05918
cog,1992,3.98671
cog,1993,3.48612
cog,1994,3.95374
cog,1995,3.57101
cog,1996,3.92995
cog,1997,3.42221
cog,1998,2.71977
cog,1999,1.53409
cog,2000,3.06678
cog,2001,2.87479
cog,2002,3.29383
cog,2003,2.35339
cog,2004,2.17772
cog,2005,2.2318
cog,2006,1.9416
cog,2007,2.35964
cog,2008,2.24156
cog,2009,1.64511
cog,2010,1.40317
cog,2011,1.42794
cog,2012,1.54538
cog,2013,1.49282
cog,2014,1.42871
col,1971,4.1368
col,1972,4.52692
col,1973,4.89571
col,1974,5.15256
col,1975,4.95925
col,1976,4.92792
col,1977,5.43896
col,1978,6.30628
col,1979,7.09492
col,1980,6.93837
col,1981,6.85275
col,1982,7.04886
col,1983,6.89071
col,1984,7.44826
col,1985,7.89156
col,1986,8.38538
col,1987,8.842
col,1988,9.04426
col,1989,9.81134
col,1990,7.21403
col,1991,7.28469
col,1992,6.73655
col,1993,7.51372
col,1994,8.19123
col,1995,8.17525
col,1996,9.01413
col,1997,7.83885
col,1998,7.07791
col,1999,8.45476
col,2000,8.26017
col,2001,8.61687
col,2002,9.1098
col,2003,9.55054
col,2004,10.2967
col,2005,9.78572
col,2006,9.77152
col,2007,10.34505
col,2008,10.38188
col,2009,9.34038
col,2010,8.85051
col,2011,11.00554
col,2012,10.59687
col,2013,8.97407
col,2014,9.20354
cri,1971,10.94141
cri,1972,10.94287
cri,1973,10.35846
cri,1974,11.68515
cri,1975,11.19205
cri,1976,12.41722
cri,1977,9.84211
cri,1978,10.05468
cri,1979,10.68788
cri,1980,14.50757
cri,1981,16.65274
cri,1982,17.8411
cri,1983,21.16746
cri,1984,21.03941
cri,1985,18.75265
cri,1986,18.76459
cri,1987,18.27333
cri,1988,18.11102
cri,1989,17.77464
cri,1990,16.50916
cri,1991,15.58029
cri,1992,11.27383
cri,1993,12.76954
cri,1994,14.0462
cri,1995,13.04853
cri,1996,14.5996
cri,1997,16.30141
cri,1998,16.92923
cri,1999,17.38631
cri,2000,17.02833
cri,2001,17.61906
cri,2002,17.53906
cri,2003,17.18729
cri,2004,15.41095
cri,2005,15.73913
cri,2006,14.96695
cri,2007,14.31986
cri,2008,14.50956
cri,2009,14.71018
cri,2010,14.55191
cri,2011,14.39199
cri,2012,14.76654
cri,2013,13.98906
cri,2014,14.20871
cub,1971,0.0902
cub,1972,0.06302
cub,1973,0.04943
cub,1974,0.067
cub,1975,0.0462
cub,1976,0.03701
cub,1977,0.04688
cub,1978,0.05031
cub,1979,0.06148
cub,1980,0.05697
cub,1981,0.03504
cub,1982,0.02478
cub,1983,0.03445
cub,1984,0.03912
cub,1985,0.03036
cub,1986,0.03329
cub,1987,0.02382
cub,1988,0.03762
cub,1989,0.03851
cub,1990,0.03575
cub,1991,0.04914
cub,1992,0.04303
cub,1993,0.05051
cub,1994,0.02891
cub,1995,0.04295
cub,1996,0.05097
cub,1997,0.06799
cub,1998,0.05463
cub,1999,0.05683
cub,2000,0.04691
cub,2001,0.04058
cub,2002,0.06153
cub,2003,0.07502
cub,2004,0.05265
cub,2005,0.04317
cub,2006,0.0596
cub,2007,0.08189
cub,2008,0.09344
cub,2009,0.0964
cub,2010,0.06022
cub,2011,0.07011
cub,2012,0.07603
cub,2013,0.09174
cub,2014,0.0854
cyp,1971,0
cyp,1972,0
cyp,1973,0
cyp,1974,0
cyp,1975,0
cyp,1976,0
cyp,1977,0
cyp,1978,0
cyp,1979,0
cyp,1980,0
cyp,1981,0
cyp,1982,0
cyp,1983,0
cyp,1984,0
cyp,1985,0
cyp,1986,0
cyp,1987,0
cyp,1988,0
cyp,1989,0
cyp,1990,0
cyp,1991,0
cyp,1992,0
cyp,1993,0
cyp,1994,0
cyp,1995,1.82883
cyp,1996,1.70187
cyp,1997,1.79119
cyp,1998,1.71706
cyp,1999,1.75374
cyp,2000,1.6606
cyp,2001,1.62759
cyp,2002,1.6424
cyp,2003,1.54952
cyp,2004,1.81275
cyp,2005,1.8643
cyp,2006,1.87822
cyp,2007,2.21872
cyp,2008,2.22607
cyp,2009,2.46991
cyp,2010,2.86477
cyp,2011,3.52122
cyp,2012,4.22991
cyp,2013,5.28515
cyp,2014,5.22696
cze,1971,0.22891
cze,1972,0.23877
cze,1973,0.20586
cze,1974,0.37336
cze,1975,0.35712
cze,1976,0.27669
cze,1977,0.35209
cze,1978,0.34688
cze,1979,0.40739
cze,1980,0.43934
cze,1981,0.3767
cze,1982,0.30049
cze,1983,0.40535
cze,1984,0.88722
cze,1985,1.5602
cze,1986,3.52368
cze,1987,5.82536
cze,1988,6.45581
cze,1989,6.87867
cze,1990,6.78236
cze,1991,7.21666
cze,1992,7.54596
cze,1993,8.06349
cze,1994,8.57907
cze,1995,8.08106
cze,1996,8.19049
cze,1997,7.91148
cze,1998,8.54999
cze,1999,9.35899
cze,2000,9.03252
cze,2001,9.57106
cze,2002,11.97219
cze,2003,15.50635
cze,2004,15.55192
cze,2005,14.8696
cze,2006,15.3143
cze,2007,15.32108
cze,2008,15.94425
cze,2009,17.52324
cze,2010,17.32153
cze,2011,18.44055
cze,2012,19.9385
cze,2013,20.77952
cze,2014,20.84885
cze,2015,18.95657
deu,1960,0.72791
deu,1961,0.7049
deu,1962,0.64019
deu,1963,0.57337
deu,1964,0.55557
deu,1965,0.69581
deu,1966,0.78097
deu,1967,0.89013
deu,1968,0.91092
deu,1969,1.11796
deu,1970,1.0602
deu,1971,0.91036
deu,1972,1.14407
deu,1973,1.33403
deu,1974,1.60952
deu,1975,2.47425
deu,1976,2.62948
deu,1977,3.61826
deu,1978,3.71618
deu,1979,4.14075
deu,1980,4.51743
deu,1981,5.45564
deu,1982,6.33867
deu,1983,6.5994
deu,1984,8.33385
deu,1985,10.55713
deu,1986,10.00773
deu,1987,10.79826
deu,1988,11.80781
deu,1989,12.32681
deu,1990,11.83499
deu,1991,11.60941
deu,1992,12.75904
deu,1993,12.48947
deu,1994,12.40637
deu,1995,12.51982
deu,1996,12.64078
deu,1997,13.4629
deu,1998,12.9276
deu,1999,13.98918
deu,2000,14.01752
deu,2001,13.85773
deu,2002,13.89199
deu,2003,13.95402
deu,2004,14.22954
deu,2005,14.15924
deu,2006,14.2771
deu,2007,13.45919
deu,2008,13.9198
deu,2009,13.85046
deu,2010,13.94373
deu,2011,12.57136
deu,2012,12.28452
deu,2013,12.20877
deu,2014,12.98205
deu,2015,12.86362
dnk,1960,0.02441
dnk,1961,0.02396
dnk,1962,0.02095
dnk,1963,0.01834
dnk,1964,0.01751
dnk,1965,0.016
dnk,1966,0.01519
dnk,1967,0.01453
dnk,1968,0.01159
dnk,1969,0.01045
dnk,1970,0.01054
dnk,1971,0.01115
dnk,1972,0.01072
dnk,1973,0.01087
dnk,1974,0.01172
dnk,1975,0.01181
dnk,1976,0.01086
dnk,1977,0.00971
dnk,1978,0.01257
dnk,1979,0.01714
dnk,1980,0.02467
dnk,1981,0.02874
dnk,1982,0.03192
dnk,1983,0.03953
dnk,1984,0.03913
dnk,1985,0.04327
dnk,1986,0.07553
dnk,1987,0.09658
dnk,1988,0.15741
dnk,1989,0.2445
dnk,1990,1.26729
dnk,1991,1.18879
dnk,1992,1.41814
dnk,1993,1.48807
dnk,1994,1.38108
dnk,1995,1.6101
dnk,1996,1.36035
dnk,1997,1.88182
dnk,1998,2.28073
dnk,1999,2.68271
dnk,2000,3.51788
dnk,2001,3.47674
dnk,2002,3.75657
dnk,2003,3.5774
dnk,2004,4.45037
dnk,2005,5.08061
dnk,2006,3.9762
dnk,2007,4.86686
dnk,2008,5.2044
dnk,2009,5.09481
dnk,2010,4.99499
dnk,2011,6.63367
dnk,2012,7.85953
dnk,2013,7.65236
dnk,2014,9.89183
dnk,2015,11.74895
dom,1971,1.96943
dom,1972,1.81503
dom,1973,1.58995
dom,1974,1.43123
dom,1975,1.19196
dom,1976,2.10957
dom,1977,1.2038
dom,1978,1.9153
dom,1979,2.05134
dom,1980,1.39717
dom,1981,3.30835
dom,1982,1.98608
dom,1983,2.0953
dom,1984,2.44021
dom,1985,2.90522
dom,1986,3.39083
dom,1987,3.3153
dom,1988,3.72251
dom,1989,1.08435
dom,1990,0.6275
dom,1991,0.93939
dom,1992,0.6958
dom,1993,1.52079
dom,1994,0.62387
dom,1995,0.66765
dom,1996,0.9923
dom,1997,0.63677
dom,1998,1.33647
dom,1999,1.92159
dom,2000,1.21764
dom,2001,1.03406
dom,2002,1.25193
dom,2003,1.836
dom,2004,2.36061
dom,2005,2.57066
dom,2006,2.3317
dom,2007,2.18388
dom,2008,1.80939
dom,2009,1.93708
dom,2010,1.82807
dom,2011,1.99259
dom,2012,2.37097
dom,2013,2.99589
dom,2014,2.34366
dza,1971,0.81918
dza,1972,1.0588
dza,1973,1.34109
dza,1974,0.82411
dza,1975,0.51096
dza,1976,0.53097
dza,1977,0.32803
dza,1978,0.2476
dza,1979,0.2275
dza,1980,0.19725
dza,1981,0.25838
dza,1982,0.25959
dza,1983,0.11785
dza,1984,0.2287
dza,1985,0.31309
dza,1986,0.10727
dza,1987,0.21681
dza,1988,0.07532
dza,1989,0.09381
dza,1990,0.04004
dza,1991,0.07819
dza,1992,0.05342
dza,1993,0.0886
dza,1994,0.04324
dza,1995,0.05037
dza,1996,0.036
dza,1997,0.01896
dza,1998,0.05181
dza,1999,0.04646
dza,2000,0.01259
dza,2001,0.0162
dza,2002,0.01271
dza,2003,0.05689
dza,2004,0.05238
dza,2005,0.11572
dza,2006,0.04056
dza,2007,0.0397
dza,2008,0.04861
dza,2009,0.0468
dza,2010,0.02732
dza,2011,0.07229
dza,2012,0.08268
dza,2013,0.04298
dza,2014,0.03011
ecu,1971,1.69161
ecu,1972,1.65085
ecu,1973,1.59072
ecu,1974,1.50912
ecu,1975,1.71893
ecu,1976,1.48876
ecu,1977,1.14554
ecu,1978,1.57662
ecu,1979,1.33856
ecu,1980,1.50096
ecu,1981,1.28907
ecu,1982,1.37568
ecu,1983,2.85322
ecu,1984,5.00564
ecu,1985,5.02178
ecu,1986,6.17036
ecu,1987,6.86383
ecu,1988,6.9212
ecu,1989,7.43101
ecu,1990,5.11273
ecu,1991,4.95055
ecu,1992,4.83501
ecu,1993,5.94303
ecu,1994,6.26203
ecu,1995,4.29347
ecu,1996,4.99604
ecu,1997,4.93621
ecu,1998,4.78139
ecu,1999,5.8338
ecu,2000,5.55671
ecu,2001,4.77657
ecu,2002,5.41358
ecu,2003,5.58207
ecu,2004,5.56265
ecu,2005,5.43717
ecu,2006,5.43547
ecu,2007,5.48113
ecu,2008,8.23199
ecu,2009,5.6894
ecu,2010,5.46704
ecu,2011,6.82141
ecu,2012,7.28161
ecu,2013,6.34285
ecu,2014,6.21358
egy,1971,5.55853
egy,1972,5.15819
egy,1973,5.53713
egy,1974,5.87029
egy,1975,5.96343
egy,1976,6.03436
egy,1977,6.2407
egy,1978,6.2445
egy,1979,5.79131
egy,1980,5.58389
egy,1981,4.99431
egy,1982,4.67603
egy,1983,3.94979
egy,1984,3.4953
egy,1985,2.90394
egy,1986,3.02868
egy,1987,2.65166
egy,1988,2.69183
egy,1989,2.79767
egy,1990,2.26902
egy,1991,2.26194
egy,1992,2.1515
egy,1993,2.23967
egy,1994,2.46578
egy,1995,2.39407
egy,1996,2.3752
egy,1997,2.39133
egy,1998,2.26796
egy,1999,2.63531
egy,2000,2.42499
egy,2001,2.40542
egy,2002,1.98556
egy,2003,1.97352
egy,2004,1.80271
egy,2005,1.56399
egy,2006,1.52923
egy,2007,1.7206
egy,2008,1.58192
egy,2009,1.39227
egy,2010,1.49447
egy,2011,1.45792
egy,2012,1.37238
egy,2013,1.46594
egy,2014,1.49972
eri,1992,0
eri,1993,0
eri,1994,0
eri,1995,0
eri,1996,0
eri,1997,0.00826
eri,1998,0.01271
eri,1999,0.01226
eri,2000,0.01215
eri,2001,0.01159
eri,2002,0.01149
eri,2003,0.01073
eri,2004,0.01157
eri,2005,0.01129
eri,2006,0.02478
eri,2007,0.02399
eri,2008,0.0255
eri,2009,0.02383
eri,2010,0.02322
eri,2011,0.02264
eri,2012,0.02199
eri,2013,0.02156
eri,2014,0.02112
esp,1960,8.31403
esp,1961,8.01788
esp,1962,7.36191
esp,1963,9.31614
esp,1964,8.21608
esp,1965,7.41331
esp,1966,9.18235
esp,1967,6.76418
esp,1968,6.44007
esp,1969,8.11226
esp,1970,6.92239
esp,1971,7.96524
esp,1972,9.56525
esp,1973,8.12863
esp,1974,8.07096
esp,1975,7.31891
esp,1976,6.10673
esp,1977,8.4221
esp,1978,8.41994
esp,1979,8.71978
esp,1980,5.75061
esp,1981,6.37397
esp,1982,6.80455
esp,1983,7.50625
esp,1984,12.55082
esp,1985,14.10179
esp,1986,16.63567
esp,1987,17.68098
esp,1988,20.20798
esp,1989,18.49295
esp,1990,17.74761
esp,1991,17.60981
esp,1992,16.73485
esp,1993,17.97776
esp,1994,17.1761
esp,1995,16.11094
esp,1996,17.81789
esp,1997,16.17017
esp,1998,16.29231
esp,1999,14.91444
esp,2000,15.38038
esp,2001,16.19744
esp,2002,14.60536
esp,2003,15.10141
esp,2004,14.46223
esp,2005,12.69252
esp,2006,13.70777
esp,2007,12.93019
esp,2008,14.25535
esp,2009,14.97964
esp,2010,18.37507
esp,2011,17.38914
esp,2012,18.74941
esp,2013,20.81276
esp,2014,21.6005
esp,2015,19.97538
est,1990,0
est,1991,0
est,1992,0.00064
est,1993,0.00079
est,1994,0.00838
est,1995,0.02847
est,1996,0.01761
est,1997,0.01966
est,1998,0.02685
est,1999,0.04089
est,2000,0.02992
est,2001,0.03237
est,2002,0.0249
est,2003,0.0342
est,2004,0.04208
est,2005,0.11485
est,2006,0.14656
est,2007,0.12905
est,2008,0.20273
est,2009,0.33946
est,2010,0.29659
est,2011,0.34912
est,2012,0.46163
est,2013,0.47377
est,2014,0.61787
est,2015,0.93324
eth,1971,0.18794
eth,1972,0.1879
eth,1973,0.19458
eth,1974,0.19826
eth,1975,0.19528
eth,1976,0.19961
eth,1977,0.20347
eth,1978,0.21685
eth,1979,0.23068
eth,1980,0.2493
eth,1981,0.25463
eth,1982,0.28408
eth,1983,0.29906
eth,1984,0.31818
eth,1985,0.30157
eth,1986,0.30924
eth,1987,0.2995
eth,1988,0.28653
eth,1989,0.28039
eth,1990,0.30051
eth,1991,0.30339
eth,1992,0.32236
eth,1993,0.33166
eth,1994,0.34881
eth,1995,0.36215
eth,1996,0.37288
eth,1997,0.38115
eth,1998,0.3793
eth,1999,0.372
eth,2000,0.37982
eth,2001,0.37541
eth,2002,0.42688
eth,2003,0.44835
eth,2004,0.48678
eth,2005,0.54214
eth,2006,0.57942
eth,2007,0.58094
eth,2008,0.58373
eth,2009,0.59934
eth,2010,0.76882
eth,2011,0.84733
eth,2012,0.99869
eth,2013,1.1141
eth,2014,1.18367
fin,1960,4.65627
fin,1961,6.86569
fin,1962,7.9209
fin,1963,6.42188
fin,1964,5.88452
fin,1965,6.10414
fin,1966,6.35766
fin,1967,6.94533
fin,1968,5.83291
fin,1969,4.43373
fin,1970,4.46378
fin,1971,5.03036
fin,1972,4.56873
fin,1973,4.29946
fin,1974,5.28268
fin,1975,5.3043
fin,1976,3.84996
fin,1977,8.10918
fin,1978,7.61642
fin,1979,11.38207
fin,1980,11.01102
fin,1981,21.09254
fin,1982,23.70039
fin,1983,24.70041
fin,1984,25.26264
fin,1985,23.33168
fin,1986,22.37171
fin,1987,21.45061
fin,1988,22.58323
fin,1989,21.34027
fin,1990,21.2462
fin,1991,21.70941
fin,1992,23.49175
fin,1993,22.43206
fin,1994,19.99537
fin,1995,21.25716
fin,1996,19.53939
fin,1997,20.27113
fin,1998,21.67603
fin,1999,22.15736
fin,2000,22.50488
fin,2001,21.63237
fin,2002,19.64866
fin,2003,18.45521
fin,2004,19.52613
fin,2005,21.97285
fin,2006,19.02828
fin,2007,20.44217
fin,2008,21.79428
fin,2009,22.29606
fin,2010,19.82242
fin,2011,21.00951
fin,2012,23.26401
fin,2013,23.1516
fin,2014,23.17087
fin,2015,25.35131
fra,1960,4.48655
fra,1961,4.12445
fra,1962,3.63612
fra,1963,4.05378
fra,1964,3.11523
fra,1965,4.0964
fra,1966,4.593
fra,1967,4.10069
fra,1968,4.38361
fra,1969,4.49841
fra,1970,4.17651
fra,1971,4.21163
fra,1972,4.80921
fra,1973,4.43684
fra,1974,4.99992
fra,1975,6.04588
fra,1976,4.73014
fra,1977,6.53714
fra,1978,7.52792
fra,1979,8.42611
fra,1980,11.47264
fra,1981,18.00517
fra,1982,18.89133
fra,1983,23.27991
fra,1984,28.6122
fra,1985,31.33913
fra,1986,34.67537
fra,1987,35.55924
fra,1988,37.19756
fra,1989,37.92263
fra,1990,38.27005
fra,1991,38.19109
fra,1992,39.97633
fra,1993,42.47348
fra,1994,43.58894
fra,1995,43.60604
fra,1996,43.20529
fra,1997,44.33669
fra,1998,42.29555
fra,1999,43.27838
fra,2000,44.90991
fra,2001,44.24396
fra,2002,45.36569
fra,2003,44.99674
fra,2004,45.08325
fra,2005,44.93596
fra,2006,45.68904
fra,2007,45.28241
fra,2008,45.28582
fra,2009,44.23737
fra,2010,44.97926
fra,2011,47.72008
fra,2012,46.45041
fra,2013,46.44612
fra,2014,49.59042
fra,2015,49.06154
gab,1971,0
gab,1972,0.04108
gab,1973,0.02982
gab,1974,0.54656
gab,1975,0.94699
gab,1976,1.1185
gab,1977,1.90593
gab,1978,1.65146
gab,1979,1.95386
gab,1980,1.6272
gab,1981,2.29796
gab,1982,2.63865
gab,1983,2.88141
gab,1984,3.45417
gab,1985,4.2181
gab,1986,4.38576
gab,1987,4.65565
gab,1988,4.47225
gab,1989,4.57201
gab,1990,4.06154
gab,1991,3.93152
gab,1992,3.6741
gab,1993,3.45968
gab,1994,3.61185
gab,1995,3.37542
gab,1996,3.35116
gab,1997,3.49097
gab,1998,3.41253
gab,1999,3.66518
gab,2000,3.53168
gab,2001,3.59662
gab,2002,3.13382
gab,2003,2.59895
gab,2004,2.22293
gab,2005,1.74883
gab,2006,1.80878
gab,2007,1.3745
gab,2008,1.39689
gab,2009,1.34878
gab,2010,1.15332
gab,2011,1.32934
gab,2012,1.62705
gab,2013,1.24189
gab,2014,1.2121
gbr,1960,0.53534
gbr,1961,0.63157
gbr,1962,0.78769
gbr,1963,1.13262
gbr,1964,1.40396
gbr,1965,2.37813
gbr,1966,3.1067
gbr,1967,3.50502
gbr,1968,3.79199
gbr,1969,3.98859
gbr,1970,3.49302
gbr,1971,3.57873
gbr,1972,3.78087
gbr,1973,3.49793
gbr,1974,4.33811
gbr,1975,4.1275
gbr,1976,4.79024
gbr,1977,5.18285
gbr,1978,4.863
gbr,1979,4.76761
gbr,1980,5.03098
gbr,1981,5.33718
gbr,1982,6.19377
gbr,1983,7.04358
gbr,1984,7.57747
gbr,1985,8.10445
gbr,1986,7.7506
gbr,1987,7.17569
gbr,1988,8.17846
gbr,1989,9.23508
gbr,1990,8.57642
gbr,1991,8.8714
gbr,1992,9.70795
gbr,1993,11.09933
gbr,1994,10.93078
gbr,1995,10.99543
gbr,1996,11.16129
gbr,1997,11.93573
gbr,1998,12.02756
gbr,1999,11.51662
gbr,2000,10.30179
gbr,2001,10.8263
gbr,2002,10.8489
gbr,2003,10.72916
gbr,2004,9.86697
gbr,2005,10.06673
gbr,2006,9.54184
gbr,2007,8.43664
gbr,2008,7.32701
gbr,2009,10.06987
gbr,2010,8.83241
gbr,2011,10.80807
gbr,2012,10.90852
gbr,2013,11.434
gbr,2014,11.58129
gbr,2015,13.12042
geo,1990,5.17088
geo,1991,6.0435
geo,1992,5.62684
geo,1993,6.47978
geo,1994,10.52569
geo,1995,9.73656
geo,1996,9.69758
geo,1997,12.58461
geo,1998,14.81191
geo,1999,16.49479
geo,2000,15.08033
geo,2001,14.46483
geo,2002,17.41341
geo,2003,16.86278
geo,2004,16.25658
geo,2005,16.39286
geo,2006,12.19405
geo,2007,12.76823
geo,2008,14.94396
geo,2009,15.5187
geo,2010,20.04376
geo,2011,15.46945
geo,2012,14.3971
geo,2013,16.8111
geo,2014,15.74637
gha,1971,8.34908
gha,1972,9.01093
gha,1973,9.89635
gha,1974,9.92607
gha,1975,9.27993
gha,1976,9.80097
gha,1977,9.72025
gha,1978,8.25124
gha,1979,10.18731
gha,1980,11.27721
gha,1981,10.91165
gha,1982,9.81881
gha,1983,5.96829
gha,1984,3.94267
gha,1985,5.90235
gha,1986,8.30793
gha,1987,8.19872
gha,1988,8.61511
gha,1989,8.69308
gha,1990,7.26387
gha,1991,7.45006
gha,1992,7.72848
gha,1993,7.70787
gha,1994,7.02828
gha,1995,8.11187
gha,1996,8.73634
gha,1997,8.00917
gha,1998,4.22963
gha,1999,5.88631
gha,2000,7.98258
gha,2001,7.51535
gha,2002,5.89843
gha,2003,4.40233
gha,2004,5.8179
gha,2005,6.37279
gha,2006,5.95457
gha,2007,4.0927
gha,2008,6.31794
gha,2009,6.05052
gha,2010,5.47996
gha,2011,5.81715
gha,2012,5.99735
gha,2013,5.82306
gha,2014,5.86865
gib,1971,0
gib,1972,0
gib,1973,0
gib,1974,0
gib,1975,0
gib,1976,0
gib,1977,0
gib,1978,0
gib,1979,0
gib,1980,0
gib,1981,0
gib,1982,0
gib,1983,0
gib,1984,0
gib,1985,0
gib,1986,0
gib,1987,0
gib,1988,0
gib,1989,0
gib,1990,0
gib,1991,0
gib,1992,0
gib,1993,0
gib,1994,0
gib,1995,0
gib,1996,0
gib,1997,0
gib,1998,0
gib,1999,0
gib,2000,0
gib,2001,0
gib,2002,0
gib,2003,0
gib,2004,0
gib,2005,0
gib,2006,0
gib,2007,0
gib,2008,0
gib,2009,0
gib,2010,0
gib,2011,0
gib,2012,0
gib,2013,0
gib,2014,0
grc,1960,1.66048
grc,1961,1.84493
grc,1962,1.87833
grc,1963,2.3355
grc,1964,1.8413
grc,1965,1.68281
grc,1966,3.15656
grc,1967,2.70515
grc,1968,2.06411
grc,1969,2.77665
grc,1970,2.95399
grc,1971,2.6245
grc,1972,2.28243
grc,1973,1.61863
grc,1974,1.79265
grc,1975,1.47553
grc,1976,1.26883
grc,1977,1.20834
grc,1978,1.78638
grc,1979,2.01001
grc,1980,1.9545
grc,1981,2.00064
grc,1982,2.03497
grc,1983,1.27808
grc,1984,1.50493
grc,1985,1.37441
grc,1986,1.6676
grc,1987,1.33468
grc,1988,1.0658
grc,1989,1.01872
grc,1990,0.85892
grc,1991,1.31966
grc,1992,1.03827
grc,1993,1.10775
grc,1994,1.18842
grc,1995,1.4929
grc,1996,1.73205
grc,1997,1.56957
grc,1998,1.45909
grc,1999,1.69418
grc,2000,1.43802
grc,2001,1.12855
grc,2002,1.29893
grc,2003,1.81624
grc,2004,1.86707
grc,2005,1.95185
grc,2006,2.32899
grc,2007,1.72917
grc,2008,2.07668
grc,2009,2.82164
grc,2010,3.7683
grc,2011,3.11545
grc,2012,3.69539
grc,2013,5.63723
grc,2014,5.41765
grc,2015,6.20248
gtm,1971,0.8177
gtm,1972,0.68009
gtm,1973,0.68026
gtm,1974,0.71316
gtm,1975,0.73298
gtm,1976,0.75531
gtm,1977,0.53251
gtm,1978,0.62882
gtm,1979,0.57602
gtm,1980,0.53065
gtm,1981,0.67148
gtm,1982,0.94441
gtm,1983,1.61576
gtm,1984,1.15271
gtm,1985,1.26377
gtm,1986,3.29072
gtm,1987,3.0806
gtm,1988,3.19943
gtm,1989,3.47939
gtm,1990,3.03074
gtm,1991,2.97814
gtm,1992,2.12621
gtm,1993,2.46918
gtm,1994,2.49214
gtm,1995,2.56408
gtm,1996,2.67705
gtm,1997,2.59915
gtm,1998,2.3462
gtm,1999,2.28722
gtm,2000,1.96062
gtm,2001,1.89757
gtm,2002,1.63125
gtm,2003,2.62986
gtm,2004,2.37748
gtm,2005,2.57157
gtm,2006,3.15633
gtm,2007,2.72953
gtm,2008,3.4438
gtm,2009,2.52262
gtm,2010,2.95036
gtm,2011,2.90598
gtm,2012,3.00498
gtm,2013,2.9027
gtm,2014,2.56506
hkg,1971,0
hkg,1972,0
hkg,1973,0
hkg,1974,0
hkg,1975,0
hkg,1976,0
hkg,1977,0
hkg,1978,0
hkg,1979,0
hkg,1980,0
hkg,1981,0
hkg,1982,0
hkg,1983,0
hkg,1984,0
hkg,1985,0
hkg,1986,0
hkg,1987,0
hkg,1988,0
hkg,1989,0
hkg,1990,0
hkg,1991,0
hkg,1992,0
hkg,1993,0
hkg,1994,0
hkg,1995,0
hkg,1996,0
hkg,1997,0
hkg,1998,0
hkg,1999,0
hkg,2000,0
hkg,2001,0
hkg,2002,0
hkg,2003,0
hkg,2004,0
hkg,2005,0
hkg,2006,0.00068
hkg,2007,0.00063
hkg,2008,0.00066
hkg,2009,0.00063
hkg,2010,0.06393
hkg,2011,0.05023
hkg,2012,0.06092
hkg,2013,0.06372
hkg,2014,0.07047
hnd,1971,1.49819
hnd,1972,1.84038
hnd,1973,2.09279
hnd,1974,2.296
hnd,1975,2.34556
hnd,1976,2.31919
hnd,1977,2.37933
hnd,1978,3.19995
hnd,1979,3.545
hnd,1980,3.5954
hnd,1981,3.79659
hnd,1982,3.61424
hnd,1983,3.62051
hnd,1984,3.72351
hnd,1985,5.60815
hnd,1986,5.98055
hnd,1987,6.93985
hnd,1988,7.20413
hnd,1989,7.26024
hnd,1990,6.39315
hnd,1991,6.24598
hnd,1992,5.45069
hnd,1993,5.37359
hnd,1994,4.18235
hnd,1995,3.71282
hnd,1996,4.73265
hnd,1997,4.59865
hnd,1998,3.99461
hnd,1999,5.13267
hnd,2000,5.69752
hnd,2001,4.40194
hnd,2002,3.56716
hnd,2003,3.4545
hnd,2004,2.52478
hnd,2005,2.74154
hnd,2006,3.29745
hnd,2007,3.14357
hnd,2008,3.34262
hnd,2009,4.10344
hnd,2010,4.36748
hnd,2011,3.54795
hnd,2012,3.59653
hnd,2013,3.40722
hnd,2014,3.32795
hrv,1990,5.49149
hrv,1991,7.98237
hrv,1992,5.33983
hrv,1993,4.9597
hrv,1994,6.74386
hrv,1995,6.68628
hrv,1996,7.71297
hrv,1997,6.36928
hrv,1998,5.69769
hrv,1999,6.5364
hrv,2000,6.96585
hrv,2001,6.68077
hrv,2002,5.63348
hrv,2003,4.8219
hrv,2004,6.7571
hrv,2005,6.89839
hrv,2006,6.90371
hrv,2007,5.02478
hrv,2008,6.52608
hrv,2009,7.94074
hrv,2010,9.26996
hrv,2011,7.07337
hrv,2012,7.73815
hrv,2013,10.36005
hrv,2014,11.94383
hti,1971,0.15435
hti,1972,0.43837
hti,1973,0.45449
hti,1974,0.65449
hti,1975,0.86281
hti,1976,0.80446
hti,1977,0.70755
hti,1978,0.83731
hti,1979,0.82246
hti,1980,0.90832
hti,1981,1.23496
hti,1982,1.15778
hti,1983,0.91588
hti,1984,0.92108
hti,1985,0.98712
hti,1986,1.86793
hti,1987,1.82284
hti,1988,2.15824
hti,1989,2.19327
hti,1990,1.66641
hti,1991,1.2136
hti,1992,1.02029
hti,1993,0.8569
hti,1994,0.55104
hti,1995,0.51141
hti,1996,0.46152
hti,1997,0.40396
hti,1998,0.49386
hti,1999,0.75446
hti,2000,0.64407
hti,2001,0.5805
hti,2002,0.45318
hti,2003,0.45094
hti,2004,0.43598
hti,2005,0.39953
hti,2006,0.39639
hti,2007,0.1802
hti,2008,0.18673
hti,2009,0.21971
hti,2010,0.15573
hti,2011,0.06599
hti,2012,0.20918
hti,2013,0.12789
hti,2014,0.07397
hun,1965,0.04454
hun,1966,0.05835
hun,1967,0.04676
hun,1968,0.04952
hun,1969,0.04934
hun,1970,0.04231
hun,1971,0.04336
hun,1972,0.04838
hun,1973,0.04083
hun,1974,0.03163
hun,1975,0.06119
hun,1976,0.05793
hun,1977,0.04955
hun,1978,0.04154
hun,1979,0.04446
hun,1980,0.03398
hun,1981,0.05128
hun,1982,0.04855
hun,1983,2.37196
hun,1984,3.46471
hun,1985,5.7202
hun,1986,6.57333
hun,1987,9.3664
hun,1988,11.59342
hun,1989,12.05842
hun,1990,12.80779
hun,1991,13.45345
hun,1992,14.91461
hun,1993,14.40611
hun,1994,15.14127
hun,1995,14.54958
hun,1996,14.40978
hun,1997,14.49054
hun,1998,14.62909
hun,1999,14.9025
hun,2000,15.28152
hun,2001,14.8823
hun,2002,14.69325
hun,2003,11.45951
hun,2004,12.39889
hun,2005,13.57772
hun,2006,13.35943
hun,2007,14.87993
hun,2008,15.24102
hun,2009,16.95756
hun,2010,16.81556
hun,2011,17.34529
hun,2012,18.61434
hun,2013,19.08442
hun,2014,19.04897
hun,2015,18.45146
idn,1971,0.18969
idn,1972,0.15558
idn,1973,0.23218
idn,1974,0.23786
idn,1975,0.24946
idn,1976,0.21843
idn,1977,0.20001
idn,1978,0.2328
idn,1979,0.23047
idn,1980,0.20765
idn,1981,0.23897
idn,1982,0.4119
idn,1983,0.84265
idn,1984,0.87338
idn,1985,0.97573
idn,1986,1.14507
idn,1987,2.15969
idn,1988,2.84835
idn,1989,2.83359
idn,1990,0.51584
idn,1991,0.53785
idn,1992,0.66451
idn,1993,0.559
idn,1994,0.50672
idn,1995,0.53802
idn,1996,0.56052
idn,1997,0.40872
idn,1998,0.64518
idn,1999,0.6031
idn,2000,0.69761
idn,2001,0.79694
idn,2002,0.67734
idn,2003,0.63958
idn,2004,0.66229
idn,2005,0.70015
idn,2006,0.64857
idn,2007,0.73552
idn,2008,0.788
idn,2009,0.76466
idn,2010,0.94781
idn,2011,0.80018
idn,2012,0.78953
idn,2013,0.9049
idn,2014,0.83857
ind,1971,1.79208
ind,1972,1.69621
ind,1973,1.95084
ind,1974,1.7905
ind,1975,2.0644
ind,1976,2.14967
ind,1977,2.09939
ind,1978,2.56247
ind,1979,2.39055
ind,1980,2.39281
ind,1981,2.40386
ind,1982,2.1478
ind,1983,2.3171
ind,1984,2.42991
ind,1985,2.30277
ind,1986,2.32314
ind,1987,2.03184
ind,1988,2.32004
ind,1989,2.23427
ind,1990,2.00733
ind,1991,1.90685
ind,1992,1.89674
ind,1993,1.7674
ind,1994,1.95708
ind,1995,1.82652
ind,1996,1.76282
ind,1997,1.84809
ind,1998,2.03238
ind,1999,1.92046
ind,2000,1.98797
ind,2001,2.09169
ind,2002,1.98819
ind,2003,2.01883
ind,2004,2.02014
ind,2005,2.19469
ind,2006,2.37072
ind,2007,2.30284
ind,2008,2.04208
ind,2009,2.02089
ind,2010,2.35206
ind,2011,2.70431
ind,2012,2.526
ind,2013,2.72066
ind,2014,2.66772
irl,1960,2.14862
irl,1961,1.60916
irl,1962,1.41453
irl,1963,1.35812
irl,1964,1.5452
irl,1965,1.86028
irl,1966,1.55647
irl,1967,1.33614
irl,1968,1.20895
irl,1969,0.86582
irl,1970,1.15253
irl,1971,0.59654
irl,1972,0.88008
irl,1973,0.80176
irl,1974,0.9499
irl,1975,0.67408
irl,1976,0.74762
irl,1977,0.89051
irl,1978,0.82761
irl,1979,0.83081
irl,1980,0.87508
irl,1981,0.89717
irl,1982,0.83952
irl,1983,0.8221
irl,1984,0.71393
irl,1985,0.83035
irl,1986,0.89187
irl,1987,0.63415
irl,1988,0.82052
irl,1989,0.63836
irl,1990,0.52783
irl,1991,0.56557
irl,1992,0.62838
irl,1993,0.5965
irl,1994,0.66758
irl,1995,0.52402
irl,1996,0.51672
irl,1997,0.52977
irl,1998,0.70858
irl,1999,0.66346
irl,2000,0.6649
irl,2001,0.55583
irl,2002,0.75444
irl,2003,0.69578
irl,2004,0.80626
irl,2005,1.09621
irl,2006,1.42916
irl,2007,1.52205
irl,2008,1.90038
irl,2009,2.32862
irl,2010,2.10765
irl,2011,3.39437
irl,2012,3.25738
irl,2013,3.69283
irl,2014,4.22177
irl,2015,4.80015
irn,1971,1.38784
irn,1972,1.86314
irn,1973,1.18418
irn,1974,1.19897
irn,1975,1.1124
irn,1976,1.12793
irn,1977,1.06783
irn,1978,1.63552
irn,1979,1.25185
irn,1980,1.26994
irn,1981,1.24993
irn,1982,1.10587
irn,1983,1.24566
irn,1984,0.99267
irn,1985,0.88736
irn,1986,1.19393
irn,1987,1.3064
irn,1988,1.11364
irn,1989,0.97641
irn,1990,0.62959
irn,1991,0.65984
irn,1992,0.83997
irn,1993,0.78615
irn,1994,0.52718
irn,1995,0.49229
irn,1996,0.52626
irn,1997,0.43127
irn,1998,0.42686
irn,1999,0.26571
irn,2000,0.20057
irn,2001,0.2546
irn,2002,0.38884
irn,2003,0.52175
irn,2004,0.45671
irn,2005,0.61265
irn,2006,0.6679
irn,2007,0.61881
irn,2008,0.16734
irn,2009,0.24437
irn,2010,0.32611
irn,2011,0.44158
irn,2012,0.61651
irn,2013,0.99101
irn,2014,0.90887
irq,1971,0.42835
irq,1972,0.40118
irq,1973,0.53606
irq,1974,0.68007
irq,1975,0.65109
irq,1976,0.52373
irq,1977,0.62446
irq,1978,0.68545
irq,1979,0.83803
irq,1980,0.6103
irq,1981,0.54548
irq,1982,0.51773
irq,1983,0.42942
irq,1984,0.41286
irq,1985,0.35638
irq,1986,0.32419
irq,1987,1.41511
irq,1988,1.1736
irq,1989,1.06518
irq,1990,1.0598
irq,1991,0.45712
irq,1992,0.24205
irq,1993,0.1598
irq,1994,0.13208
irq,1995,0.14039
irq,1996,0.13883
irq,1997,0.12004
irq,1998,0.16837
irq,1999,0.21792
irq,2000,0.185
irq,2001,0.17052
irq,2002,0.15002
irq,2003,0.13819
irq,2004,0.15912
irq,2005,1.44631
irq,2006,1.67501
irq,2007,1.27665
irq,2008,0.64553
irq,2009,0.55662
irq,2010,0.78638
irq,2011,0.51293
irq,2012,0.62774
irq,2013,0.63904
irq,2014,0.3307
isl,1960,27.87227
isl,1961,30.24331
isl,1962,30.78264
isl,1963,30.28998
isl,1964,31.83258
isl,1965,30.4089
isl,1966,31.23878
isl,1967,33.75934
isl,1968,34.48371
isl,1969,42.95602
isl,1970,45.65385
isl,1971,46.87148
isl,1972,49.82134
isl,1973,48.38619
isl,1974,48.06088
isl,1975,52.33503
isl,1976,54.92381
isl,1977,54.44677
isl,1978,55.55475
isl,1979,57.44932
isl,1980,60.402
isl,1981,66.17853
isl,1982,70.19317
isl,1983,71.54236
isl,1984,69.34681
isl,1985,70.73359
isl,1986,68.98927
isl,1987,68.12658
isl,1988,69.68234
isl,1989,69.8386
isl,1990,32.05086
isl,1991,34.67526
isl,1992,36.39272
isl,1993,34.70068
isl,1994,34.97703
isl,1995,35.71393
isl,1996,32.68145
isl,1997,35.30518
isl,1998,35.9692
isl,1999,35.17771
isl,2000,33.6664
isl,2001,36.07884
isl,2002,36.29085
isl,2003,36.25982
isl,2004,37.62791
isl,2005,37.49193
isl,2006,33.10789
isl,2007,31.84237
isl,2008,35.82463
isl,2009,35.21208
isl,2010,35.02221
isl,2011,33.23223
isl,2012,35.52822
isl,2013,34.83362
isl,2014,35.43315
isl,2015,37.51693
isr,1971,0
isr,1972,0
isr,1973,0
isr,1974,0
isr,1975,0
isr,1976,0
isr,1977,0
isr,1978,0
isr,1979,0
isr,1980,0
isr,1981,0.00236
isr,1982,0.00218
isr,1983,0.00117
isr,1984,0.00226
isr,1985,3.05033
isr,1986,3.26764
isr,1987,3.13077
isr,1988,3.00467
isr,1989,3.03461
isr,1990,3.1252
isr,1991,3.29918
isr,1992,3.02624
isr,1993,3.03504
isr,1994,2.98633
isr,1995,2.99066
isr,1996,3.05173
isr,1997,3.04922
isr,1998,3.12375
isr,1999,3.22517
isr,2000,3.28055
isr,2001,3.27544
isr,2002,3.50462
isr,2003,3.51164
isr,2004,3.78349
isr,2005,3.94175
isr,2006,3.62698
isr,2007,3.59909
isr,2008,4.66012
isr,2009,4.86869
isr,2010,4.88473
isr,2011,4.84752
isr,2012,4.69774
isr,2013,4.96383
isr,2014,5.19155
isr,2015,5.24532
ita,1960,14.41717
ita,1961,12.35076
ita,1962,10.47603
ita,1963,10.64415
ita,1964,9.7437
ita,1965,9.90582
ita,1966,9.35379
ita,1967,8.17099
ita,1968,7.36312
ita,1969,6.47738
ita,1970,6.09088
ita,1971,6.19363
ita,1972,6.02624
ita,1973,5.18636
ita,1974,5.15796
ita,1975,5.6976
ita,1976,5.17659
ita,1977,6.02434
ita,1978,5.71278
ita,1979,5.14889
ita,1980,5.16935
ita,1981,5.23052
ita,1982,6.16503
ita,1983,5.9398
ita,1984,6.18218
ita,1985,5.93113
ita,1986,6.2598
ita,1987,4.41067
ita,1988,4.40799
ita,1989,4.02054
ita,1990,2.20192
ita,1991,2.75649
ita,1992,2.79582
ita,1993,2.82186
ita,1994,3.01418
ita,1995,2.38571
ita,1996,2.64953
ita,1997,2.6142
ita,1998,2.55631
ita,1999,2.76502
ita,2000,2.68865
ita,2001,2.88077
ita,2002,2.52275
ita,2003,2.31867
ita,2004,2.59784
ita,2005,2.32841
ita,2006,2.43668
ita,2007,2.30201
ita,2008,2.77311
ita,2009,3.52143
ita,2010,3.74133
ita,2011,4.30942
ita,2012,4.89993
ita,2013,6.1319
ita,2014,7.06293
ita,2015,6.32722
jam,1971,0.53899
jam,1972,0.47288
jam,1973,0.29192
jam,1974,0.38425
jam,1975,0.4201
jam,1976,0.38899
jam,1977,0.39461
jam,1978,0.40061
jam,1979,0.38705
jam,1980,0.45294
jam,1981,0.46295
jam,1982,0.50725
jam,1983,0.64449
jam,1984,0.64301
jam,1985,0.74806
jam,1986,0.7362
jam,1987,0.59746
jam,1988,0.47348
jam,1989,0.47471
jam,1990,0.18244
jam,1991,0.23152
jam,1992,0.22601
jam,1993,0.20983
jam,1994,0.22622
jam,1995,0.2293
jam,1996,0.23118
jam,1997,0.24933
jam,1998,0.25112
jam,1999,0.2488
jam,2000,0.23686
jam,2001,0.12324
jam,2002,0.2061
jam,2003,0.24693
jam,2004,0.34058
jam,2005,0.40636
jam,2006,0.39847
jam,2007,0.38652
jam,2008,0.37047
jam,2009,0.40525
jam,2010,0.4829
jam,2011,0.513
jam,2012,0.6259
jam,2013,0.52849
jam,2014,0.56971
jor,1971,0
jor,1972,0
jor,1973,0
jor,1974,0
jor,1975,0
jor,1976,0
jor,1977,0
jor,1978,0
jor,1979,0
jor,1980,0
jor,1981,0
jor,1982,0
jor,1983,0
jor,1984,0
jor,1985,0
jor,1986,0.00919
jor,1987,0.05488
jor,1988,0.07869
jor,1989,0.04919
jor,1990,1.79731
jor,1991,1.73054
jor,1992,1.55521
jor,1993,1.5834
jor,1994,1.46325
jor,1995,1.38012
jor,1996,1.35204
jor,1997,1.3625
jor,1998,1.37568
jor,1999,1.40266
jor,2000,1.3968
jor,2001,1.42557
jor,2002,1.37412
jor,2003,1.33335
jor,2004,1.15495
jor,2005,1.07983
jor,2006,1.45155
jor,2007,1.45971
jor,2008,1.6319
jor,2009,1.67625
jor,2010,1.82191
jor,2011,1.91323
jor,2012,1.84871
jor,2013,1.93579
jor,2014,1.91773
jpn,1960,6.22362
jpn,1961,6.39676
jpn,1962,5.57887
jpn,1963,5.39096
jpn,1964,4.79633
jpn,1965,4.85898
jpn,1966,4.73606
jpn,1967,3.49197
jpn,1968,3.35744
jpn,1969,2.98992
jpn,1970,2.99519
jpn,1971,3.486
jpn,1972,3.42609
jpn,1973,2.6544
jpn,1974,3.82756
jpn,1975,4.52595
jpn,1976,5.00644
jpn,1977,4.4773
jpn,1978,6.60549
jpn,1979,7.38911
jpn,1980,8.67593
jpn,1981,9.25548
jpn,1982,10.34465
jpn,1983,11.36461
jpn,1984,11.68297
jpn,1985,13.7777
jpn,1986,14.17029
jpn,1987,15.22235
jpn,1988,13.95702
jpn,1989,13.75234
jpn,1990,13.88412
jpn,1991,14.54387
jpn,1992,14.56544
jpn,1993,16.11642
jpn,1994,15.93183
jpn,1995,16.93996
jpn,1996,17.14409
jpn,1997,17.94162
jpn,1998,18.98402
jpn,1999,17.77936
jpn,2000,17.73645
jpn,2001,17.86272
jpn,2002,16.60454
jpn,2003,14.05801
jpn,2004,15.74359
jpn,2005,16.68441
jpn,2006,16.8357
jpn,2007,14.77185
jpn,2008,15.09427
jpn,2009,17.05703
jpn,2010,16.66372
jpn,2011,7.522
jpn,2012,2.64981
jpn,2013,2.43115
jpn,2014,2.22189
jpn,2015,3.09202
kaz,1990,0.95284
kaz,1991,0.89178
kaz,1992,0.79711
kaz,1993,0.95752
kaz,1994,1.17831
kaz,1995,1.06174
kaz,1996,1.07683
kaz,1997,1.05816
kaz,1998,0.98791
kaz,1999,1.12953
kaz,2000,1.24444
kaz,2001,1.37735
kaz,2002,1.30169
kaz,2003,1.13026
kaz,2004,0.88138
kaz,2005,1.18941
kaz,2006,0.99
kaz,2007,0.96455
kaz,2008,0.59411
kaz,2009,0.61438
kaz,2010,0.69313
kaz,2011,0.65556
kaz,2012,0.65404
kaz,2013,0.52031
kaz,2014,0.60889
ken,1971,0.55093
ken,1972,0.62319
ken,1973,0.61757
ken,1974,0.79763
ken,1975,0.92357
ken,1976,0.79089
ken,1977,0.96795
ken,1978,1.3456
ken,1979,1.58264
ken,1980,1.23614
ken,1981,1.60998
ken,1982,1.6614
ken,1983,1.90225
ken,1984,1.78094
ken,1985,1.9955
ken,1986,4.86759
ken,1987,4.79588
ken,1988,4.72122
ken,1989,4.6728
ken,1990,2.01873
ken,1991,2.13119
ken,1992,2.14896
ken,1993,2.22819
ken,1994,2.30777
ken,1995,2.12636
ken,1996,2.16898
ken,1997,1.99243
ken,1998,1.95084
ken,1999,1.45436
ken,2000,0.8903
ken,2001,1.43684
ken,2002,1.7568
ken,2003,1.98952
ken,2004,1.80662
ken,2005,1.73892
ken,2006,1.79456
ken,2007,1.87705
ken,2008,1.63133
ken,2009,1.35672
ken,2010,1.79724
ken,2011,1.76983
ken,2012,2.04938
ken,2013,1.98173
ken,2014,2.23894
kgz,1990,7.24532
kgz,1991,8.15934
kgz,1992,11.64441
kgz,1993,14.5609
kgz,1994,23.05854
kgz,1995,25.79464
kgz,1996,21.29588
kgz,1997,20.86017
kgz,1998,19.36175
kgz,1999,25.96703
kgz,2000,25.59702
kgz,2001,23.6197
kgz,2002,20.12117
kgz,2003,23.05166
kgz,2004,20.26967
kgz,2005,19.50686
kgz,2006,20.00667
kgz,2007,18.38942
kgz,2008,16.54746
kgz,2009,18.83289
kgz,2010,20.29519
kgz,2011,21.11161
kgz,2012,18.65231
kgz,2013,20.90403
kgz,2014,22.71258
khm,1995,0
khm,1996,0
khm,1997,0
khm,1998,0
khm,1999,0
khm,2000,0.00252
khm,2001,0.00251
khm,2002,0.0549
khm,2003,0.07385
khm,2004,0.06391
khm,2005,0.10052
khm,2006,0.11924
khm,2007,0.11424
khm,2008,0.12445
khm,2009,0.11512
khm,2010,0.11071
khm,2011,0.18501
khm,2012,1.74046
khm,2013,2.89564
khm,2014,3.31927
kor,1971,0.6689
kor,1972,0.6365
kor,1973,0.51213
kor,1974,0.69969
kor,1975,0.5917
kor,1976,0.56602
kor,1977,0.43859
kor,1978,2.20134
kor,1979,2.55894
kor,1980,2.60985
kor,1981,2.43815
kor,1982,2.68496
kor,1983,5.50968
kor,1984,6.45611
kor,1985,8.80526
kor,1986,12.68554
kor,1987,16.28185
kor,1988,14.53334
kor,1989,16.15689
kor,1990,15.39534
kor,1991,15.00655
kor,1992,13.54808
kor,1993,12.48482
kor,1994,11.75789
kor,1995,12.26531
kor,1996,12.44475
kor,1997,11.94522
kor,1998,15.26315
kor,1999,15.83031
kor,2000,15.35615
kor,2001,15.5852
kor,2002,15.90553
kor,2003,17.01959
kor,2004,16.67617
kor,2005,18.49285
kor,2006,18.46287
kor,2007,17.10703
kor,2008,17.64896
kor,2009,17.14539
kor,2010,15.87242
kor,2011,15.86316
kor,2012,15.25173
kor,2013,14.16274
kor,2014,15.61401
kor,2015,15.96282
kos,2000,0.23015
kos,2001,0.18823
kos,2002,0.18911
kos,2003,0.18085
kos,2004,0.35818
kos,2005,0.3617
kos,2006,0.33869
kos,2007,0.3038
kos,2008,0.24291
kos,2009,0.34289
kos,2010,0.43934
kos,2011,0.29191
kos,2012,0.27345
kos,2013,0.38352
kos,2014,0.51918
kwt,1971,0
kwt,1972,0
kwt,1973,0
kwt,1974,0
kwt,1975,0
kwt,1976,0
kwt,1977,0
kwt,1978,0
kwt,1979,0
kwt,1980,0
kwt,1981,0
kwt,1982,0
kwt,1983,0
kwt,1984,0
kwt,1985,0
kwt,1986,0
kwt,1987,0
kwt,1988,0
kwt,1989,0
kwt,1990,0
kwt,1991,0
kwt,1992,0
kwt,1993,0
kwt,1994,0
kwt,1995,0
kwt,1996,0
kwt,1997,0
kwt,1998,0
kwt,1999,0
kwt,2000,0
kwt,2001,0
kwt,2002,0
kwt,2003,0
kwt,2004,0
kwt,2005,0
kwt,2006,0
kwt,2007,0
kwt,2008,0
kwt,2009,0
kwt,2010,0
kwt,2011,0
kwt,2012,0
kwt,2013,0
kwt,2014,0
lbn,1971,3.90382
lbn,1972,3.63708
lbn,1973,1.7284
lbn,1974,2.88409
lbn,1975,3.17897
lbn,1976,2.96532
lbn,1977,3.7918
lbn,1978,3.18179
lbn,1979,3.13728
lbn,1980,2.95532
lbn,1981,3.10072
lbn,1982,3.12952
lbn,1983,2.48862
lbn,1984,2.54892
lbn,1985,2.16037
lbn,1986,1.86378
lbn,1987,1.96921
lbn,1988,2.60676
lbn,1989,2.19261
lbn,1990,1.96599
lbn,1991,1.79231
lbn,1992,2.25873
lbn,1993,1.53337
lbn,1994,1.57721
lbn,1995,1.28391
lbn,1996,1.41389
lbn,1997,1.38402
lbn,1998,1.26932
lbn,1999,0.56039
lbn,2000,0.86526
lbn,2001,0.6192
lbn,2002,1.11768
lbn,2003,2.07127
lbn,2004,1.75166
lbn,2005,1.76907
lbn,2006,1.36076
lbn,2007,1.36664
lbn,2008,0.75301
lbn,2009,0.96689
lbn,2010,1.32215
lbn,2011,1.28723
lbn,2012,1.40152
lbn,2013,1.74559
lbn,2014,0.52345
lby,1971,0
lby,1972,0
lby,1973,0
lby,1974,0
lby,1975,0
lby,1976,0
lby,1977,0
lby,1978,0
lby,1979,0
lby,1980,0
lby,1981,0
lby,1982,0
lby,1983,0
lby,1984,0
lby,1985,0
lby,1986,0
lby,1987,0
lby,1988,0
lby,1989,0
lby,1990,0
lby,1991,0
lby,1992,0
lby,1993,0
lby,1994,0
lby,1995,0
lby,1996,0
lby,1997,0
lby,1998,0
lby,1999,0
lby,2000,0
lby,2001,0
lby,2002,0
lby,2003,0
lby,2004,0
lby,2005,0
lby,2006,0
lby,2007,0
lby,2008,0
lby,2009,0
lby,2010,0
lby,2011,0
lby,2012,0
lby,2013,0
lby,2014,0
lka,1971,1.88852
lka,1972,1.81975
lka,1973,1.47299
lka,1974,2.19184
lka,1975,2.30651
lka,1976,2.35771
lka,1977,2.60311
lka,1978,2.71897
lka,1979,2.80096
lka,1980,2.80503
lka,1981,2.92307
lka,1982,2.8262
lka,1983,2.12825
lka,1984,3.5496
lka,1985,4.12303
lka,1986,4.40751
lka,1987,3.49251
lka,1988,4.10747
lka,1989,4.41781
lka,1990,4.05955
lka,1991,3.88577
lka,1992,3.57544
lka,1993,4.38692
lka,1994,4.94286
lka,1995,5.00154
lka,1996,3.41481
lka,1997,3.47972
lka,1998,3.82846
lka,1999,3.73064
lka,2000,2.29646
lka,2001,2.37874
lka,2002,2.04462
lka,2003,2.36311
lka,2004,2.14731
lka,2005,2.20229
lka,2006,3.09947
lka,2007,2.65658
lka,2008,2.83714
lka,2009,3.1185
lka,2010,4.29524
lka,2011,3.33541
lka,2012,2.3127
lka,2013,5.39952
lka,2014,3.43447
ltu,1990,28.13299
ltu,1991,26.36566
ltu,1992,35.35101
ltu,1993,36.01165
ltu,1994,25.79303
ltu,1995,36.24094
ltu,1996,39.46318
ltu,1997,36.0313
ltu,1998,38.59074
ltu,1999,33.20551
ltu,2000,31.72173
ltu,2001,36.56408
ltu,2002,42.3873
ltu,2003,44.31585
ltu,2004,42.61873
ltu,2005,31.24104
ltu,2006,26.71488
ltu,2007,27.92005
ltu,2008,27.9149
ltu,2009,33.18529
ltu,2010,1.71259
ltu,2011,2.42341
ltu,2012,2.3869
ltu,2013,3.36828
ltu,2014,3.80511
lux,1960,0.05206
lux,1961,0.14687
lux,1962,0.11585
lux,1963,0.00507
lux,1964,0.1765
lux,1965,0.23506
lux,1966,0.22118
lux,1967,0.24032
lux,1968,0.22578
lux,1969,0.18088
lux,1970,0.20107
lux,1971,0.11644
lux,1972,0.13429
lux,1973,0.09119
lux,1974,0.15436
lux,1975,0.16193
lux,1976,0.10279
lux,1977,0.18755
lux,1978,0.16914
lux,1979,0.20623
lux,1980,0.23678
lux,1981,0.29827
lux,1982,0.27739
lux,1983,0.28563
lux,1984,0.26647
lux,1985,0.24444
lux,1986,0.28599
lux,1987,0.32416
lux,1988,0.31049
lux,1989,0.22282
lux,1990,1.40061
lux,1991,1.39865
lux,1992,1.24458
lux,1993,1.25116
lux,1994,1.96645
lux,1995,2.99816
lux,1996,2.25199
lux,1997,3.54987
lux,1998,5.92705
lux,1999,5.12401
lux,2000,6.09517
lux,2001,2.79101
lux,2002,0.77288
lux,2003,0.73855
lux,2004,0.78167
lux,2005,0.81051
lux,2006,0.97534
lux,2007,1.19957
lux,2008,1.47959
lux,2009,1.26421
lux,2010,1.22791
lux,2011,1.33442
lux,2012,1.5555
lux,2013,2.50731
lux,2014,2.49909
lux,2015,3.7131
lva,1990,6.16091
lva,1991,5.40396
lva,1992,5.87567
lva,1993,5.65108
lva,1994,5.90251
lva,1995,6.16651
lva,1996,4.68132
lva,1997,5.33425
lva,1998,6.66656
lva,1999,6.47476
lva,2000,6.85827
lva,2001,6.35206
lva,2002,6.43059
lva,2003,6.11262
lva,2004,7.20449
lva,2005,7.61913
lva,2006,6.45628
lva,2007,7.06002
lva,2008,7.60846
lva,2009,7.66464
lva,2010,6.5742
lva,2011,6.45138
lva,2012,9.10698
lva,2013,7.41799
lva,2014,6.84385
mar,1971,4.42425
mar,1972,4.31207
mar,1973,2.90888
mar,1974,3.00921
mar,1975,2.20599
mar,1976,2.00534
mar,1977,2.49455
mar,1978,2.44119
mar,1979,2.55655
mar,1980,2.40972
mar,1981,1.62161
mar,1982,0.87024
mar,1983,0.70348
mar,1984,0.51905
mar,1985,0.67629
mar,1986,0.86773
mar,1987,1.08542
mar,1988,1.17317
mar,1989,1.33541
mar,1990,1.16863
mar,1991,1.24699
mar,1992,0.95789
mar,1993,0.41949
mar,1994,0.68977
mar,1995,0.49566
mar,1996,1.49992
mar,1997,1.50375
mar,1998,1.39641
mar,1999,0.57206
mar,2000,0.60915
mar,2001,0.70893
mar,2002,0.69913
mar,2003,1.10769
mar,2004,1.01951
mar,2005,0.62738
mar,2006,0.65237
mar,2007,0.68085
mar,2008,0.68566
mar,2009,1.65037
mar,2010,2.07414
mar,2011,1.28587
mar,2012,1.08735
mar,2013,1.87146
mar,2014,1.61676
mda,1990,0.14236
mda,1991,0.2715
mda,1992,0.24462
mda,1993,0.38778
mda,1994,0.37635
mda,1995,0.55743
mda,1996,0.71688
mda,1997,0.83913
mda,1998,0.83379
mda,1999,0.93476
mda,2000,1.09573
mda,2001,1.19635
mda,2002,1.27064
mda,2003,1.1666
mda,2004,1.06381
mda,2005,1.04038
mda,2006,1.07741
mda,2007,1.04225
mda,2008,1.08818
mda,2009,0.87886
mda,2010,0.9077
mda,2011,0.70946
mda,2012,0.56525
mda,2013,0.87783
mda,2014,0.76724
mex,1971,2.87803
mex,1972,2.77742
mex,1973,2.91245
mex,1974,3.2806
mex,1975,2.95322
mex,1976,3.12351
mex,1977,3.15518
mex,1978,2.49796
mex,1979,2.88531
mex,1980,2.3538
mex,1981,2.89899
mex,1982,2.89971
mex,1983,2.94423
mex,1984,3.11138
mex,1985,3.37626
mex,1986,4.39028
mex,1987,4.83669
mex,1988,5.13445
mex,1989,5.2833
mex,1990,2.35325
mex,1991,2.26293
mex,1992,2.41948
mex,1993,2.60952
mex,1994,2.09565
mex,1995,3.39037
mex,1996,3.22054
mex,1997,3.33127
mex,1998,2.92682
mex,1999,3.31573
mex,2000,3.0408
mex,2001,2.79759
mex,2002,2.81482
mex,2003,2.69028
mex,2004,2.7301
mex,2005,2.90064
mex,2006,2.92018
mex,2007,2.83194
mex,2008,3.19756
mex,2009,2.83138
mex,2010,2.68215
mex,2011,3.1178
mex,2012,2.77771
mex,2013,3.09235
mex,2014,3.42451
mex,2015,3.51721
mkd,1990,1.38902
mkd,1991,2.45497
mkd,1992,2.33458
mkd,1993,1.93248
mkd,1994,2.40389
mkd,1995,2.75848
mkd,1996,2.29489
mkd,1997,2.69454
mkd,1998,3.08396
mkd,1999,3.81945
mkd,2000,3.43369
mkd,2001,2.47375
mkd,2002,2.59728
mkd,2003,4.01623
mkd,2004,4.40165
mkd,2005,4.43103
mkd,2006,4.76829
mkd,2007,3.27604
mkd,2008,2.88169
mkd,2009,3.94567
mkd,2010,7.12712
mkd,2011,4.66151
mkd,2012,3.70996
mkd,2013,5.92867
mkd,2014,5.52938
mlt,1971,0
mlt,1972,0
mlt,1973,0
mlt,1974,0
mlt,1975,0
mlt,1976,0
mlt,1977,0
mlt,1978,0
mlt,1979,0
mlt,1980,0
mlt,1981,0
mlt,1982,0
mlt,1983,0
mlt,1984,0
mlt,1985,0
mlt,1986,0
mlt,1987,0
mlt,1988,0
mlt,1989,0
mlt,1990,0
mlt,1991,0
mlt,1992,0
mlt,1993,0
mlt,1994,0
mlt,1995,0
mlt,1996,0
mlt,1997,0
mlt,1998,0
mlt,1999,0
mlt,2000,0
mlt,2001,0
mlt,2002,0.03259
mlt,2003,0.03755
mlt,2004,0.04896
mlt,2005,0.0596
mlt,2006,0.07741
mlt,2007,0.08984
mlt,2008,0.10842
mlt,2009,0.1196
mlt,2010,0.47691
mlt,2011,0.66022
mlt,2012,0.82066
mlt,2013,1.00155
mlt,2014,1.46656
mmr,1971,0.51893
mmr,1972,0.58403
mmr,1973,0.62566
mmr,1974,0.59273
mmr,1975,0.58176
mmr,1976,0.63225
mmr,1977,0.69471
mmr,1978,0.70402
mmr,1979,0.72237
mmr,1980,0.72654
mmr,1981,0.77388
mmr,1982,0.81722
mmr,1983,0.86455
mmr,1984,0.85014
mmr,1985,0.78479
mmr,1986,0.79937
mmr,1987,0.81741
mmr,1988,0.7547
mmr,1989,0.97492
mmr,1990,0.67265
mmr,1991,0.624
mmr,1992,0.73446
mmr,1993,0.81953
mmr,1994,0.74149
mmr,1995,0.69067
mmr,1996,0.72157
mmr,1997,0.72288
mmr,1998,0.43163
mmr,1999,0.4499
mmr,2000,0.80927
mmr,2001,0.78738
mmr,2002,0.96198
mmr,2003,0.9
mmr,2004,0.97215
mmr,2005,1.05352
mmr,2006,1.33763
mmr,2007,1.37712
mmr,2008,1.64482
mmr,2009,2.26381
mmr,2010,2.61148
mmr,2011,3.52984
mmr,2012,3.28119
mmr,2013,3.58529
mmr,2014,3.12653
mne,2005,19.67031
mne,2006,16.7041
mne,2007,17.08125
mne,2008,13.71165
mne,2009,19.12659
mne,2010,16.05744
mne,2011,11.82252
mne,2012,13.53756
mne,2013,15.04545
mne,2014,12.9573
mng,1985,0
mng,1986,0
mng,1987,0
mng,1988,0
mng,1989,0
mng,1990,0
mng,1991,0
mng,1992,0
mng,1993,0
mng,1994,0
mng,1995,0
mng,1996,0
mng,1997,0
mng,1998,0
mng,1999,0
mng,2000,0
mng,2001,0
mng,2002,0
mng,2003,0
mng,2004,0
mng,2005,0
mng,2006,0
mng,2007,0
mng,2008,0
mng,2009,0
mng,2010,0
mng,2011,0
mng,2012,0
mng,2013,0.13105
mng,2014,0.25941
moz,1971,0.27934
moz,1972,0.27072
moz,1973,0.24162
moz,1974,0.85207
moz,1975,0.67203
moz,1976,0.79778
moz,1977,0.80043
moz,1978,1.06165
moz,1979,0.55864
moz,1980,0.3852
moz,1981,0.0748
moz,1982,0.33332
moz,1983,0.31305
moz,1984,0.32812
moz,1985,0.50654
moz,1986,0.23615
moz,1987,0.24821
moz,1988,0.23167
moz,1989,0.40058
moz,1990,0.45058
moz,1991,0.69739
moz,1992,0.76422
moz,1993,0.85929
moz,1994,0.82529
moz,1995,0.88604
moz,1996,0.83763
moz,1997,0.98798
moz,1998,1.17991
moz,1999,1.30075
moz,2000,2.47782
moz,2001,5.50194
moz,2002,5.46182
moz,2003,7.42218
moz,2004,8.98389
moz,2005,9.18142
moz,2006,9.08613
moz,2007,8.7129
moz,2008,9.21602
moz,2009,8.53199
moz,2010,8.47881
moz,2011,8.40767
moz,2012,8.90102
moz,2013,8.667
moz,2014,9.1702
mus,1971,1.18005
mus,1972,1.57626
mus,1973,1.67617
mus,1974,0.87174
mus,1975,1.20313
mus,1976,1.13426
mus,1977,1.10149
mus,1978,0.65761
mus,1979,1.14154
mus,1980,1.65561
mus,1981,1.20979
mus,1982,1.96452
mus,1983,0.7047
mus,1984,1.27869
mus,1985,2.23709
mus,1986,1.87455
mus,1987,2.26962
mus,1988,1.60391
mus,1989,2.15756
mus,1990,0.98588
mus,1991,0.86487
mus,1992,1.22318
mus,1993,1.07802
mus,1994,0.80191
mus,1995,1.33253
mus,1996,1.01815
mus,1997,0.87826
mus,1998,0.93109
mus,1999,0.25418
mus,2000,0.734
mus,2001,0.51686
mus,2002,0.63173
mus,2003,0.82633
mus,2004,0.83929
mus,2005,0.75961
mus,2006,0.47849
mus,2007,0.51854
mus,2008,0.65489
mus,2009,0.77666
mus,2010,0.62016
mus,2011,0.36905
mus,2012,0.57034
mus,2013,0.70282
mus,2014,0.80458
mys,1971,1.48612
mys,1972,1.61988
mys,1973,1.56991
mys,1974,1.26099
mys,1975,1.19743
mys,1976,1.04024
mys,1977,0.83673
mys,1978,0.75815
mys,1979,0.78942
mys,1980,1.0094
mys,1981,1.04993
mys,1982,0.99669
mys,1983,0.99538
mys,1984,1.90428
mys,1985,2.0648
mys,1986,2.0111
mys,1987,2.39582
mys,1988,2.63512
mys,1989,2.2187
mys,1990,1.36158
mys,1991,1.18658
mys,1992,1.11099
mys,1993,1.0703
mys,1994,1.53134
mys,1995,1.33639
mys,1996,0.99628
mys,1997,0.65899
mys,1998,0.86509
mys,1999,1.29586
mys,2000,1.08294
mys,2001,1.09185
mys,2002,0.80475
mys,2003,0.72205
mys,2004,0.77696
mys,2005,0.66356
mys,2006,0.78934
mys,2007,0.70682
mys,2008,0.80548
mys,2009,0.7391
mys,2010,0.67442
mys,2011,0.74247
mys,2012,0.90585
mys,2013,0.97116
mys,2014,1.18069
nam,1991,18.1359
nam,1992,17.42302
nam,1993,14.99017
nam,1994,11.71981
nam,1995,13.76306
nam,1996,14.02934
nam,1997,13.3266
nam,1998,14.63407
nam,1999,15.81781
nam,2000,15.71475
nam,2001,14.09124
nam,2002,15.93023
nam,2003,16.14548
nam,2004,19.32217
nam,2005,19.06511
nam,2006,19.2955
nam,2007,19.83901
nam,2008,17.57044
nam,2009,18.13959
nam,2010,18.02713
nam,2011,18.53853
nam,2012,18.68085
nam,2013,17.94864
nam,2014,17.78533
ner,2000,0
ner,2001,0
ner,2002,0
ner,2003,0
ner,2004,0
ner,2005,0.00992
ner,2006,0.00968
ner,2007,0.00925
ner,2008,0.01325
ner,2009,0.0125
ner,2010,0.01158
ner,2011,0
ner,2012,0
ner,2013,0.012
ner,2014,0.01192
nga,1971,0.40798
nga,1972,0.36234
nga,1973,0.44516
nga,1974,0.46193
nga,1975,0.53371
nga,1976,0.61592
nga,1977,0.58097
nga,1978,0.44656
nga,1979,0.60954
nga,1980,0.48986
nga,1981,0.40258
nga,1982,0.39683
nga,1983,0.31038
nga,1984,0.41539
nga,1985,0.4656
nga,1986,0.54172
nga,1987,0.47361
nga,1988,0.56136
nga,1989,0.56028
nga,1990,0.33208
nga,1991,0.42891
nga,1992,0.42231
nga,1993,0.44926
nga,1994,0.41205
nga,1995,0.38195
nga,1996,0.34312
nga,1997,0.33227
nga,1998,0.3502
nga,1999,0.34
nga,2000,0.33013
nga,2001,0.32601
nga,2002,0.45042
nga,2003,0.41135
nga,2004,0.4515
nga,2005,0.46286
nga,2006,0.33159
nga,2007,0.41281
nga,2008,0.37714
nga,2009,0.31666
nga,2010,0.36165
nga,2011,0.34606
nga,2012,0.31938
nga,2013,0.27796
nga,2014,0.27446
nic,1971,1.43389
nic,1972,2.54364
nic,1973,2.36459
nic,1974,2.47738
nic,1975,2.38851
nic,1976,2.39362
nic,1977,1.33464
nic,1978,1.66244
nic,1979,2.67589
nic,1980,2.88019
nic,1981,2.70077
nic,1982,2.26711
nic,1983,4.71691
nic,1984,13.74852
nic,1985,14.57359
nic,1986,12.87793
nic,1987,12.08018
nic,1988,10.65935
nic,1989,18.88859
nic,1990,2.50719
nic,1991,2.31648
nic,1992,1.93803
nic,1993,2.27937
nic,1994,1.81477
nic,1995,1.66272
nic,1996,1.61211
nic,1997,1.46637
nic,1998,0.91116
nic,1999,1.18515
nic,2000,0.75702
nic,2001,0.85436
nic,2002,1.07008
nic,2003,1.15439
nic,2004,1.12346
nic,2005,1.3648
nic,2006,1.24576
nic,2007,1.18789
nic,2008,1.85806
nic,2009,1.50744
nic,2010,2.03471
nic,2011,1.92501
nic,2012,2.51074
nic,2013,3.18147
nic,2014,3.34175
nld,1960,0
nld,1961,0
nld,1962,0
nld,1963,0
nld,1964,0
nld,1965,0
nld,1966,0
nld,1967,0
nld,1968,0.01884
nld,1969,0.18956
nld,1970,0.19533
nld,1971,0.20749
nld,1972,0.14549
nld,1973,0.46573
nld,1974,1.40065
nld,1975,1.47256
nld,1976,1.54457
nld,1977,1.53011
nld,1978,1.62767
nld,1979,1.33035
nld,1980,1.70053
nld,1981,1.56722
nld,1982,1.87463
nld,1983,1.65401
nld,1984,1.6165
nld,1985,1.67608
nld,1986,1.74695
nld,1987,1.44062
nld,1988,1.50614
nld,1989,1.64165
nld,1990,1.63161
nld,1991,1.50202
nld,1992,1.71839
nld,1993,1.7795
nld,1994,1.78785
nld,1995,1.71456
nld,1996,1.73158
nld,1997,1.26485
nld,1998,1.76546
nld,1999,1.8363
nld,2000,1.88525
nld,2001,1.84283
nld,2002,1.82199
nld,2003,1.82981
nld,2004,1.80023
nld,2005,1.92629
nld,2006,1.90058
nld,2007,2.2252
nld,2008,2.37487
nld,2009,2.4835
nld,2010,2.22768
nld,2011,2.6674
nld,2012,2.68353
nld,2013,2.51509
nld,2014,3.12654
nld,2015,3.3738
nld_curacao,1971,0
nld_curacao,1972,0
nld_curacao,1973,0
nld_curacao,1974,0
nld_curacao,1975,0
nld_curacao,1976,0
nld_curacao,1977,0
nld_curacao,1978,0
nld_curacao,1979,0
nld_curacao,1980,0
nld_curacao,1981,0
nld_curacao,1982,0
nld_curacao,1983,0
nld_curacao,1984,0
nld_curacao,1985,0
nld_curacao,1986,0
nld_curacao,1987,0
nld_curacao,1988,0
nld_curacao,1989,0
nor,1960,39.33607
nor,1961,41.45995
nor,1962,43.76554
nor,1963,42.71943
nor,1964,44.45334
nor,1965,44.97848
nor,1966,41.21524
nor,1967,43.01662
nor,1968,44.43808
nor,1969,40.15142
nor,1970,37.53172
nor,1971,40.81483
nor,1972,42.07751
nor,1973,43.85189
nor,1974,46.16342
nor,1975,45.44649
nor,1976,44.16997
nor,1977,37.73119
nor,1978,39.21815
nor,1979,41.92901
nor,1980,39.18172
nor,1981,44.10888
nor,1982,45.356
nor,1983,49.72236
nor,1984,47.08476
nor,1985,44.03423
nor,1986,39.51495
nor,1987,42.01746
nor,1988,46.16734
nor,1989,48.33178
nor,1990,39.47536
nor,1991,39.13074
nor,1992,38.64418
nor,1993,36.84939
nor,1994,37.92657
nor,1995,37.93938
nor,1996,38.81165
nor,1997,37.03933
nor,1998,37.3719
nor,1999,35.6261
nor,2000,36.07405
nor,2001,35.89869
nor,2002,37.64305
nor,2003,32.7345
nor,2004,34.95878
nor,2005,35.54055
nor,2006,33.95327
nor,2007,34.38676
nor,2008,29.96451
nor,2009,28.73334
nor,2010,27.80362
nor,2011,32.18322
nor,2012,31.8885
nor,2013,29.17174
nor,2014,32.27579
nor,2015,31.31793
npl,1971,0.15753
npl,1972,0.19221
npl,1973,0.17987
npl,1974,0.20896
npl,1975,0.16023
npl,1976,0.27069
npl,1977,0.28442
npl,1978,0.30626
npl,1979,0.32926
npl,1980,0.3827
npl,1981,0.45035
npl,1982,0.57533
npl,1983,0.62164
npl,1984,0.65063
npl,1985,0.72067
npl,1986,0.88178
npl,1987,0.89445
npl,1988,0.88026
npl,1989,1.10523
npl,1990,0.94081
npl,1991,0.98823
npl,1992,0.97259
npl,1993,0.98896
npl,1994,1.07219
npl,1995,1.20949
npl,1996,1.29605
npl,1997,1.31831
npl,1998,1.4008
npl,1999,1.56965
npl,2000,1.70271
npl,2001,1.85205
npl,2002,2.01196
npl,2003,2.14449
npl,2004,2.32379
npl,2005,2.37297
npl,2006,2.59744
npl,2007,2.71324
npl,2008,2.59507
npl,2009,2.84769
npl,2010,3.00282
npl,2011,3.48111
npl,2012,4.30927
npl,2013,5.25575
npl,2014,5.24325
nzl,1960,20.72053
nzl,1961,22.67241
nzl,1962,28.96379
nzl,1963,31.09536
nzl,1964,31.41659
nzl,1965,32.33536
nzl,1966,32.37296
nzl,1967,30.87603
nzl,1968,31.58605
nzl,1969,30.77361
nzl,1970,30.01238
nzl,1971,32.337
nzl,1972,30.37205
nzl,1973,29.17315
nzl,1974,26.77117
nzl,1975,30.05259
nzl,1976,25.99183
nzl,1977,23.86048
nzl,1978,25.77903
nzl,1979,28.85552
nzl,1980,29.4555
nzl,1981,29.5536
nzl,1982,26.63657
nzl,1983,27.93456
nzl,1984,26.62659
nzl,1985,23.88106
nzl,1986,25.63722
nzl,1987,25.78817
nzl,1988,25.77919
nzl,1989,27.98444
nzl,1990,16.25099
nzl,1991,15.61642
nzl,1992,14.24544
nzl,1993,14.79177
nzl,1994,15.56509
nzl,1995,15.94779
nzl,1996,15.00951
nzl,1997,13.18863
nzl,1998,14.45294
nzl,1999,13.13494
nzl,2000,13.27485
nzl,2001,12.12964
nzl,2002,13.6179
nzl,2003,13.27278
nzl,2004,14.60022
nzl,2005,13.66682
nzl,2006,13.93641
nzl,2007,14.05906
nzl,2008,13.3848
nzl,2009,14.67117
nzl,2010,14.53785
nzl,2011,14.83695
nzl,2012,13.17411
nzl,2013,13.42529
nzl,2014,13.51685
nzl,2015,13.98761
omn,1971,0
omn,1972,0
omn,1973,0
omn,1974,0
omn,1975,0
omn,1976,0
omn,1977,0
omn,1978,0
omn,1979,0
omn,1980,0
omn,1981,0
omn,1982,0
omn,1983,0
omn,1984,0
omn,1985,0
omn,1986,0
omn,1987,0
omn,1988,0
omn,1989,0
omn,1990,0
omn,1991,0
omn,1992,0
omn,1993,0
omn,1994,0
omn,1995,0
omn,1996,0
omn,1997,0
omn,1998,0
omn,1999,0
omn,2000,0
omn,2001,0
omn,2002,0
omn,2003,0
omn,2004,0
omn,2005,0
omn,2006,0
omn,2007,0
omn,2008,0
omn,2009,0
omn,2010,0
omn,2011,0
omn,2012,0
omn,2013,0
omn,2014,0
pak,1971,2.01606
pak,1972,1.9637
pak,1973,2.47028
pak,1974,2.44596
pak,1975,2.61695
pak,1976,3.04277
pak,1977,2.5882
pak,1978,3.13173
pak,1979,3.11094
pak,1980,3.02882
pak,1981,3.07773
pak,1982,3.0839
pak,1983,3.49735
pak,1984,3.87593
pak,1985,3.54201
pak,1986,3.85831
pak,1987,3.89867
pak,1988,3.86644
pak,1989,3.57672
pak,1990,2.77016
pak,1991,2.97805
pak,1992,3.22073
pak,1993,2.76872
pak,1994,3.09683
pak,1995,2.97891
pak,1996,2.47077
pak,1997,2.521
pak,1998,2.28715
pak,1999,2.00899
pak,2000,2.459
pak,2001,2.6656
pak,2002,2.71939
pak,2003,3.06092
pak,2004,3.13244
pak,2005,3.3583
pak,2006,3.30536
pak,2007,3.21156
pak,2008,2.73389
pak,2009,3.14881
pak,2010,3.67913
pak,2011,3.91801
pak,2012,3.7365
pak,2013,4.00054
pak,2014,4.03214
pan,1971,0.43105
pan,1972,0.38282
pan,1973,0.43114
pan,1974,0.45559
pan,1975,0.49837
pan,1976,0.70847
pan,1977,1.77338
pan,1978,3.81617
pan,1979,3.98177
pan,1980,5.86967
pan,1981,7.60697
pan,1982,5.59192
pan,1983,4.22386
pan,1984,7.94295
pan,1985,10.63535
pan,1986,11.37103
pan,1987,10.314
pan,1988,11.98383
pan,1989,12.62147
pan,1990,9.84877
pan,1991,8.48851
pan,1992,7.02702
pan,1993,8.34583
pan,1994,8.30941
pan,1995,8.49009
pan,1996,9.44156
pan,1997,9.17197
pan,1998,5.79081
pan,1999,8.27614
pan,2000,8.89944
pan,2001,5.6654
pan,2002,8.58856
pan,2003,7.07824
pan,2004,9.92142
pan,2005,9.01657
pan,2006,8.14563
pan,2007,8.5812
pan,2008,9.50347
pan,2009,8.24781
pan,2010,8.43799
pan,2011,7.59413
pan,2012,9.55207
pan,2013,9.3493
pan,2014,8.85658
per,1971,4.03803
per,1972,4.17739
per,1973,4.31213
per,1974,4.45817
per,1975,4.54041
per,1976,4.73723
per,1977,4.75465
per,1978,5.0343
per,1979,5.46878
per,1980,5.35506
per,1981,6.07065
per,1982,6.26139
per,1983,6.57508
per,1984,6.88956
per,1985,7.62614
per,1986,8.02877
per,1987,8.45554
per,1988,8.23762
per,1989,8.99728
per,1990,7.89471
per,1991,9.0458
per,1992,7.18457
per,1993,8.20255
per,1994,8.32108
per,1995,8.00254
per,1996,8.24951
per,1997,8.55197
per,1998,9.27607
per,1999,9.25339
per,2000,10.33046
per,2001,11.72853
per,2002,11.95304
per,2003,12.54704
per,2004,10.82917
per,2005,10.56769
per,2006,11.82075
per,2007,10.5892
per,2008,9.86731
per,2009,9.63197
per,2010,8.85479
per,2011,9.15572
per,2012,8.17376
per,2013,8.43171
per,2014,7.18232
phl,1971,0
phl,1972,0
phl,1973,0.93915
phl,1974,1.17879
phl,1975,1.05982
phl,1976,1.25572
phl,1977,0.94767
phl,1978,1.20322
phl,1979,3.70437
phl,1980,9.3173
phl,1981,11.9936
phl,1982,14.56195
phl,1983,15.29044
phl,1984,19.22976
phl,1985,19.84163
phl,1986,18.73448
phl,1987,17.50335
phl,1988,17.90271
phl,1989,18.56348
phl,1990,2.78262
phl,1991,2.72729
phl,1992,2.32178
phl,1993,2.45094
phl,1994,2.63473
phl,1995,2.50598
phl,1996,2.67083
phl,1997,2.53707
phl,1998,2.62225
phl,1999,3.3805
phl,2000,3.37154
phl,2001,3.27831
phl,2002,3.05023
phl,2003,3.15515
phl,2004,3.29625
phl,2005,3.23513
phl,2006,3.66915
phl,2007,3.3759
phl,2008,3.57871
phl,2009,3.73518
phl,2010,3.09188
phl,2011,3.3873
phl,2012,3.32508
phl,2013,3.09709
phl,2014,2.90636
pol,1960,0.10033
pol,1961,0.09153
pol,1962,0.10823
pol,1963,0.09132
pol,1964,0.09585
pol,1965,0.11736
pol,1966,0.11361
pol,1967,0.117
pol,1968,0.11686
pol,1969,0.08777
pol,1970,0.18285
pol,1971,0.15668
pol,1972,0.14516
pol,1973,0.13482
pol,1974,0.18801
pol,1975,0.16608
pol,1976,0.13039
pol,1977,0.1492
pol,1978,0.13756
pol,1979,0.12366
pol,1980,0.15954
pol,1981,0.15775
pol,1982,0.10733
pol,1983,0.11754
pol,1984,0.10216
pol,1985,0.12773
pol,1986,0.10266
pol,1987,0.10726
pol,1988,0.11658
pol,1989,0.11184
pol,1990,0.0936
pol,1991,0.08618
pol,1992,0.09153
pol,1993,0.08474
pol,1994,0.10545
pol,1995,0.11789
pol,1996,0.12209
pol,1997,0.12771
pol,1998,0.16157
pol,1999,0.15692
pol,2000,0.16711
pol,2001,0.18473
pol,2002,0.19039
pol,2003,0.15309
pol,2004,0.19566
pol,2005,0.21185
pol,2006,0.2062
pol,2007,0.24759
pol,2008,0.2816
pol,2009,0.32946
pol,2010,0.39698
pol,2011,0.49352
pol,2012,0.62453
pol,2013,0.74883
pol,2014,0.93294
pol,2015,1.14302
prk,1971,4.05779
prk,1972,3.97714
prk,1973,3.95957
prk,1974,3.85334
prk,1975,3.78632
prk,1976,3.62418
prk,1977,3.49416
prk,1978,3.30481
prk,1979,3.13701
prk,1980,3.00236
prk,1981,2.96802
prk,1982,2.883
prk,1983,2.82086
prk,1984,2.7932
prk,1985,2.9384
prk,1986,3.15718
prk,1987,3.42913
prk,1988,3.71396
prk,1989,3.72811
prk,1990,3.43444
prk,1991,3.46044
prk,1992,3.47889
prk,1993,3.54265
prk,1994,3.99068
prk,1995,4.32035
prk,1996,4.28986
prk,1997,3.82105
prk,1998,3.84016
prk,1999,3.6314
prk,2000,3.32389
prk,2001,3.34343
prk,2002,3.48731
prk,2003,3.75951
prk,2004,3.91822
prk,2005,3.95466
prk,2006,3.76263
prk,2007,4.66108
prk,2008,4.48098
prk,2009,4.03182
prk,2010,4.55361
prk,2011,6.05789
prk,2012,6.08377
prk,2013,8.23145
prk,2014,7.01145
prt,1960,8.98533
prt,1961,9.05886
prt,1962,9.29696
prt,1963,9.71058
prt,1964,9.8812
prt,1965,8.61663
prt,1966,11.24617
prt,1967,10.91577
prt,1968,10.15644
prt,1969,10.6856
prt,1970,8.66178
prt,1971,8.45501
prt,1972,9.47426
prt,1973,9.13444
prt,1974,9.3284
prt,1975,7.17107
prt,1976,5.04417
prt,1977,10.72212
prt,1978,10.61026
prt,1979,9.99967
prt,1980,6.91138
prt,1981,4.3532
prt,1982,5.36545
prt,1983,6.20045
prt,1984,7.54996
prt,1985,8.4163
prt,1986,6.05234
prt,1987,6.32947
prt,1988,8.09163
prt,1989,3.23532
prt,1990,3.96056
prt,1991,3.90757
prt,1992,1.97926
prt,1993,3.53595
prt,1994,4.42217
prt,1995,3.18444
prt,1996,5.68398
prt,1997,5.12208
prt,1998,4.39383
prt,1999,2.31244
prt,2000,3.73912
prt,2001,4.48051
prt,2002,2.66018
prt,2003,5.35734
prt,2004,3.7521
prt,2005,2.34078
prt,2006,4.91964
prt,2007,5.31796
prt,2008,4.99397
prt,2009,5.81182
prt,2010,9.09838
prt,2011,7.86978
prt,2012,7.18865
prt,2013,10.01403
prt,2014,10.70459
prt,2015,8.04425
pry,1971,1.03063
pry,1972,1.17626
pry,1973,1.70943
pry,1974,2.52257
pry,1975,3.06903
pry,1976,2.90823
pry,1977,1.77645
pry,1978,1.12152
pry,1979,1.97917
pry,1980,2.71862
pry,1981,2.86362
pry,1982,2.61659
pry,1983,3.10809
pry,1984,3.98464
pry,1985,15.33981
pry,1986,43.27549
pry,1987,58.64794
pry,1988,59.04125
pry,1989,66.07535
pry,1990,5.53633
pry,1991,5.84779
pry,1992,6.39679
pry,1993,7.19749
pry,1994,7.55834
pry,1995,7.81159
pry,1996,7.84213
pry,1997,7.6892
pry,1998,8.013
pry,1999,8.92541
pry,2000,9.95951
pry,2001,9.88004
pry,2002,9.75532
pry,2003,9.3598
pry,2004,9.52716
pry,2005,10.29528
pry,2006,10.82978
pry,2007,11.34814
pry,2008,11.59646
pry,2009,12.35848
pry,2010,12.28852
pry,2011,13.3518
pry,2012,14.14956
pry,2013,15.69648
pry,2014,16.29644
qat,1971,0
qat,1972,0
qat,1973,0
qat,1974,0
qat,1975,0
qat,1976,0
qat,1977,0
qat,1978,0
qat,1979,0
qat,1980,0
qat,1981,0
qat,1982,0
qat,1983,0
qat,1984,0
qat,1985,0
qat,1986,0
qat,1987,0
qat,1988,0
qat,1989,0
qat,1990,0
qat,1991,0
qat,1992,0
qat,1993,0
qat,1994,0
qat,1995,0
qat,1996,0
qat,1997,0
qat,1998,0
qat,1999,0
qat,2000,0
qat,2001,0
qat,2002,0
qat,2003,0
qat,2004,0
qat,2005,0
qat,2006,0
qat,2007,0
qat,2008,0
qat,2009,0
qat,2010,0
qat,2011,0
qat,2012,0
qat,2013,0
qat,2014,0
rou,1971,0.91761
rou,1972,1.43407
rou,1973,1.35684
rou,1974,1.51657
rou,1975,1.5541
rou,1976,1.24693
rou,1977,1.35042
rou,1978,1.42344
rou,1979,1.53152
rou,1980,1.66615
rou,1981,1.69163
rou,1982,1.57393
rou,1983,1.32223
rou,1984,1.50485
rou,1985,1.6836
rou,1986,1.39412
rou,1987,1.38739
rou,1988,1.81664
rou,1989,1.70024
rou,1990,1.32943
rou,1991,1.9627
rou,1992,1.6431
rou,1993,1.58233
rou,1994,1.61761
rou,1995,1.89002
rou,1996,2.59547
rou,1997,5.3915
rou,1998,6.07606
rou,1999,6.65802
rou,2000,6.23589
rou,2001,6.21764
rou,2002,6.16383
rou,2003,5.2414
rou,2004,6.29035
rou,2005,6.74152
rou,2006,6.29832
rou,2007,7.39487
rou,2008,9.85024
rou,2009,11.34793
rou,2010,12.09703
rou,2011,11.31259
rou,2012,11.30084
rou,2013,13.37811
rou,2014,14.51546
rus,1990,4.80006
rus,1991,4.89686
rus,1992,5.35996
rus,1993,5.64873
rus,1994,5.59978
rus,1995,5.82898
rus,1996,6.053
rus,1997,6.33726
rus,1998,6.34928
rus,1999,6.86334
rus,2000,7.14058
rus,2001,7.41994
rus,2002,7.53998
rus,2003,7.56657
rus,2004,7.5065
rus,2005,7.58426
rus,2006,7.65865
rus,2007,7.8235
rus,2008,7.66285
rus,2009,8.24879
rus,2010,7.96531
rus,2011,7.66651
rus,2012,7.64039
rus,2013,7.72623
rus,2014,8.15652
sau,1971,0
sau,1972,0
sau,1973,0
sau,1974,0
sau,1975,0
sau,1976,0
sau,1977,0
sau,1978,0
sau,1979,0
sau,1980,0
sau,1981,0
sau,1982,0
sau,1983,0
sau,1984,0
sau,1985,0
sau,1986,0
sau,1987,0
sau,1988,0
sau,1989,0
sau,1990,0
sau,1991,0
sau,1992,0
sau,1993,0
sau,1994,0
sau,1995,0
sau,1996,0
sau,1997,0
sau,1998,0
sau,1999,0
sau,2000,0
sau,2001,0
sau,2002,0
sau,2003,0
sau,2004,0
sau,2005,0
sau,2006,0
sau,2007,0
sau,2008,0
sau,2009,0
sau,2010,0
sau,2011,0
sau,2012,0.00004
sau,2013,0.00004
sau,2014,0.00004
sdn,1971,0.29981
sdn,1972,0.43902
sdn,1973,0.49853
sdn,1974,0.53611
sdn,1975,0.57702
sdn,1976,0.64882
sdn,1977,0.59179
sdn,1978,0.5993
sdn,1979,0.64797
sdn,1980,0.58806
sdn,1981,0.59973
sdn,1982,0.61485
sdn,1983,0.6164
sdn,1984,0.65801
sdn,1985,0.66939
sdn,1986,0.78074
sdn,1987,0.81771
sdn,1988,0.76362
sdn,1989,0.76653
sdn,1990,0.64412
sdn,1991,0.62969
sdn,1992,0.68876
sdn,1993,0.67562
sdn,1994,0.5765
sdn,1995,0.50277
sdn,1996,0.50933
sdn,1997,0.452
sdn,1998,0.48153
sdn,1999,0.62152
sdn,2000,0.64111
sdn,2001,0.50965
sdn,2002,0.5262
sdn,2003,0.4894
sdn,2004,0.46613
sdn,2005,0.57224
sdn,2006,0.56011
sdn,2007,0.61114
sdn,2008,0.61878
sdn,2009,1.3199
sdn,2010,2.56508
sdn,2011,2.64185
sdn,2012,3.20619
sdn,2013,3.75262
sdn,2014,4.36539
sen,1971,0
sen,1972,0
sen,1973,0
sen,1974,0
sen,1975,0
sen,1976,0
sen,1977,0
sen,1978,0
sen,1979,0
sen,1980,0
sen,1981,0
sen,1982,0
sen,1983,0
sen,1984,0
sen,1985,0
sen,1986,0
sen,1987,0
sen,1988,0
sen,1989,0
sen,1990,0
sen,1991,0
sen,1992,0
sen,1993,0
sen,1994,0
sen,1995,0
sen,1996,0
sen,1997,0
sen,1998,0
sen,1999,0
sen,2000,0.00717
sen,2001,0.00664
sen,2002,0.45376
sen,2003,0.67741
sen,2004,0.59556
sen,2005,0.56164
sen,2006,0.53027
sen,2007,0.41326
sen,2008,0.42737
sen,2009,0.44917
sen,2010,0.47531
sen,2011,0.45969
sen,2012,0.52006
sen,2013,0.6263
sen,2014,0.60952
sgp,1971,0
sgp,1972,0
sgp,1973,0
sgp,1974,0
sgp,1975,0
sgp,1976,0
sgp,1977,0
sgp,1978,0
sgp,1979,0
sgp,1980,0
sgp,1981,0
sgp,1982,0
sgp,1983,0
sgp,1984,0
sgp,1985,0
sgp,1986,0
sgp,1987,0
sgp,1988,0
sgp,1989,0
sgp,1990,0.05231
sgp,1991,0.12841
sgp,1992,0.11464
sgp,1993,0.09427
sgp,1994,0.07816
sgp,1995,0.09194
sgp,1996,0.08784
sgp,1997,0.0788
sgp,1998,0.0886
sgp,1999,0.09899
sgp,2000,0.09733
sgp,2001,0.16057
sgp,2002,0.16259
sgp,2003,0.14106
sgp,2004,0.11208
sgp,2005,0.17702
sgp,2006,0.16519
sgp,2007,0.18173
sgp,2008,0.17118
sgp,2009,0.20419
sgp,2010,0.18669
sgp,2011,0.18706
sgp,2012,0.19867
sgp,2013,0.19883
sgp,2014,0.19279
slv,1971,2.56231
slv,1972,2.02946
slv,1973,2.13741
slv,1974,2.38781
slv,1975,7.40245
slv,1976,18.16966
slv,1977,17.94369
slv,1978,20.09768
slv,1979,17.99437
slv,1980,20.02097
slv,1981,26.89917
slv,1982,28.66403
slv,1983,23.90646
slv,1984,23.90746
slv,1985,17.66123
slv,1986,18.7136
slv,1987,18.53663
slv,1988,20.2945
slv,1989,20.62038
slv,1990,5.93124
slv,1991,4.52569
slv,1992,4.72034
slv,1993,4.63123
slv,1994,4.12116
slv,1995,4.12188
slv,1996,5.33319
slv,1997,4.07219
slv,1998,4.07646
slv,1999,4.9109
slv,2000,4.47263
slv,2001,3.98573
slv,2002,3.98623
slv,2003,4.3373
slv,2004,4.1535
slv,2005,4.66761
slv,2006,4.6805
slv,2007,5.22582
slv,2008,5.69364
slv,2009,5.26659
slv,2010,6.13121
slv,2011,6.03714
slv,2012,5.9413
slv,2013,6.58837
slv,2014,6.30929
srb,1990,3.26381
srb,1991,4.53141
srb,1992,5.12751
srb,1993,4.75083
srb,1994,5.35612
srb,1995,5.56714
srb,1996,5.71575
srb,1997,4.64505
srb,1998,4.67541
srb,1999,7.14955
srb,2000,6.01089
srb,2001,5.86314
srb,2002,5.2698
srb,2003,4.04023
srb,2004,3.99447
srb,2005,4.5308
srb,2006,3.97963
srb,2007,3.78244
srb,2008,3.65477
srb,2009,4.28362
srb,2010,4.85994
srb,2011,3.429
srb,2012,4.16913
srb,2013,4.07651
srb,2014,5.65491
ssd,2012,0.02671
ssd,2013,0.0254
ssd,2014,0.02456
sur,2000,12.55995
sur,2001,12.10311
sur,2002,17.41549
sur,2003,14.70971
sur,2004,12.84496
sur,2005,9.71617
sur,2006,13.11745
sur,2007,15.57191
sur,2008,17.1726
sur,2009,17.03167
sur,2010,13.02606
sur,2011,13.00116
sur,2012,12.29095
sur,2013,14.53422
sur,2014,15.18762
svk,1971,0.89025
svk,1972,0.9023
svk,1973,1.12226
svk,1974,1.95648
svk,1975,1.3168
svk,1976,1.66066
svk,1977,1.29398
svk,1978,1.03688
svk,1979,3.68246
svk,1980,6.91989
svk,1981,7.75682
svk,1982,8.80058
svk,1983,9.17553
svk,1984,10.02075
svk,1985,12.67567
svk,1986,15.46853
svk,1987,14.87887
svk,1988,14.5694
svk,1989,15.48802
svk,1990,15.40326
svk,1991,16.49674
svk,1992,16.72076
svk,1993,18.26743
svk,1994,20.5441
svk,1995,18.70928
svk,1996,18.07162
svk,1997,17.70539
svk,1998,18.62089
svk,1999,21.12878
svk,2000,25.82477
svk,2001,26.01438
svk,2002,26.9773
svk,2003,26.47688
svk,2004,26.05542
svk,2005,26.42313
svk,2006,27.09304
svk,2007,24.63056
svk,2008,25.76735
svk,2009,24.41405
svk,2010,24.03662
svk,2011,25.55052
svk,2012,26.85062
svk,2013,27.16428
svk,2014,28.29793
svk,2015,27.46779
svn,1990,24.3953
svn,1991,27.1126
svn,1992,23.97235
svn,1993,22.49739
svn,1994,25.06598
svn,1995,23.85984
svn,1996,22.78161
svn,1997,22.91906
svn,1998,23.75966
svn,1999,22.95032
svn,2000,23.34049
svn,2001,24.03917
svn,2002,24.46766
svn,2003,22.88067
svn,2004,24.05559
svn,2005,24.51621
svn,2006,23.4799
svn,2007,23.71233
svn,2008,24.65522
svn,2009,25.20373
svn,2010,24.65658
svn,2011,26.19567
svn,2012,25.31158
svn,2013,25.90978
svn,2014,31.86264
svn,2015,28.22585
swe,1960,13.2111
swe,1961,15.25005
swe,1962,15.27329
swe,1963,13.90276
swe,1964,14.76191
swe,1965,15.03481
swe,1966,13.81896
swe,1967,14.88554
swe,1968,13.26005
swe,1969,10.5379
swe,1970,9.51547
swe,1971,12.47614
swe,1972,13.60755
swe,1973,14.67289
swe,1974,14.83514
swe,1975,20.69262
swe,1976,20.9737
swe,1977,23.47154
swe,1978,26.89105
swe,1979,24.75233
swe,1980,29.55557
swe,1981,35.26956
swe,1982,36.71859
swe,1983,39.24323
swe,1984,43.94983
swe,1985,45.23863
swe,1986,47.69861
swe,1987,49.05328
swe,1988,48.79846
swe,1989,48.97462
swe,1990,48.78335
swe,1991,50.59261
swe,1992,47.16522
swe,1993,46.2326
swe,1994,47.40858
swe,1995,46.29965
swe,1996,45.65802
swe,1997,46.65132
swe,1998,47.95271
swe,1999,48.47691
swe,2000,44.47452
swe,2001,48.66232
swe,2002,44.56108
swe,2003,43.97236
swe,2004,47.41828
swe,2005,47.23819
swe,2006,45.12012
swe,2007,46.06955
swe,2008,45.36707
swe,2009,43.01044
swe,2010,41.42688
swe,2011,43.40529
swe,2012,46.00054
swe,2013,46.77122
swe,2014,47.47232
swe,2015,43.24115
syr,1971,0.18443
syr,1972,0.26936
syr,1973,0.07102
syr,1974,1.07224
syr,1975,2.11273
syr,1976,3.05953
syr,1977,3.95615
syr,1978,4.28817
syr,1979,3.7106
syr,1980,4.93251
syr,1981,4.2874
syr,1982,3.97916
syr,1983,3.28603
syr,1984,3.38771
syr,1985,3.66969
syr,1986,3.05764
syr,1987,2.74953
syr,1988,2.61383
syr,1989,2.56336
syr,1990,1.59729
syr,1991,1.41403
syr,1992,1.4517
syr,1993,1.42245
syr,1994,1.23604
syr,1995,1.05821
syr,1996,1.01827
syr,1997,0.95623
syr,1998,0.89107
syr,1999,0.9076
syr,2000,1.04019
syr,2001,1.11819
syr,2002,0.81715
syr,2003,0.93045
syr,2004,1.3758
syr,2005,1.20393
syr,2006,1.05394
syr,2007,0.89587
syr,2008,0.71673
syr,2009,0.46871
syr,2010,0.74623
syr,2011,1.02919
syr,2012,1.35972
syr,2013,1.60768
syr,2014,1.35083
tgo,1971,0.89934
tgo,1972,0.65685
tgo,1973,0.4379
tgo,1974,0.87614
tgo,1975,1.0509
tgo,1976,0.83966
tgo,1977,1.5824
tgo,1978,1.73047
tgo,1979,0.36962
tgo,1980,0.36809
tgo,1981,0.36076
tgo,1982,0.51373
tgo,1983,0.17551
tgo,1984,0.33769
tgo,1985,0.66272
tgo,1986,0.60727
tgo,1987,0.57374
tgo,1988,0.562
tgo,1989,0.68146
tgo,1990,1.40402
tgo,1991,1.48684
tgo,1992,1.87232
tgo,1993,1.46681
tgo,1994,1.11504
tgo,1995,1.93031
tgo,1996,1.77095
tgo,1997,1.52104
tgo,1998,1.30952
tgo,1999,1.05084
tgo,2000,1.08496
tgo,2001,0.81186
tgo,2002,1.11795
tgo,2003,1.4083
tgo,2004,0.93829
tgo,2005,0.86602
tgo,2006,0.93213
tgo,2007,0.99563
tgo,2008,1.58219
tgo,2009,1.5601
tgo,2010,1.2005
tgo,2011,2.09347
tgo,2012,2.25434
tgo,2013,2.15792
tgo,2014,2.406
tha,1971,1.28661
tha,1972,1.03419
tha,1973,1.03592
tha,1974,1.32608
tha,1975,1.68573
tha,1976,1.66064
tha,1977,1.40015
tha,1978,0.87076
tha,1979,1.27477
tha,1980,0.49758
tha,1981,1.15004
tha,1982,1.46698
tha,1983,1.52351
tha,1984,1.53845
tha,1985,1.28313
tha,1986,1.83812
tha,1987,1.2209
tha,1988,0.99269
tha,1989,1.30821
tha,1990,0.88557
tha,1991,0.74897
tha,1992,0.6487
tha,1993,0.552
tha,1994,0.60224
tha,1995,0.82918
tha,1996,0.78515
tha,1997,0.77644
tha,1998,0.60156
tha,1999,0.38963
tha,2000,0.65705
tha,2001,0.65682
tha,2002,0.71792
tha,2003,0.64423
tha,2004,0.49375
tha,2005,0.46217
tha,2006,0.63863
tha,2007,0.61722
tha,2008,0.52307
tha,2009,0.52826
tha,2010,0.39559
tha,2011,1.01227
tha,2012,1.10923
tha,2013,0.8999
tha,2014,1.10808
tjk,1990,26.14517
tjk,1991,27.33995
tjk,1992,32.3385
tjk,1993,36.76413
tjk,1994,48.66851
tjk,1995,52.76088
tjk,1996,53.65475
tjk,1997,47.16903
tjk,1998,46.5034
tjk,1999,49.5989
tjk,2000,52.27755
tjk,2001,53.56483
tjk,2002,54.43469
tjk,2003,54.30071
tjk,2004,51.24882
tjk,2005,52.945
tjk,2006,51.60362
tjk,2007,48.03594
tjk,2008,48.85543
tjk,2009,53.82243
tjk,2010,55.57672
tjk,2011,53.80628
tjk,2012,50.02279
tjk,2013,44.47589
tjk,2014,37.48195
tkm,1990,0.19782
tkm,1991,0.22141
tkm,1992,0.00138
tkm,1993,0.00197
tkm,1994,0.00124
tkm,1995,0.00128
tkm,1996,0.00167
tkm,1997,0.00147
tkm,1998,0.00229
tkm,1999,0.00157
tkm,2000,0
tkm,2001,0
tkm,2002,0
tkm,2003,0
tkm,2004,0
tkm,2005,0
tkm,2006,0
tkm,2007,0
tkm,2008,0
tkm,2009,0
tkm,2010,0
tkm,2011,0
tkm,2012,0
tkm,2013,0
tkm,2014,0
tto,1971,0
tto,1972,0
tto,1973,0
tto,1974,0
tto,1975,0
tto,1976,0
tto,1977,0
tto,1978,0
tto,1979,0
tto,1980,0
tto,1981,0
tto,1982,0
tto,1983,0
tto,1984,0
tto,1985,0
tto,1986,0
tto,1987,0
tto,1988,0
tto,1989,0
tto,1990,0
tto,1991,0
tto,1992,0
tto,1993,0
tto,1994,0
tto,1995,0
tto,1996,0
tto,1997,0
tto,1998,0
tto,1999,0
tto,2000,0
tto,2001,0
tto,2002,0
tto,2003,0
tto,2004,0
tto,2005,0
tto,2006,0
tto,2007,0
tto,2008,0
tto,2009,0
tto,2010,0
tto,2011,0
tto,2012,0
tto,2013,0
tto,2014,0
tun,1971,0.2701
tun,1972,0.25668
tun,1973,0.33287
tun,1974,0.09005
tun,1975,0.12663
tun,1976,0.20031
tun,1977,0.10593
tun,1978,0.09025
tun,1979,0.12035
tun,1980,0.06316
tun,1981,0.07652
tun,1982,0.0985
tun,1983,0.06613
tun,1984,0.14205
tun,1985,0.23555
tun,1986,0.11315
tun,1987,0.24335
tun,1988,0.09619
tun,1989,0.071
tun,1990,0.06782
tun,1991,0.16444
tun,1992,0.09148
tun,1993,0.09144
tun,1994,0.05393
tun,1995,0.04956
tun,1996,0.08111
tun,1997,0.05143
tun,1998,0.07686
tun,1999,0.09459
tun,2000,0.08678
tun,2001,0.07334
tun,2002,0.08708
tun,2003,0.19678
tun,2004,0.18623
tun,2005,0.17153
tun,2006,0.11573
tun,2007,0.07761
tun,2008,0.05591
tun,2009,0.13782
tun,2010,0.39576
tun,2011,0.43297
tun,2012,0.55381
tun,2013,0.66411
tun,2014,0.79766
tur,1960,0.80611
tur,1961,1.00269
tur,1962,0.81547
tur,1963,1.48068
tur,1964,1.10582
tur,1965,1.40925
tur,1966,1.37322
tur,1967,1.34935
tur,1968,1.70388
tur,1969,1.74954
tur,1970,1.55585
tur,1971,1.34205
tur,1972,1.42012
tur,1973,1.1181
tur,1974,1.34412
tur,1975,2.10579
tur,1976,2.67164
tur,1977,2.4907
tur,1978,2.71388
tur,1979,3.12447
tur,1980,3.29475
tur,1981,3.61185
tur,1982,3.85968
tur,1983,3.01342
tur,1984,3.64055
tur,1985,3.23868
tur,1986,3.22869
tur,1987,4.2269
tur,1988,6.13649
tur,1989,3.98671
tur,1990,3.70435
tur,1991,3.72196
tur,1992,4.11775
tur,1993,4.81287
tur,1994,4.50222
tur,1995,4.69965
tur,1996,4.86538
tur,1997,4.76742
tur,1998,5.02815
tur,1999,4.4647
tur,2000,3.85314
tur,2001,3.68644
tur,2002,4.48986
tur,2003,4.53409
tur,2004,5.3809
tur,2005,4.77988
tur,2006,4.69095
tur,2007,3.83402
tur,2008,3.86391
tur,2009,4.38503
tur,2010,5.3277
tur,2011,5.38113
tur,2012,5.7271
tur,2013,6.11514
tur,2014,4.95017
tur,2015,6.6543
tza,1971,0.35073
tza,1972,0.36107
tza,1973,0.33089
tza,1974,0.32977
tza,1975,0.48318
tza,1976,0.55496
tza,1977,0.57697
tza,1978,0.57051
tza,1979,0.57063
tza,1980,0.7339
tza,1981,0.76486
tza,1982,0.75778
tza,1983,0.75474
tza,1984,0.78332
tza,1985,0.86807
tza,1986,0.99009
tza,1987,1.08231
tza,1988,1.15639
tza,1989,1.28249
tza,1990,1.09627
tza,1991,1.17208
tza,1992,1.12071
tza,1993,1.03888
tza,1994,0.99771
tza,1995,1.01108
tza,1996,1.21091
tza,1997,1.00641
tza,1998,1.31852
tza,1999,1.14131
tza,2000,1.07039
tza,2001,1.18873
tza,2002,1.28889
tza,2003,1.29069
tza,2004,0.853
tza,2005,0.64956
tza,2006,0.53561
tza,2007,0.87328
tza,2008,0.97812
tza,2009,0.76131
tza,2010,0.87516
tza,2011,0.61907
tza,2012,0.52571
tza,2013,0.50579
tza,2014,0.72389
ukr,1990,8.12444
ukr,1991,8.0473
ukr,1992,8.98867
ukr,1993,10.4485
ukr,1994,11.28944
ukr,1995,11.61444
ukr,1996,14.17825
ukr,1997,14.83845
ukr,1998,15.13279
ukr,1999,14.51575
ukr,2000,15.54507
ukr,2001,15.28456
ukr,2002,15.37143
ukr,2003,15.01648
ukr,2004,16.23007
ukr,2005,16.68307
ukr,2006,17.66381
ukr,2007,17.85261
ukr,2008,18.02026
ukr,2009,19.6196
ukr,2010,18.269
ukr,2011,19.24455
ukr,2012,19.85443
ukr,2013,19.61319
ukr,2014,22.53087
ury,1971,5.22727
ury,1972,3.4776
ury,1973,5.6067
ury,1974,5.00131
ury,1975,3.98493
ury,1976,4.23547
ury,1977,5.43253
ury,1978,5.518
ury,1979,4.11792
ury,1980,11.31892
ury,1981,13.02042
ury,1982,19.03595
ury,1983,29.51272
ury,1984,30.35941
ury,1985,27.77393
ury,1986,30.43087
ury,1987,28.50522
ury,1988,19.84756
ury,1989,13.92544
ury,1990,13.62552
ury,1991,12.80961
ury,1992,12.00962
ury,1993,14.29782
ury,1994,16.51645
ury,1995,15.51992
ury,1996,13.65049
ury,1997,15.12449
ury,1998,16.32611
ury,1999,12.59439
ury,2000,17.15417
ury,2001,20.69227
ury,2002,22.12634
ury,2003,20.96899
ury,2004,15.18927
ury,2005,16.42732
ury,2006,12.55557
ury,2007,18.37953
ury,2008,8.99268
ury,2009,10.93192
ury,2010,15.45642
ury,2011,11.54237
ury,2012,9.36565
ury,2013,13.18544
ury,2014,14.75069
usa,1960,1.26126
usa,1961,1.33476
usa,1962,1.43006
usa,1963,1.36539
usa,1964,1.40059
usa,1965,1.47223
usa,1966,1.43949
usa,1967,1.59372
usa,1968,1.63248
usa,1969,1.76061
usa,1970,1.81068
usa,1971,2.12491
usa,1972,2.38232
usa,1973,2.78435
usa,1974,3.54622
usa,1975,4.64653
usa,1976,4.56987
usa,1977,5.0252
usa,1978,5.50575
usa,1979,5.24608
usa,1980,5.42729
usa,1981,5.8779
usa,1982,6.49437
usa,1983,6.84777
usa,1984,7.12941
usa,1985,7.83031
usa,1986,8.41397
usa,1987,8.4447
usa,1988,9.00779
usa,1989,9.3167
usa,1990,9.45112
usa,1991,9.98758
usa,1992,9.7548
usa,1993,9.57785
usa,1994,9.75188
usa,1995,10.24407
usa,1996,10.1748
usa,1997,9.42468
usa,1998,9.79913
usa,1999,10.35474
usa,2000,10.29705
usa,2001,10.21086
usa,2002,10.51334
usa,2003,10.34292
usa,2004,10.40774
usa,2005,10.35455
usa,2006,10.62841
usa,2007,10.59689
usa,2008,10.9475
usa,2009,11.56011
usa,2010,11.33725
usa,2011,11.56791
usa,2012,11.44757
usa,2013,11.68496
usa,2014,11.68086
usa,2015,11.87433
uzb,1990,0.93974
uzb,1991,0.85615
uzb,1992,0.94388
uzb,1993,1.07414
uzb,1994,1.05583
uzb,1995,0.9946
uzb,1996,1.0758
uzb,1997,0.93437
uzb,1998,0.83748
uzb,1999,0.80868
uzb,2000,0.84339
uzb,2001,0.84366
uzb,2002,0.82295
uzb,2003,1.05206
uzb,2004,1.26208
uzb,2005,1.30448
uzb,2006,1.35542
uzb,2007,0.95366
uzb,2008,1.62434
uzb,2009,1.50242
uzb,2010,1.78689
uzb,2011,1.53965
uzb,2012,1.64848
uzb,2013,1.91707
ven,1971,2.59701
ven,1972,2.99842
ven,1973,2.80785
ven,1974,2.93986
ven,1975,3.33399
ven,1976,3.80758
ven,1977,4.091
ven,1978,3.81163
ven,1979,4.28371
ven,1980,3.84042
ven,1981,3.70554
ven,1982,3.89853
ven,1983,4.1312
ven,1984,4.74421
ven,1985,5.36014
ven,1986,5.69133
ven,1987,6.9707
ven,1988,8.00477
ven,1989,7.89905
ven,1990,6.0957
ven,1991,7.01325
ven,1992,6.7051
ven,1993,7.29872
ven,1994,6.61928
ven,1995,7.07472
ven,1996,6.91268
ven,1997,7.35784
ven,1998,6.92822
ven,1999,7.57044
ven,2000,7.5157
ven,2001,6.92703
ven,2002,6.29866
ven,2003,6.88171
ven,2004,7.53482
ven,2005,7.97144
ven,2006,7.64207
ven,2007,8.22089
ven,2008,7.52561
ven,2009,7.68885
ven,2010,6.55035
ven,2011,7.70432
ven,2012,6.97263
ven,2013,8.24706
vnm,1971,0.39935
vnm,1972,0.27195
vnm,1973,0.25881
vnm,1974,0.276
vnm,1975,0.30919
vnm,1976,0.38374
vnm,1977,0.39785
vnm,1978,0.51706
vnm,1979,0.62481
vnm,1980,0.88917
vnm,1981,0.88925
vnm,1982,0.88846
vnm,1983,0.67477
vnm,1984,0.8718
vnm,1985,0.79555
vnm,1986,0.72334
vnm,1987,0.67241
vnm,1988,0.8621
vnm,1989,1.89002
vnm,1990,1.84164
vnm,1991,2.14432
vnm,1992,2.34836
vnm,1993,2.45544
vnm,1994,2.9264
vnm,1995,3.1789
vnm,1996,3.527
vnm,1997,3.21963
vnm,1998,2.93811
vnm,1999,3.59885
vnm,2000,3.67304
vnm,2001,4.29849
vnm,2002,3.93105
vnm,2003,3.9584
vnm,2004,3.36959
vnm,2005,3.10158
vnm,2006,3.69548
vnm,2007,3.98685
vnm,2008,4.2471
vnm,2009,4.49472
vnm,2010,3.69036
vnm,2011,5.44897
vnm,2012,6.8028
vnm,2013,6.9372
yem,1971,0
yem,1972,0
yem,1973,0
yem,1974,0
yem,1975,0
yem,1976,0
yem,1977,0
yem,1978,0
yem,1979,0
yem,1980,0
yem,1981,0
yem,1982,0
yem,1983,0
yem,1984,0
yem,1985,0
yem,1986,0
yem,1987,0
yem,1988,0
yem,1989,0
yem,1990,0
yem,1991,0
yem,1992,0
yem,1993,0
yem,1994,0
yem,1995,0
yem,1996,0
yem,1997,0
yem,1998,0
yem,1999,0
yem,2000,0
yem,2001,0
yem,2002,0
yem,2003,0
yem,2004,0
yem,2005,0
yem,2006,0
yem,2007,0
yem,2008,0
yem,2009,0
yem,2010,0
yem,2011,0
yem,2012,0
yem,2013,0
zaf,1971,0.0212
zaf,1972,0.15526
zaf,1973,0.17223
zaf,1974,0.19089
zaf,1975,0.17846
zaf,1976,0.28895
zaf,1977,0.29334
zaf,1978,0.27235
zaf,1979,0.15821
zaf,1980,0.13048
zaf,1981,0.19766
zaf,1982,0.11171
zaf,1983,0.06425
zaf,1984,1.23953
zaf,1985,1.66526
zaf,1986,2.70474
zaf,1987,1.87285
zaf,1988,3.0991
zaf,1989,3.36888
zaf,1990,2.50076
zaf,1991,2.65727
zaf,1992,2.78804
zaf,1993,2.0015
zaf,1994,2.6455
zaf,1995,2.87773
zaf,1996,2.9899
zaf,1997,3.17249
zaf,1998,3.38952
zaf,1999,3.10934
zaf,2000,3.18211
zaf,2001,2.6238
zaf,2002,3.00534
zaf,2003,2.85954
zaf,2004,2.7751
zaf,2005,2.38053
zaf,2006,2.22228
zaf,2007,2.222
zaf,2008,2.39851
zaf,2009,2.42684
zaf,2010,2.37368
zaf,2011,2.64318
zaf,2012,2.35483
zaf,2013,2.76874
zaf,2014,2.66495
zmb,1971,2.16293
zmb,1972,6.94565
zmb,1973,6.55507
zmb,1974,11.91067
zmb,1975,13.03568
zmb,1976,13.63615
zmb,1977,17.1683
zmb,1978,15.49548
zmb,1979,17.25445
zmb,1980,17.10032
zmb,1981,18.26231
zmb,1982,18.57264
zmb,1983,17.50081
zmb,1984,16.75245
zmb,1985,17.02494
zmb,1986,16.2863
zmb,1987,13.1807
zmb,1988,12.91211
zmb,1989,10.12045
zmb,1990,9.27993
zmb,1991,8.92927
zmb,1992,9.08211
zmb,1993,9.32544
zmb,1994,9.39035
zmb,1995,9.19768
zmb,1996,9.21207
zmb,1997,8.41675
zmb,1998,7.80328
zmb,1999,8.06536
zmb,2000,8.25999
zmb,2001,8.51905
zmb,2002,8.81176
zmb,2003,9.0207
zmb,2004,9.30542
zmb,2005,9.34073
zmb,2006,9.57482
zmb,2007,9.25026
zmb,2008,8.12635
zmb,2009,7.87582
zmb,2010,8.13544
zmb,2011,8.47509
zmb,2012,9.7188
zmb,2013,9.67483
zwe,1971,3.83412
zwe,1972,5.56115
zwe,1973,5.11089
zwe,1974,6.93772
zwe,1975,7.66148
zwe,1976,7.86482
zwe,1977,8.54588
zwe,1978,7.91435
zwe,1979,8.40339
zwe,1980,5.30897
zwe,1981,5.06242
zwe,1982,4.57941
zwe,1983,4.39
zwe,1984,3.77818
zwe,1985,3.31662
zwe,1986,2.60389
zwe,1987,1.11443
zwe,1988,2.73671
zwe,1989,3.23435
zwe,1990,3.87558
zwe,1991,2.79984
zwe,1992,2.75689
zwe,1993,1.97996
zwe,1994,2.14891
zwe,1995,2.34194
zwe,1996,2.54544
zwe,1997,2.65433
zwe,1998,2.57237
zwe,1999,3.59088
zwe,2000,4.11733
zwe,2001,3.30424
zwe,2002,4.01418
zwe,2003,5.77433
zwe,2004,5.37443
zwe,2005,4.88094
zwe,2006,5.98583
zwe,2007,5.6888
zwe,2008,5.36919
zwe,2009,4.96887
zwe,2010,4.48322
zwe,2011,3.80773
zwe,2012,3.64878
zwe,2013,3.29584
