geo,time,ny_trf_nctr_kn
alb,1995,54456274709.5929
alb,1996,58456694018.5706
alb,1997,33301764831.5475
alb,1998,51832283981.3919
alb,1999,34705771509.4489
alb,2000,47324143210.5667
alb,2001,56915161694.325
alb,2002,60569727906.3641
alb,2003,67237763966.2543
alb,2004,72901029391.66409
alb,2005,80197799207.30231
alb,2006,82997382518.68211
alb,2007,93401717271.09903
alb,2008,85011528081.54518
alb,2009,87404533837.34241
alb,2010,91724237963.27968
alb,2011,80151170180.58348
alb,2012,69842541395.90601
arg,1991,400683808
arg,1992,762695296
arg,1993,552200000
arg,1994,497200000
arg,1995,596800000
arg,1996,482200000
arg,1997,514857571.84219
arg,1998,464068201.99696
arg,1999,453310064.8396
arg,2000,399035947.95039
arg,2001,424494817.45135
arg,2002,1679647764.66055
arg,2003,1504688655.59218
arg,2004,1725839176.72528
arg,2005,1638500000
arg,2006,1903313993.72825
arm,1993,242800275483.561
arm,1994,113852098252.985
arm,1995,80403509039.4012
arm,1996,76424395007.15401
arm,1997,91362517950.2142
arm,1998,68914148352.1761
arm,1999,71825625421.88831
arm,2000,72088370270.81129
arm,2001,73191753664.9588
arm,2002,73908047246.7718
arm,2003,90475640268.16982
arm,2004,153602616447.58701
arm,2005,156525436828.12399
arm,2006,180773130772.358
arm,2007,193686546146.698
arm,2008,194955568043.854
arm,2009,154603189772.08899
arm,2010,104407690110.799
arm,2011,123697864871.48
arm,2012,128649318689.257
arm,2013,126453517855.243
aut,1960,-422566355.22742
aut,1961,-445965413.10723
aut,1962,-457778328.53679
aut,1963,-476721443.77961
aut,1964,-505914378.19568
aut,1965,-523517487.22768
aut,1966,-541656140.43047
aut,1967,-643211438.12391
aut,1968,-802433937.46326
aut,1969,-756120367.30974
aut,1970,-704734772.62806
aut,1971,-668018228.47418
aut,1972,-828941628.72034
aut,1973,-936392574.76406
aut,1974,-805826192.80498
aut,1975,-885372199.76774
aut,1976,-1105130584.48121
aut,1977,-1267136206.28784
aut,1978,-1339942218.88896
aut,1979,-1361129899.23436
aut,1980,-1486426411.27971
aut,1981,-1786794307.34883
aut,1982,-1618845699.09679
aut,1983,-1353557013.16776
aut,1984,-1493883899.49261
aut,1985,-1496895402.75652
aut,1986,-1980807266.17641
aut,1987,-1981993867.74859
aut,1988,-1447133330.09111
aut,1989,-1338023640.98371
aut,1990,-1263245932.76238
aut,1991,-2243682055.12101
aut,1992,-1708164373.14402
aut,1993,-1663159818.27297
aut,1994,-1930713759.01082
aut,1995,-3012019454.92224
aut,1996,-1271289385.46141
aut,1997,-2346158903.68093
aut,1998,-2831382815.4618
aut,1999,-3856729487.12421
aut,2000,-3809310942.37942
aut,2001,-4831146076.54282
aut,2002,-2865343448.79787
aut,2003,-2252237488.93878
aut,2004,-1784727530.69439
aut,2005,-2380296000
aut,2006,-2734203701.36581
aut,2007,-3178102785.77323
aut,2008,-622331574.74044
aut,2009,-2475298233.56764
aut,2010,190510539.37973
aut,2011,-1826967142.10201
aut,2012,-1675585581.67815
aut,2013,-1896495483.21568
aze,1994,75478527.69484
aze,1995,112887487.43222
aze,1996,64252622.62431
aze,1997,38108018.16476
aze,1998,51468692.09476
aze,1999,68725451.00339
aze,2000,64631592.9773
aze,2001,66483325.6761
aze,2002,63348928.95434
aze,2003,118166736.81722
aze,2004,162787256.54412
aze,2005,412634152.16734
aze,2006,468397500.62077
aze,2007,674074983.96718
aze,2008,939974961.3375
aze,2009,645791298.79825
aze,2010,455586074.57825
aze,2011,602528021.69725
aze,2012,615783638.17459
bdi,1997,50016828840.7171
bdi,1998,55398512397.1075
bdi,1999,40072436176.6223
bdi,2000,37830466690.524
bdi,2001,89607486177.9512
bdi,2002,124142392512.946
bdi,2003,145671580898.01099
bdi,2004,159312813742.06799
bdi,2005,260552622000
bdi,2006,208966304855.164
bdi,2007,235378918202.03696
bdi,2008,274916741859.83197
bdi,2009,199544603209.65701
bdi,2010,377621090498.302
bdi,2011,323073984994.00293
bdi,2012,298174800064.35303
bel,1960,1050225546.92435
bel,1961,878241736.7087
bel,1962,765748580.49478
bel,1963,648393157.04641
bel,1964,610435774.80199
bel,1965,786500439.7859
bel,1966,836348292.74595
bel,1967,899064331.3384
bel,1968,972768741.7578
bel,1969,988070654.75249
bel,1970,1104746998.16093
bel,1971,964147166.36192
bel,1972,1058343755.34873
bel,1973,866793691.96635
bel,1974,886287158.74603
bel,1975,855330838.33391
bel,1976,952704112.4865
bel,1977,499916350.98388
bel,1978,314613670.4352
bel,1979,-493453489.96111
bel,1980,-994966079.40272
bel,1981,-845359307.16229
bel,1982,-1718717389.22802
bel,1983,-1818406357.06609
bel,1984,-1458426333.62876
bel,1985,-915767012.37968
bel,1986,-767358420.54063
bel,1987,-165889473.81042
bel,1988,-210075077.95382
bel,1989,-874145413.26272
bel,1990,-628571438.87595
bel,1991,227078690.3157
bel,1992,173236665.1329
bel,1993,2440648836.69505
bel,1994,4380780289.64582
bel,1995,3870977018.06178
bel,1996,4570761653.67304
bel,1997,5019472898.71118
bel,1998,4592318976.95184
bel,1999,5250378595.69602
bel,2000,6403994063.03772
bel,2001,4528364579.97018
bel,2002,3878369740.70181
bel,2003,4393738532.79196
bel,2004,3294514797.56386
bel,2005,1988000000
bel,2006,2662583872.50707
bel,2007,3212574058.9006
bel,2008,4641350003.95097
bel,2009,-1967937333.60011
bel,2010,5622157913.28774
bel,2011,3050177564.79229
bel,2012,865154575.12339
bel,2013,-456515047.68461
ben,1985,27899228692.7927
ben,1986,27920266754.172
ben,1987,23739908577.5426
ben,1988,24003438368.9767
ben,1989,28632129169.8237
ben,1990,47311954988.7
ben,1991,27959503524.8238
ben,1992,37428692941.4211
ben,1993,40123615920.0746
ben,1994,19850500078.4109
ben,1995,20797144352.363
ben,1996,19651078434.5625
ben,1997,44669655631.07729
ben,1998,35580347672.3839
ben,1999,41617908088.1999
ben,2000,53436330314.2219
ben,2001,56747567197.1029
ben,2002,54432701564.9811
ben,2003,40713238119.2325
ben,2004,44598905833.03329
ben,2005,44706325978.8195
ben,2006,60585958183.8493
ben,2007,56082428908.2975
ben,2008,56870686502.3473
ben,2009,52677449937.3535
ben,2010,43982714959.67351
bfa,1969,20819232768
bfa,1970,22499911680
bfa,1971,29649811456
bfa,1972,25856976896
bfa,1973,35519348736
bfa,1974,27825182720
bfa,1975,25354606592
bfa,1976,29495687168
bfa,1977,29206564864
bfa,1978,31144169472
bfa,1979,39987277824
bfa,1980,50856284160
bfa,1981,62077075456
bfa,1982,49495203840
bfa,1983,54063509504
bfa,1984,62667739136
bfa,1985,95769690112
bfa,1986,108644065280
bfa,1987,79887187968
bfa,1988,86161170432
bfa,1989,66176917504
bfa,1990,41910530048
bfa,1991,41705992192
bfa,1992,100417077248
bfa,1993,90008190976
bfa,1994,67565301760
bfa,1995,61917118464
bfa,1996,49549385728
bfa,1997,49160617984
bfa,1998,46691471360
bfa,1999,39837851648
bfa,2000,34394394624
bfa,2001,88292155827.6033
bfa,2002,85543280427.6904
bfa,2003,114914457507.28799
bfa,2004,95069191071.38063
bfa,2005,111514416226.444
bfa,2006,120517009776.321
bfa,2007,169694882210.728
bfa,2008,148409324307.629
bfa,2009,190792637755.59
bfa,2010,179924220773.34698
bfa,2011,192938103171.08801
bfa,2012,202028440734.952
bgd,1973,0
bgd,1974,13309272570.1686
bgd,1975,16004578094.2733
bgd,1976,20453177939.3362
bgd,1977,18125064537.2743
bgd,1978,26370546272.5702
bgd,1979,36946063881.7711
bgd,1980,37780416661.7007
bgd,1981,32261000000
bgd,1982,33790000000
bgd,1983,43411000000
bgd,1984,36457000000
bgd,1985,32596000000
bgd,1986,27222000000
bgd,1987,29930000000
bgd,1988,40322000000
bgd,1989,32489000000
bgd,1990,34020503257.3996
bgd,1991,39061942456.5615
bgd,1992,41916480494.8573
bgd,1993,42759098575.6923
bgd,1994,38829477669.20129
bgd,1995,46845055663.1363
bgd,1996,38168000000
bgd,1997,42729000000
bgd,1998,20606000000
bgd,1999,22539000000
bgd,2000,31577000000
bgd,2001,19904000000
bgd,2002,15585000000
bgd,2003,17025000000
bgd,2004,16048000000
bgd,2005,19306000000
bgd,2006,25013000000
bgd,2007,25576000000
bgd,2008,33429000000
bgd,2009,13319000000
bgd,2010,22077000000
bgd,2011,14990000000
bgd,2012,7979000000
bgd,2013,8308000000
bgr,1980,130176192.05107
bgr,1981,207817190.28805
bgr,1982,243929309.33084
bgr,1983,310606021.96696
bgr,1984,241520065.37298
bgr,1985,221638804.76366
bgr,1986,180355044.01675
bgr,1987,217397982.10544
bgr,1988,266229824.55207
bgr,1989,191932973.7488
bgr,1991,201099299.34069
bgr,1992,114349119.35371
bgr,1993,93224279.59336
bgr,1994,485119833.91841
bgr,1995,301921140.43414
bgr,1996,312564652.74689
bgr,1997,605444892.63042
bgr,1998,482792574.65507
bgr,1999,636464781.78229
bgr,2000,682267804.97169
bgr,2001,1137176235.37582
bgr,2002,1137233273.22185
bgr,2003,1193228634.35293
bgr,2004,1389782921.71454
bgr,2005,1415596505.44485
bgr,2006,1109317117.753
bgr,2007,1034756816.46692
bgr,2008,1201221023.14138
bgr,2009,1075799436.32511
bgr,2010,1014972821.92323
bgr,2011,1039246221.31407
bgr,2012,1021999363.18275
bhs,1997,51813445.9334
bhs,1998,43494184.31034
bhs,1999,40319434.82949
bhs,2000,45528214.14811
bhs,2001,45171806.92125
bhs,2002,43445046.31104
bhs,2003,50464137.82071
bhs,2004,275302243.55343
bhs,2005,85489772.49103
bhs,2006,52100000
bhs,2007,29583055.26257
bih,1995,1191312338.3554
bih,1996,1646251158.47587
bih,1997,1197791780.75804
bih,1998,2275329042.34943
bih,1999,2325388037.49853
bih,2000,1901745833.56396
bih,2001,1706700149.15972
bih,2002,1473622155.98574
bih,2003,1352374487.61043
bih,2004,1431628477.08668
bih,2005,1445030177.17582
blr,1992,53159211667.0268
blr,1993,28485669369.1966
blr,1994,11578852130.909
blr,1995,36606018232.2152
blr,1996,43736195660.7898
blr,1997,41789204364.9188
blr,1998,53615161109.7668
blr,1999,74144733535.87849
blr,2000,116330562034.228
blr,2001,121374961198.461
blr,2002,120523824486.79601
blr,2003,141498140387.569
blr,2004,156859020145.487
blr,2005,82375906557.30348
blr,2006,94111962870.99181
blr,2007,76029160632.32372
blr,2008,67607277022.9826
blr,2009,99109064135.2574
blr,2010,120212720995.735
blr,2011,-1246673242549.62012
blr,2012,-1419976442301.1499
blz,1968,0
blz,1969,0
blz,1990,-19566448
blz,1991,65509516
blz,1992,68476800
blz,1993,65591868
blz,1994,30866290
blz,1995,37724976
blz,1996,36932572
blz,1997,39641392
blz,1998,34584892
blz,1999,68493488
blz,2000,128084250.43265
blz,2001,193525607.84075
blz,2002,197641345.37042
blz,2003,317456168.65589
blz,2004,312678771.84649
blz,2005,158978719.35328
blz,2006,129307869.31481
blz,2007,158356958.33603
blz,2008,180587759.36325
blz,2009,126327495.60682
blz,2010,30308362.8666
blz,2011,65765133.78341
bol,1984,438660205.5314
bol,1985,453707602.92757
bol,1986,436439867.79136
bol,1987,396625241.17579
bol,1988,446100353.39146
bol,1989,489914826.31451
bol,1990,555213719.85814
bol,1991,538865866.03856
bol,1992,697095640.24255
bol,1993,673971561.16216
bol,1994,790600164.21131
bol,1995,595395861.9837
bol,1996,638230953.00693
bol,1997,732902704.31554
bol,1998,837668500.14248
bol,1999,975826763.1893
bol,2000,981875411.52483
bol,2001,1055775544.63794
bol,2002,1057243618.35239
bol,2003,1383876688.23782
bol,2004,1411348681.44189
bol,2005,1615034943.03586
bol,2006,2064727958.01875
bol,2007,2868919020.07223
bol,2008,2473636398.97912
bol,2009,2231907098.51817
bol,2010,1912882259.21226
bol,2011,1829998360.34603
bol,2012,1868291169.56021
bra,2000,2789000000
brb,1992,23870488
brb,1993,9038558
brb,1994,20081358
brb,1995,17966004
brb,1996,20379618
brb,1997,23257478
brb,1998,25114388
brb,1999,38915248
brb,2000,35391992
brb,2001,50906196
brb,2002,77780800
btn,2000,1982936621.12238
btn,2001,1987012054.62028
btn,2002,1783664072.21924
btn,2003,1919469204.09491
btn,2004,2381269823.79803
btn,2005,3102288185.71414
btn,2006,3381578696.48475
btn,2007,3289679524.11314
btn,2008,3738384604.20618
btn,2009,4939318020.70953
btn,2010,5796913779.99682
btn,2011,5128271443.35936
btn,2012,4001728189.4372
btn,2013,3705510000
bwa,1975,-77805446.01559
bwa,1976,222425056.37633
bwa,1977,439999836.09078
bwa,1978,207223215.85723
bwa,1979,321807385.21714
bwa,1980,477608054.28883
bwa,1981,352422503.89828
bwa,1982,153715782.39094
bwa,1983,354038546.66019
bwa,1984,275644214.78835
bwa,1985,451039076.12279
bwa,1986,565496539.77147
bwa,1987,1635893997.46889
bwa,1988,1539119806.04594
bwa,1989,1902240038.60275
bwa,1990,978099404.3284
bwa,1991,1350402811.41176
bwa,1992,487131974.44106
bwa,1993,5988254.85889
bwa,1994,452855278.7802
bwa,1995,-273862247.42795
bwa,1996,1325829467.67145
bwa,1997,1610733551.17727
bwa,1998,2054847175.32069
bwa,1999,2075527119.89154
bwa,2000,1716283952.90832
bwa,2001,1642822122.19895
bwa,2002,1934857177.0049
bwa,2003,3025215243.47377
bwa,2004,2774127978.14761
bwa,2005,3440715530.93093
bwa,2006,4594442693.74245
bwa,2007,6561001514.64896
bwa,2008,7140173414.45786
bwa,2009,5078513899.02047
bwa,2010,5621213139.47576
bwa,2011,4992593736.31451
bwa,2012,8123216485.06565
caf,2000,30096040081.6378
caf,2001,25192609419.8387
caf,2002,29170658134.1595
caf,2003,16909179719.1441
caf,2004,41281561421.1963
caf,2005,16243379771.2657
caf,2006,41948904595.1552
caf,2007,31109351703.7874
caf,2008,32050619658.0644
can,1960,-4314141872.14146
can,1961,-5046722199.40551
can,1962,-5312205868.79787
can,1963,-5727541415.37214
can,1964,-5974773953.2345
can,1965,-6314171841.41958
can,1966,-6778567232.39115
can,1967,-7204390283.99523
can,1968,-6810562720.50059
can,1969,-6216699674.98234
can,1970,-7167979009.5929
can,1971,-7433937528.40564
can,1972,-7095797452.08841
can,1973,-7959146256.692
can,1974,-8802772627.79873
can,1975,-9137848751.82631
can,1976,-11374162129.7388
can,1977,-13817582476.0015
can,1978,-16869760764.2166
can,1979,-19239949834.2676
can,1980,-19569055525.6087
can,1981,-25098015104.6832
can,1982,-25148510722.9676
can,1983,-21900544223.7767
can,1984,-24501387743.4056
can,1985,-25351565167.3926
can,1986,-28530481982.109
can,1987,-27208326620.0423
can,1988,-29840223293.1083
can,1989,-32435204339.4074
can,1990,-34005491816.7158
can,1991,-30660131466.9099
can,1992,-33453339333.08549
can,1993,-32551204040.2515
can,1994,-35846482804.4852
can,1995,-35410210849.6942
can,1996,-34701803628.8137
can,1997,-33787858738.9756
can,1998,-38085969988.7251
can,1999,-40075696706.2462
can,2000,-32883740173.3532
can,2001,-35935474941.2084
can,2002,-33271438776.6528
can,2003,-32894739764.6512
can,2004,-29710737502.69469
can,2005,-29022000000
can,2006,-23140068630.1983
can,2007,-21802138164.6458
can,2008,-22743606427.93
can,2009,-25644556287.3331
can,2010,-29147630307.7152
can,2011,-28364493016.5346
can,2012,-28077937203.3103
can,2013,-23559374413.9224
che,1970,10296956974.0939
che,1971,10084291988.4627
che,1972,10065937933.4737
che,1973,10901685297.6985
che,1974,12276081139.5796
che,1975,9495544857.58543
che,1976,10792760543.9221
che,1977,12599146860.7424
che,1978,11583452861.9946
che,1979,12966745388.0111
che,1980,13328166533.3782
che,1981,16674624798.1956
che,1982,13385228038.3397
che,1983,14937798494.3788
che,1984,17700898344.5158
che,1985,17529735223.2246
che,1986,13676276314.0943
che,1987,11946627956.5431
che,1988,15223504333.4718
che,1989,13348562010.2
che,1990,9781956894.57635
che,1991,10053917115.8667
che,1992,8901288206.7108
che,1993,10746082767.7228
che,1994,7474487258.81037
che,1995,11012481925.438
che,1996,12461200520.2933
che,1997,20075297656.5564
che,1998,22515522675.4088
che,1999,27064521219.4511
che,2000,32346235170.2551
che,2001,19982585588.7991
che,2002,14189467079.9507
che,2003,32980095636.928
che,2004,32102938120.4158
che,2005,44178766608
che,2006,40627560589.361
che,2007,4210756397.51874
che,2008,-35309136149.1801
che,2009,11626411867.8799
che,2010,34872962076.407
che,2011,4945537630.46135
che,2012,18623718208.6749
che,2013,30236460243.9567
chl,1985,161472572441.23099
chl,1986,112228994686.104
chl,1987,128000015316.29401
chl,1988,148322865751.92099
chl,1989,179673702168.802
chl,1990,149396048252.004
chl,1991,254735630657.384
chl,1992,350126573812.52698
chl,1993,301327066606.41901
chl,1994,277821643398.21002
chl,1995,183096823237.707
chl,1996,399814234748.29401
chl,1997,314682192268.49902
chl,1998,300933947061.68903
chl,1999,452348144015.53296
chl,2005,974077150837.4729
chl,2006,1722276285041.44995
chl,2007,1505496036677.73999
chl,2008,1523438870100
chl,2009,883141070000
chl,2010,2179696963600
chl,2011,1305299180151.82007
chl,2012,996888130405.58875
chl,2013,1094755612675.38
chn,1982,2986342979.59297
chn,1983,3191428953.07758
chn,1984,2981472717.80093
chn,1985,1904769128.59949
chn,1986,3477601889.80248
chn,1987,2054997201.88329
chn,1988,3438304921.3924
chn,1989,3116249162.37767
chn,1990,2696610227.2731
chn,1991,8088559233.6
chn,1992,10300924701.6646
chn,1993,9506267929.25578
chn,1994,13552609766.5415
chn,1995,12626388662.9063
chn,1996,17682929086.7178
chn,1997,42229589256.1326
chn,1998,35879384182.9762
chn,1999,42070177860.7304
chn,2000,52247507312
chn,2001,68877116080.3163
chn,2002,104685600135.37
chn,2003,137126337334.55499
chn,2004,168288183577.95499
chn,2005,167045148685.90601
chn,2006,184171371610.09296
chn,2007,215745374579.134
chn,2008,212689069600.069
chn,2009,154399170652.134
chn,2010,184396252429.44199
chn,2011,98315061346.1676
chn,2012,13197719783.7922
chn,2013,-32381982924.593
civ,1997,-212029139757.483
civ,1998,-210338766807.70401
civ,1999,-213423545282.79001
civ,2000,-205926642436.664
civ,2001,-166283064105.94
civ,2002,-219481268549.371
civ,2003,-190365823947.18301
civ,2004,-155665478374.319
civ,2005,-148440936003.67999
civ,2006,-170441753285.392
civ,2007,-124124528069.308
civ,2008,-73075724522.70869
cmr,1970,33811987196.49269
cmr,1971,31047059838.6096
cmr,1972,26870003314.27909
cmr,1973,26691747580.1207
cmr,1974,25060166851.47449
cmr,1975,49578704482.798
cmr,1976,62663134467.5359
cmr,1977,33751031934.0311
cmr,1978,12013400910.7519
cmr,1979,22702907716.9902
cmr,1980,0
cmr,1981,0
cmr,1982,-9471592919.22629
cmr,1983,0
cmr,1984,-13565853380.0808
cmr,1985,-4712004305.89638
cmr,1986,-2502737289.69425
cmr,1987,17694882415.4186
cmr,1988,23230268133.2194
cmr,1989,40862294081.9435
cmr,1990,-18499038706.9424
cmr,1991,25344323100.6284
cmr,1992,70893103629.203
cmr,1993,-6407612527.59683
cmr,1994,10444694327.6022
cmr,1995,33300578440.8157
cmr,1996,18756490974.7661
cmr,1997,48391973396.5843
cmr,1998,63144753786.9089
cmr,1999,67523679116.4341
cmr,2000,69377324355.52361
cmr,2001,83195516331.71678
cmr,2002,155025580040.181
cmr,2003,113979829888.783
cmr,2004,72169163706.6902
cmr,2005,113594093138.02901
cmr,2006,116281239995.784
cmr,2007,201342281813.52399
cmr,2008,232187001630.44296
cmr,2009,179138009509.315
cmr,2010,146524843119.383
cmr,2011,102398808739.138
cmr,2012,83181381270.5663
cog,1990,699978315.60113
cog,1991,-1247504716.90599
cog,1992,-4658723938.85152
cog,1993,-3310699600.90734
cog,1994,-11512067938.3345
cog,1995,13880860310.6978
cog,1996,9687259165.63102
cog,1997,708489590.54992
cog,1998,-1075924156.76217
cog,1999,-1699164549.90724
cog,2000,6844762541.31891
cog,2001,-6013756391.67149
cog,2002,-9311291332.20406
cog,2003,-4210074498.46256
cog,2004,-8340767405.66701
cog,2005,-8323269918.08628
cog,2006,-7355507377.85611
cog,2007,-6692065294.29138
cog,2008,1951010999.39985
cog,2009,-7977183732.6706
cog,2010,-13570210302.9622
cog,2011,-1784035296.12589
cog,2012,6479449021.42127
cog,2013,6479449021.42127
col,2000,4679520079182.54004
col,2001,6725145536323.2998
col,2002,7944959332549.29004
col,2003,10476463162913
col,2004,10185334767161
col,2005,9476383707862.13086
col,2006,10620815110159.09961
col,2007,9826799439563.10156
col,2008,9331870197347.07031
col,2009,8164637630021.83008
col,2010,6902435446908.58008
col,2011,7002938022938.94043
col,2012,6265666866617.12988
col,2013,6404296016402.30957
cri,1991,14363442405
cri,1992,18447946044.3
cri,1993,15605638629.4
cri,1994,16366000203.2
cri,1995,13200015746.8
cri,1996,14465589073.5
cri,1997,12104947097.1
cri,1998,10944490119
cri,1999,9602694166
cri,2000,8333434505.13262
cri,2001,13209945919.092
cri,2002,15308450323.3252
cri,2003,18280062082.6235
cri,2004,18098406593.3675
cri,2005,22193761803.8188
cri,2006,27143625280.5955
cri,2007,33152795478.5912
cri,2008,28329685908.7167
cri,2009,23668252460.3305
cri,2010,20877928436.7713
cri,2011,16851919937.4364
cri,2012,16600036740.0862
cri,2013,14690055099.6404
cyp,1980,260273186.49955
cyp,1981,219311911.85342
cyp,1982,149545378.8929
cyp,1983,89416292.1601
cyp,1984,84249368.90865
cyp,1985,76831508.05442
cyp,1986,70276380.7225
cyp,1987,61023530.57554
cyp,1988,79737161.64636
cyp,1989,62520310.44856
cyp,1990,54218133.1582
cyp,1991,46142934.73971
cyp,1992,37450931.33258
cyp,1993,35891959.75764
cyp,1994,32326076.29787
cyp,1995,44739685.09114
cyp,1996,34435002.78912
cyp,1997,34660888.66561
cyp,1998,42402601.45836
cyp,1999,99200063.19247
cyp,2000,188458738.98379
cyp,2001,57756026.83142
cyp,2002,112799128.25516
cyp,2003,114059909.30595
cyp,2004,119422434.20714
cyp,2005,61617933.50407
cyp,2006,137997509.31878
cyp,2007,-5654652.94819
cyp,2008,-31861771.79052
cze,1990,0.29025
cze,1991,0.3953
cze,1992,4355669193.09451
cze,1993,19456189259.5521
cze,1994,20058047532.4334
cze,1995,959338019.24266
cze,1996,-20864245760.75389
cze,1997,-22010712479.6544
cze,1998,-26202758385.1827
cze,1999,-39520356835.6411
cze,2000,-43844844969.9189
cze,2001,-73539977633.7655
cze,2002,-99565847425.73599
cze,2003,-97045441829.88249
cze,2004,-138474308727.85901
cze,2005,-131341000000
cze,2006,-171335298058.31201
cze,2007,-251607709582.30701
cze,2008,-170411222256.66599
cze,2009,-231364962227.77496
cze,2010,-267361723817.16101
cze,2011,-243952500873.43701
cze,2012,-265594288669.10101
cze,2013,-235198119020.13
deu,1970,6383664570.1068
deu,1971,5058664550.3991
deu,1972,4212533372.93771
deu,1973,4244328980.91093
deu,1974,4288376485.14384
deu,1975,5930978909.25553
deu,1976,7271002387.43523
deu,1977,5434652122.90575
deu,1978,10419941713.464
deu,1979,6689473782.1694
deu,1980,7025023095.79872
deu,1981,4608977451.77741
deu,1982,3326842917.22453
deu,1983,7895502034.55579
deu,1984,13945949027.1408
deu,1985,14383335493.6899
deu,1986,10896623090.2683
deu,1987,8756152433.72486
deu,1988,17240497486.8641
deu,1989,20039069393.6186
deu,1990,20937870839.2944
deu,1991,8593182177.50554
deu,1992,5929372730.89056
deu,1993,2138318381.04779
deu,1994,-11485505052.6316
deu,1995,-16958127654.6389
deu,1996,-12722671121.92
deu,1997,-16531902227.7528
deu,1998,-23067730609.379
deu,1999,-25181333433.8566
deu,2000,-22810275204.1026
deu,2001,-24777633825.3961
deu,2002,-29476048941.9379
deu,2003,-18457775994.4121
deu,2004,18926285669.627
deu,2005,25190000000
deu,2006,46983405922.4686
deu,2007,41030948991.888
deu,2008,28062143984.9624
deu,2009,57008956658.7482
deu,2010,51797940072.1443
deu,2011,55513667005.1726
deu,2012,59022101461.7462
deu,2013,69079320526.00819
dji,1991,15687258671.8948
dji,1992,14193530462.8602
dji,1993,14135435780.5636
dji,1994,9655008241.22159
dji,1995,8320842029.11398
dji,1996,7442107468.91719
dji,1997,6445538320.98438
dji,1998,6333697161.01779
dji,1999,7166284565.03711
dji,2000,6057376765.24377
dji,2001,6885713276.99345
dji,2002,5720762259.01454
dji,2003,3032615445.9511
dji,2004,1583411643.41946
dji,2005,1535503128.87879
dji,2006,-2012653182.60479
dnk,1960,0.09123
dnk,1961,0.09516
dnk,1962,0.10148
dnk,1963,0.10734
dnk,1964,0.11229
dnk,1965,0.12064
dnk,1966,0.12888
dnk,1967,0.13693
dnk,1968,0.14652
dnk,1969,0.15674
dnk,1970,3026974147.05598
dnk,1971,2162716412.12388
dnk,1972,1772970902.61811
dnk,1973,9884333389.69551
dnk,1974,3746419090.67561
dnk,1975,6534579589.70555
dnk,1976,7030747977.65502
dnk,1977,9857176603.11333
dnk,1978,10870523764.5439
dnk,1979,2908342741.09643
dnk,1980,-4906662687.42538
dnk,1981,-12574988895.1854
dnk,1982,-19639062822.9031
dnk,1983,-18114296693.6945
dnk,1984,-23703514736.9271
dnk,1985,-25824111037.8717
dnk,1986,-24113462550.1969
dnk,1987,-20324869165.0813
dnk,1988,-22411878762.3426
dnk,1989,-26024430549.0079
dnk,1990,-28968021569.07529
dnk,1991,-30258194165.3524
dnk,1992,-26172996934.6842
dnk,1993,-18384670149.1211
dnk,1994,-18034355502.10089
dnk,1995,-13492096307.6667
dnk,1996,-16561472333.4904
dnk,1997,-18946005177.4944
dnk,1998,-15444034488.2113
dnk,1999,-11822273598.1765
dnk,2000,-30693527431.619
dnk,2001,-20618260436.6092
dnk,2002,-17351668236.5231
dnk,2003,-9020633343.30462
dnk,2004,6930883230.57196
dnk,2005,21549000000
dnk,2006,29808685263.2811
dnk,2007,17463548692.1211
dnk,2008,25474880489.5411
dnk,2009,23976549107.0946
dnk,2010,35564157727.8158
dnk,2011,42142388846.1317
dnk,2012,46826901785.8415
dnk,2013,61655472838.3712
dom,2009,23639700000
dom,2010,22176395119.6425
dom,2011,23575831412.0842
dom,2012,19654946243.0974
dza,2000,3076966400
dza,2001,2589198080
dza,2002,4043295488
dza,2003,6189664256
dza,2004,7483274240
dza,2005,6131318275.44623
dza,2006,4602826209.54686
dza,2007,5213202441.25788
dza,2008,4770526369.74313
dza,2009,-17704632043.8523
ecu,1965,35633072
ecu,1966,33921140
ecu,1967,44713016
ecu,1968,44677540
ecu,1969,38931372
ecu,1970,60277612
ecu,1971,60706668
ecu,1972,47062204
ecu,1973,64215648
ecu,1974,59925484
ecu,1975,53932752
ecu,1976,48549204
ecu,1977,49547008
ecu,1978,48202572
ecu,1979,40746056
ecu,1980,25884708
ecu,1981,20334664
ecu,1982,17930732
ecu,1983,25162332
ecu,1984,22155498
ecu,1985,92013552
ecu,1986,55513136
ecu,1987,175375728
ecu,1988,135990496
ecu,1989,130667056
ecu,1990,143529712
ecu,1991,140320256
ecu,1992,146492544
ecu,1993,122639904
ecu,1994,117053096
ecu,1995,328191744
ecu,1996,356314272
ecu,1997,420513920
ecu,1998,526224672
ecu,1999,965075072
ecu,2000,1351759616
ecu,2001,2399035746.39835
ecu,2002,2210170299.24879
ecu,2003,2165773479.79318
ecu,2004,2351640540.00763
ecu,2005,2918223485.02437
ecu,2006,3229845346.35126
ecu,2007,3401567016.406
ecu,2008,2886856870.63829
ecu,2009,2338451330.57932
ecu,2010,2052957991.63139
ecu,2011,2196225716.48981
ecu,2012,1905160587.13408
ecu,2013,2031505229.24234
egy,1987,9743659553.06551
egy,1988,13254266887.8056
egy,1989,12736098991.3771
egy,1990,14195907979.8635
egy,1991,26662026110.3563
egy,1992,14557225190.8879
egy,1993,17903561417.9053
egy,1994,11649266816.4458
egy,1995,10758893535.3694
egy,1996,8301251014.44085
egy,1997,8983360695.0493
egy,1998,9563233225.46462
egy,1999,10004262537.4059
egy,2000,9152332601.79517
egy,2001,7787348628.89008
egy,2002,10117884562.5001
egy,2003,9259694558.30275
egy,2004,10930808032.4414
egy,2005,13820489153.0187
egy,2006,12657639529.1281
egy,2007,14067085684.3863
egy,2008,15622678009.0767
egy,2009,12122131294.558
egy,2010,14236247647.8952
egy,2011,18242020179.684
egy,2012,23480611144.6856
egy,2013,24240270965.23569
eri,1992,2953303715.86461
eri,1993,2391470792.30145
eri,1994,3554388343.80198
eri,1995,2569724447.02086
eri,1996,2652205617.63275
eri,1997,4063545970.98291
eri,1998,2876482909.3277
eri,1999,3113415048.62949
eri,2000,3354312500
eri,2001,3713046431.40178
eri,2002,3926875046.33052
eri,2003,3600402862.38647
eri,2004,2892655084.96195
eri,2005,2544588583.54772
eri,2006,2087502336.49334
eri,2007,1930085385.98933
eri,2008,1696469837.14591
eri,2009,1356142087.50722
esp,1960,-722570361.04641
esp,1961,-767380666.82457
esp,1962,-807406826.8271
esp,1963,-899188715.4342
esp,1964,-1299031561.20494
esp,1965,-1011460061.381
esp,1966,-2058784660.39462
esp,1967,-2184746702.37597
esp,1968,-2474190213.8886
esp,1969,-3162332488.18739
esp,1970,-2941032722.20555
esp,1971,-2514991094.47535
esp,1972,-2287090730.02989
esp,1973,-1508744351.51305
esp,1974,-50394619.91202
esp,1975,-1651491178.51096
esp,1976,-3110926621.70432
esp,1977,-3852985579.50586
esp,1978,-4192295022.52257
esp,1979,-3056070790.61879
esp,1980,-4289681325.39666
esp,1981,-6585217493.46269
esp,1982,-6993153900.22239
esp,1983,-8178096436.31163
esp,1984,-8047948166.44638
esp,1985,-4898493518.88426
esp,1986,-4601303892.43779
esp,1987,-4747664203.34355
esp,1988,-5871609686.13845
esp,1989,-4325452658.80267
esp,1990,-4740471244.65591
esp,1991,-4703173786.56141
esp,1992,-5357464242.39555
esp,1993,-2911006542.9319
esp,1994,-10988338142.1667
esp,1995,-3161554715.56383
esp,1996,-5758333932.67661
esp,1997,-5922621708.64819
esp,1998,-6716695822.3653
esp,1999,-6585800244.92721
esp,2000,-6526223448.89037
esp,2001,-12959171046.9044
esp,2002,-12459288419.6169
esp,2003,-9859618631.91667
esp,2004,-11683391462.2069
esp,2005,-12913000000
esp,2006,-15864147648.9706
esp,2007,-22862384447.6637
esp,2008,-26432896054.453
esp,2009,-17829716437.032
esp,2010,-12138489785.0806
esp,2011,-19136235401.7658
esp,2012,-10861114110.6785
esp,2013,-7285695508.31649
est,1993,0.26317
est,1994,0.36757
est,1995,2829291.12395
est,1996,24985798.70438
est,1997,-174936568.04965
est,1998,-86579050.78696
est,1999,-99142211.61168
est,2000,-258727900.97764
est,2001,-342890793.99463
est,2002,-368611407.65799
est,2003,-500572478.35495
est,2004,-493868704.29452
est,2005,-425437652
est,2006,-643582134.72984
est,2007,-877634726.78605
est,2008,-636808240.78062
est,2009,-340475224.6478
est,2010,-621523009.17074
est,2011,-645782127.041
est,2012,-606977633.90032
est,2013,-417975080.50217
eth,1981,860534107.37423
eth,1982,1212091167.73415
eth,1983,1904202548.72955
eth,1984,2445069222.36336
eth,1985,2447998200.88079
eth,1986,3858339037.10432
eth,1987,2910825865.48102
eth,1988,2324530198.06616
eth,1989,3115955869.69081
eth,1990,4222277955.80043
eth,1991,5264499849.28102
eth,1992,6881568969.40788
eth,1993,10861449729.513
eth,1994,11727092377.1018
eth,1995,15620434846.7585
eth,1996,15029218387.1373
eth,1997,10588653304.0624
eth,1998,13404876651.736
eth,1999,12436238581.783
eth,2000,17218076179.4138
eth,2001,20621546424.8525
eth,2002,22197343381.8911
eth,2003,29375638173.7098
eth,2004,32647162527.4269
eth,2005,40278816051.533
eth,2006,42012666045.2121
eth,2007,50168646128.876
eth,2008,52124660788.1686
eth,2009,54705065871.9742
eth,2010,71828416080.93781
eth,2011,74258230310.5764
eth,2012,64799251777.6434
fin,1960,-10684080.65779
fin,1961,-36063280.31635
fin,1962,-76595739.18365
fin,1963,-123476162.86029
fin,1964,-165335025.67147
fin,1965,-200317077.88267
fin,1966,-223708483.91944
fin,1967,-300604082.88835
fin,1968,-358119863.99138
fin,1969,-417318566.23614
fin,1970,-458639072.25236
fin,1971,-497707975.95813
fin,1972,-604009527.89246
fin,1973,-668290716.85193
fin,1974,-694565066.99353
fin,1975,-907056156.56035
fin,1976,-976889692.01282
fin,1977,-1209599845.36132
fin,1978,-1215029237.63826
fin,1979,-1135607344.23812
fin,1980,-1208853425.98245
fin,1981,-1658614147.54095
fin,1982,-1955190498.9759
fin,1983,-2018198689.47312
fin,1984,-1936225389.15492
fin,1985,-1755234444.56859
fin,1986,-1504376040.6167
fin,1987,-1611228073.00644
fin,1988,-1479784122.56546
fin,1989,-2652819188.46941
fin,1990,-3199245760.60626
fin,1991,-3946774240.37158
fin,1992,-4954793837.91955
fin,1993,-5562647879.78864
fin,1994,-4520021447.54005
fin,1995,-3632334006.66094
fin,1996,-2977256292.27086
fin,1997,-2160768861.82439
fin,1998,-2911604777.4002
fin,1999,-1704186699.58146
fin,2000,-1056331814.19575
fin,2001,-195949542.22251
fin,2002,239606373.67815
fin,2003,-1113440741.88915
fin,2004,1155304559.08988
fin,2005,725000000
fin,2006,1558794985.6815
fin,2007,74136402.07274
fin,2008,743534985.51593
fin,2009,2533715781.90622
fin,2010,2443305679.52388
fin,2011,439122279.59068
fin,2012,785331792.64504
fin,2013,969468038.31373
fra,1960,3554359819.42204
fra,1961,3463769327.8348
fra,1962,4228207469.77026
fra,1963,4687597652.47174
fra,1964,4905029157.73897
fra,1965,5102434961.48502
fra,1966,4838210550.28149
fra,1967,5266133056.05504
fra,1968,5060266785.02069
fra,1969,5032490657.12526
fra,1970,5047609107.27677
fra,1971,5763579489.12445
fra,1972,5010395817.70993
fra,1973,5495096254.01947
fra,1974,6769695171.50437
fra,1975,3000246273.84269
fra,1976,3577421035.32017
fra,1977,3497173116.25154
fra,1978,-388634662.57159
fra,1979,122410867.60707
fra,1980,4061611132.29132
fra,1981,2872291570.40644
fra,1982,-1532756520.66055
fra,1983,-8413328606.35523
fra,1984,-10311891166.8663
fra,1985,-5298273056.43137
fra,1986,-1346732876.1589
fra,1987,2150729858.30933
fra,1988,-254692075.70929
fra,1989,-2837757690.00503
fra,1990,-2508150194.11663
fra,1991,-3904146778.72066
fra,1992,-698304023.17318
fra,1993,1643735792.13222
fra,1994,-1322108558.79338
fra,1995,-1962679569.01755
fra,1996,5943344729.92297
fra,1997,10990415898.2757
fra,1998,12948506313.7958
fra,1999,24780172578.3918
fra,2000,22541882205.3194
fra,2001,21925648577.0128
fra,2002,10952782875.1495
fra,2003,16365298565.7707
fra,2004,22089984542.45589
fra,2005,26874600000
fra,2006,31473028528.3227
fra,2007,31410495924.3274
fra,2008,31692799609.85609
fra,2009,32170613810.2726
fra,2010,36024224034.4027
fra,2011,38492023699.6934
fra,2012,31042856433.251
fra,2013,32890312811.3088
gab,1985,-21366749956.7645
gab,1986,-35589954318.1657
gab,1987,-20656775225.0644
gab,1988,-20534445170.87009
gab,1989,-20417902796.6586
gab,1990,-36567253292.9871
gab,1991,-37395029963.2988
gab,1992,-30348235565.3373
gab,1993,-46583876407.5694
gab,1994,-36556898752.8842
gab,1995,-52649887826.3725
gab,1996,-12982387055.1836
gab,1997,-11150459318.5932
gab,1998,-12448652751.3248
gab,1999,-19291772052.0041
gab,2000,-15637139692.4823
gab,2001,-25296764441.681
gab,2002,-31903603229.6969
gab,2003,-52303059336.8614
gab,2004,-60871004674.1364
gab,2005,-51392073742.6067
gab,2006,-62991416516.8929
gab,2007,-66975765575.4803
gab,2008,-51200495704.3559
gab,2009,-37687498323.0751
gab,2010,-44344301965.4209
gab,2011,-53130503884.3575
gab,2012,-56441778668.0236
gbr,1960,0.0665
gbr,1961,0.06874
gbr,1962,0.0713
gbr,1963,0.0727
gbr,1964,0.07565
gbr,1965,0.07928
gbr,1966,0.0827
gbr,1967,0.08509
gbr,1968,0.08867
gbr,1969,0.09351
gbr,1970,9234727729.81947
gbr,1971,8291806347.71273
gbr,1972,7609339987.42184
gbr,1973,11561859546.8989
gbr,1974,11454876107.7155
gbr,1975,6551157589.28934
gbr,1976,7669673741.14476
gbr,1977,195117005.75866
gbr,1978,2358067996.24438
gbr,1979,-519101228.36905
gbr,1980,-3906860107.74635
gbr,1981,-3283580871.68173
gbr,1982,-5382238922.71481
gbr,1983,-1443726781.42912
gbr,1984,-670428869.57749
gbr,1985,-7447313962.93926
gbr,1986,-4336849809.1063
gbr,1987,-4307333602.56807
gbr,1988,-2681435150.44876
gbr,1989,-5507238575.92105
gbr,1990,-14702063864.3179
gbr,1991,-13117657601.547
gbr,1992,-7884381800.89935
gbr,1993,-10035101479.9944
gbr,1994,-3408027111.09493
gbr,1995,-8454927561.73798
gbr,1996,-7471305792.504
gbr,1997,-4540013641.60352
gbr,1998,7926132716.90988
gbr,1999,-8049856608.52054
gbr,2000,-4523878897.7511
gbr,2001,3097573376.62209
gbr,2002,14635993558.5675
gbr,2003,15724199901.1343
gbr,2004,18253823048.5181
gbr,2005,22914000000
gbr,2006,7164840425.09079
gbr,2007,16350342983.5309
gbr,2008,28210319957.5401
gbr,2009,15814355529.8602
gbr,2010,9858206194.37317
gbr,2011,17539107263.9195
gbr,2012,-5375577813.63768
gbr,2013,-16012095146.1649
gha,2006,1867308640.3872
gha,2007,1963608200.61122
gha,2008,2069456185.2982
gha,2009,2300209303.36579
gha,2010,1720314535.24164
gha,2011,2196697563.72538
gin,1986,-56122848242.3864
gin,1987,-84595683784.44209
gin,1988,-48878856918.0155
gin,1989,-61697220277.626
gin,1990,-112910529645.494
gin,1991,172644809177.771
gin,1992,-102155089052.213
gin,1993,-118791259534.23801
gin,1994,-113086993526.231
gin,1995,-106155639647.951
gin,1996,-67021919460.2449
gin,1997,-57868948582.6513
gin,1998,33313769107.8213
gin,1999,-14957306153.8014
gin,2000,12871038324.5112
gin,2001,60012126126.9761
gin,2002,10940023568.5693
gin,2003,397516186745.74896
gin,2006,691875934060.38794
gin,2007,368144818282.18494
gin,2008,711970962115.56201
gin,2009,508164654428.78003
gin,2010,483827337649.31
gmb,2004,2360099864.21124
gmb,2005,1732191755.26673
gmb,2006,1790236655.99934
gmb,2007,1464206270.90686
gmb,2008,1302705222.18256
gmb,2009,1449391742.01336
gmb,2010,1234949746.96449
gmb,2011,1325594008.66581
gmb,2012,1963839524.06599
grc,1960,425014235.79742
grc,1961,534362138.92136
grc,1962,564576427.64081
grc,1963,633594277.02955
grc,1964,700066435.18006
grc,1965,712818879.57954
grc,1966,746231968.46218
grc,1967,794229229.37734
grc,1968,871933748.29491
grc,1969,911925610.91424
grc,1970,1070474205.57717
grc,1971,1615219743.05035
grc,1972,1736196499.67103
grc,1973,1886206993.44645
grc,1974,2621039714.72123
grc,1975,2323672658.672
grc,1976,2799001023.85799
grc,1977,2986105437.21875
grc,1978,2660513556.746
grc,1979,2931467684.18632
grc,1980,3411176260.27841
grc,1981,2827726803.48544
grc,1982,3012652890.461
grc,1983,2518660784.83363
grc,1984,1342828020.35673
grc,1985,1042730620.05436
grc,1986,358325761.77189
grc,1987,1042173507.34706
grc,1988,806333539.12317
grc,1989,1050188908.3725
grc,1990,2696589523.12254
grc,1991,3327999884.65566
grc,1992,3765966225.84302
grc,1993,3277228601.43298
grc,1994,3390213552.63233
grc,1995,3496456207.11943
grc,1996,3122197956.4003
grc,1997,3280115996.52116
grc,1998,3318382174.67218
grc,1999,1327230975.30909
grc,2000,624227302.43889
grc,2001,1250299035.03634
grc,2002,663613882.60247
grc,2003,-845845631.90423
grc,2004,-1106127883.41189
grc,2005,-2809194693
grc,2006,-4672219838.34334
grc,2007,-6034114212.06488
grc,2008,-6879569538.08757
grc,2009,-4965495858.49317
grc,2010,-5437450683.49594
grc,2011,-5221310702.45299
grc,2012,1353011683.32741
grc,2013,-148896817.11051
gtm,2001,9547400991
gtm,2002,15417632376.4726
gtm,2003,17718850420.8206
gtm,2004,20629851270.906
gtm,2005,21332462302.0701
gtm,2006,24055302286.0681
gtm,2007,25716830538.4533
gtm,2008,24234688184.6042
gtm,2009,23562987649.01089
gtm,2010,23695290386.1288
gtm,2011,22434372018.611
gtm,2012,24275396185.6785
gtm,2013,24275396185.6785
hnd,1965,0
hnd,1966,0
hnd,1968,62570802.25826
hnd,1969,81951196.15593
hnd,1970,80663992.00732
hnd,1971,79271209.75178
hnd,1972,86445980.54404
hnd,1973,0
hnd,1974,0
hnd,1975,0
hnd,1976,0
hnd,1977,0
hnd,1978,0
hnd,1979,262463228.41044
hnd,1980,252641324.24907
hnd,1981,250413493.81079
hnd,1982,225656295.85538
hnd,1983,229683143.63868
hnd,1984,236057237.04546
hnd,1985,250679285.47004
hnd,1986,264243458.58862
hnd,1987,406773127.98914
hnd,1988,414794304.48171
hnd,1989,432386333.48471
hnd,1990,5035787846.29377
hnd,1991,3549543029.76155
hnd,1992,3670439690.43536
hnd,1993,3724776934.97024
hnd,1994,3699224518.60222
hnd,1995,4304064195.8095
hnd,1996,4430251619.86401
hnd,1997,4476993138.08472
hnd,1998,6436514590.33133
hnd,1999,9043749771.19778
hnd,2000,6613379582.4
hnd,2001,8251176144.99197
hnd,2002,10979083737.3035
hnd,2003,11890308999.3221
hnd,2004,15587026274.2116
hnd,2005,23164747131.751
hnd,2006,28592577923.0965
hnd,2007,28631423612.6356
hnd,2008,27526907577.53189
hnd,2009,25861841709.5271
hnd,2010,28437624971.9059
hnd,2011,26768125273.0448
hnd,2012,27172545113.4088
hrv,1995,7360754182.27686
hrv,1996,8710220095.54975
hrv,1997,7269484059.40159
hrv,1998,5734418219.44065
hrv,1999,5501810518.98704
hrv,2000,8531455060.0731
hrv,2001,9186888218.77975
hrv,2002,9298726045.07528
hrv,2003,9961197924.00959
hrv,2004,9213825385.37281
hrv,2005,8758100000
hrv,2006,7842735785.36551
hrv,2007,7145486464.68785
hrv,2008,6867586436.202
hrv,2009,6598285675.07723
hrv,2010,6809558322.53345
hrv,2011,7229031967.34736
hrv,2012,7220465609.19555
hrv,2013,6911129902.60501
hun,1960,0
hun,1961,0
hun,1962,0
hun,1963,0
hun,1964,0
hun,1995,-507802981430.578
hun,1996,-588567313487.91296
hun,1997,-853174441061.495
hun,1998,-916801113412.09595
hun,1999,-975432740709.52405
hun,2000,-890522839779.36194
hun,2001,-936695580603.57788
hun,2002,-1012124800173.52002
hun,2003,-939391170513.47595
hun,2004,-1107108943618.87988
hun,2005,-1188420000000
hun,2006,-1233033193839.92993
hun,2007,-1599672610070.09009
hun,2008,-1481416288837.31006
hun,2009,-952547504667.40613
hun,2010,-1061142360329.14001
irl,1970,1496768611.56498
irl,1971,1456432379.98925
irl,1972,1515429205.38977
irl,1973,1302637510.65748
irl,1974,1420134233.57523
irl,1975,1307719642.81944
irl,1976,998417240.84297
irl,1977,630105608.8976
irl,1978,42938452.12284
irl,1979,-42835677.62073
irl,1980,-158340253.8886
irl,1981,-453568831.8022
irl,1982,-1661374968.14672
irl,1983,-2174603402.1125
irl,1984,-3259556113.94239
irl,1985,-3907866725.95829
irl,1986,-3541056125.78863
irl,1987,-3591964405.42912
irl,1988,-4393034149.12719
irl,1989,-5277919934.57628
irl,1990,-5093284540.16693
irl,1991,-4950313688.09311
irl,1992,-5889379351.40072
irl,1993,-5775009722.43791
irl,1994,-5805856549.80747
irl,1995,-7576925192.43372
irl,1996,-7918661010.59652
irl,1997,-10234262346.7968
irl,1998,-11824569071.9206
irl,1999,-16095544364.2513
irl,2000,-17603072875.7837
irl,2001,-20740786848.6683
irl,2002,-24099849869.9051
irl,2003,-21263713432.2197
irl,2004,-21919304644.2857
irl,2005,-22454338585
irl,2006,-21250022418.8333
irl,2007,-24077216938.48569
irl,2008,-23505895622.1003
irl,2009,-27496480517.4361
irl,2010,-26049600891.8268
irl,2011,-31488009752.0149
irl,2012,-30689020586.7032
irl,2013,0.98397
irn,1993,7135574081151.72949
irn,1994,5025213196690.71973
irn,1995,-12189790622.3111
irn,1996,1233797538604.66992
irn,1997,1092343723962.92004
irn,1998,1372275866405.44995
irn,1999,1564804531275.72998
irn,2000,2005500662022.8999
irn,2001,2055022141792.25
irn,2002,2880015505675.64014
irn,2003,2749793689019.04004
irn,2004,2173878261039.69995
irn,2005,2249882839781.52002
irn,2006,1564469395165.46997
irn,2007,923052882789.67505
isl,1960,-728001744.44536
isl,1961,-563430134.74056
isl,1962,-382172985.61925
isl,1963,-221392862.9036
isl,1964,3130782.20068
isl,1965,-442625054.64265
isl,1966,-308364131.92817
isl,1967,-655498810.81648
isl,1968,-1483296536.25802
isl,1969,-2034568995.42668
isl,1970,-983103799.94845
isl,1971,-561809877.07943
isl,1972,-1725139729.22073
isl,1973,-1597160046.97841
isl,1974,-2187267417.80093
isl,1975,-5936768871.8644
isl,1976,-6876643936.02774
isl,1977,-5802113853.79371
isl,1978,-7792287439.92148
isl,1979,-8482821063.27247
isl,1980,-9501753925.01279
isl,1981,-13382198166.4558
isl,1982,-16732026371.2858
isl,1983,-20220869555.2508
isl,1984,-24106156651.4407
isl,1985,-21842469330.0859
isl,1986,-19304171444.7639
isl,1987,-14457820809.9298
isl,1988,-15915120882.5377
isl,1989,-22347569797.4868
isl,1990,-21574666500.2197
isl,1991,-16945963564.7759
isl,1992,-13940451337.874
isl,1993,-15245949015.4097
isl,1994,-20150346731.3801
isl,1995,-18354819753.9295
isl,1996,-15782201365.9033
isl,1997,-16410975666.9355
isl,1998,-16520997177.5374
isl,1999,-15625026361.3935
isl,2000,-23013693861.8842
isl,2001,-27175040611.6743
isl,2002,-1407482151.95207
isl,2003,-13901356330.7312
isl,2004,-38817129613.723
isl,2005,-36954382632
isl,2006,-62668655312.3715
isl,2007,-56154609388.173
isl,2008,-248280602539.92496
isl,2009,-209734521581.452
isl,2010,-181103328994.66901
isl,2011,-150384712681.30499
isl,2012,-116587647863.086
isl,2013,-31126925899.883
isr,1996,26933886079.3078
isr,1997,27021529950.3302
isr,1998,27640518777.0698
ita,1960,996013011.54378
ita,1961,869329788.52993
ita,1962,723670669.26123
ita,1963,696595137.87505
ita,1964,966745667.27691
ita,1965,1800856322.24104
ita,1966,2363681730.03986
ita,1967,2033382322.35336
ita,1968,2478878641.74743
ita,1969,3040825809.64883
ita,1970,2664382885.94776
ita,1971,2814473284.99785
ita,1972,3215039934.75889
ita,1973,1696138117.53071
ita,1974,-2665417147.82504
ita,1975,-1483953269.23409
ita,1976,-2180972576.38068
ita,1977,-1303687250.14968
ita,1978,-1111321705.19612
ita,1979,1167572580.68734
ita,1980,1790748985.87887
ita,1981,-5203975604.85094
ita,1982,-6187887262.90915
ita,1983,-4973931224.20838
ita,1984,-5311157255.03618
ita,1985,-6715300270.26817
ita,1986,-9705955154.60512
ita,1987,-7835009138.94147
ita,1988,-7732864103.26912
ita,1989,-10544539572.2686
ita,1990,-19254055439.0007
ita,1991,-21925705580.784
ita,1992,-24397348960.1162
ita,1993,-21768352673.5024
ita,1994,-23909258999.3388
ita,1995,-20402849397.2867
ita,1996,-17568841897.7541
ita,1997,-10241372080.1321
ita,1998,-11830532391.1707
ita,1999,-6491711344.2347
ita,2000,-10364332541.4217
ita,2001,-9397159110.79737
ita,2002,-9494767600.83936
ita,2003,-9735956800.45214
ita,2004,-4963888936.14054
ita,2005,415800000
ita,2006,4431428946.85751
ita,2007,-832388989.99646
ita,2008,-16096543334.0767
ita,2009,-6433175582.79474
ita,2010,-6691260825.49869
ita,2011,-8477829714.79172
ita,2012,-6930625444.86035
ita,2013,-8205412845.50052
jam,2007,140876809337.03699
jam,2008,131691338878.80901
jam,2009,124996553979.558
jam,2010,121429720357.02299
jam,2011,113145127470.69701
jam,2012,109317738133.81799
jor,1976,714973224.43197
jor,1977,797784903.23663
jor,1978,654942387.36181
jor,1979,1203916122.94805
jor,1980,1114205839.55249
jor,1981,1518895067.69487
jor,1982,1291248137.41854
jor,1983,1100488313.65468
jor,1984,1227776744.24218
jor,1985,1127007504.109
jor,1986,956560760.58065
jor,1987,837237393.61902
jor,1988,918641323.72998
jor,1989,1175928561.2803
jor,1990,898563888.67538
jor,1991,651774315.88597
jor,1992,835226087.49361
jor,1993,954755462.0894
jor,1994,926180730.79424
jor,1995,974877274.76168
jor,1996,1208697831.47966
jor,1997,1207557934.24833
jor,1998,1053884002.44479
jor,1999,1260015033.99125
jor,2000,1348647542.53702
jor,2001,1253570845.76159
jor,2002,1356582412.14466
jor,2003,1808417343.57809
jor,2004,1690631933.51693
jor,2005,1327748978.88105
jor,2006,1365988456.82671
jor,2007,1250948290.3622
jor,2008,1636476004.41568
jor,2009,1527387954.43579
jor,2010,1319324497.17893
jor,2011,1489010800.27842
jor,2012,1197762960.85124
jor,2013,2102481635.874
jpn,1960,-344092577916.17902
jpn,1961,-440901864924.36798
jpn,1962,-516539029246.58496
jpn,1963,-601714097325.17102
jpn,1964,-764142469266.39697
jpn,1965,-765076036082.71301
jpn,1966,-810583672101.47803
jpn,1967,-870842938335.08704
jpn,1968,-1064920516456.76001
jpn,1969,-1154414777460.56006
jpn,1970,-353899374191.07501
jpn,1971,-199840604983.28101
jpn,1972,65654518048.0294
jpn,1973,96376945575.66422
jpn,1974,-333506046128.89093
jpn,1975,-174208437979.96799
jpn,1976,-153316113033.573
jpn,1977,-55398757688.3073
jpn,1978,150727463159.66299
jpn,1979,397853471513.70306
jpn,1980,-16684832832.4275
jpn,1981,-447789183001.77197
jpn,1982,156022165175.44901
jpn,1983,422540602307.06201
jpn,1984,665262667336.56799
jpn,1985,1286994749802.09009
jpn,1986,1227924894998.12988
jpn,1987,2042576106971.66968
jpn,1988,2268774537199.02002
jpn,1989,2724814036998.60938
jpn,1990,2715530009909.5498
jpn,1991,2929732813484.27979
jpn,1992,3729950751635.24023
jpn,1993,3872969338325.62012
jpn,1994,3548204552586.25977
jpn,1995,3734987593319.50977
jpn,1996,5272086667151.38965
jpn,1997,6369971964068.34961
jpn,1998,6311974351641.30957
jpn,1999,5864685137888.33984
jpn,2000,6034514369613.78027
jpn,2001,7907638978471.12012
jpn,2002,7699357045010.23047
jpn,2003,8048384563711.56934
jpn,2004,9269060629464.96094
jpn,2005,11749400000000
jpn,2006,14628650394123.19922
jpn,2007,17699272224320.89844
jpn,2008,17362687895041.09961
jpn,2009,13589334765587.80078
jpn,2010,13780150000164.09961
jpn,2011,15880578479662.40039
jpn,2012,16430243385110
jpn,2013,18997006144619.80078
kaz,1993,18271087729.5182
kaz,1994,13537425167.2707
kaz,1995,7304001714.05558
kaz,1996,6542763602.60197
kaz,1997,8177441594.50939
kaz,1998,13171281270.518
kaz,1999,20902043992.26229
kaz,2000,35392378001.0666
kaz,2001,29431332915.7293
kaz,2002,13157362679.3932
kaz,2003,-16523864472.3536
kaz,2004,-40139586275.2653
kaz,2005,-29923221210.58509
kaz,2006,-71437989235.3152
kaz,2007,-109357357453.007
kaz,2008,-44845715703.4703
kaz,2009,-31589569539.3858
kaz,2010,-18122457434.3012
kaz,2011,-13677579557.1719
kaz,2012,-15737075281.4487
ken,1965,14770.79788
ken,1966,-6940.7908
ken,1967,468883425.11798
ken,1968,476896700.3521
ken,1969,495261833.70879
ken,1970,472513180.16551
ken,1971,490259197.3599
ken,1972,909049817.09293
ken,1973,710593787.77477
ken,1974,890256138.02461
ken,1975,376041797.81772
ken,1976,328963676.50467
ken,1977,787211809.4632
ken,1978,1040905403.76912
ken,1979,2358021351.27529
ken,1980,463615697.11901
ken,1981,1793831241.21403
ken,1982,1520053447.05186
ken,1983,1234473657.00346
ken,1984,1181477332.15797
ken,1985,1605965512.57783
ken,1986,1057590961.35573
ken,1987,1296530067.09187
ken,1988,1632900012.52858
ken,1989,5120604492.6276
ken,1990,6946952331.75328
ken,1991,7158700217.0219
ken,1992,5750686373.31044
ken,1993,7472356957.0696
ken,1994,3891932797.24026
ken,1995,8821293385.00574
ken,1996,7761600000
ken,1997,6425000000
ken,1998,5848400000
ken,1999,7752000000
ken,2000,9928000000
ken,2001,8950000000
ken,2002,6583000000
ken,2003,42572452378.0756
ken,2004,68124858926.4327
ken,2005,101697223036.901
ken,2006,99460741263.24989
ken,2007,104942425378.15199
ken,2008,102850445149.50301
ken,2009,105649096283.408
ken,2010,105766814768.168
ken,2011,140176059076.57401
ken,2012,115895757954.405
kgz,1990,0
kgz,1991,0
kgz,1992,258594131.81278
kgz,1993,771188100.50214
kgz,1994,692365443.09848
kgz,1995,764797351.77249
kgz,1996,712642164.43402
kgz,1997,662414721.98697
kgz,1998,480523846.04178
kgz,1999,982663176.99126
kgz,2000,1300814188.65075
kgz,2001,743961028.80856
kgz,2002,1411006203.90784
kgz,2003,1821226337.31124
kgz,2004,3420653255.40766
kgz,2005,4668278245.4474
kgz,2006,5832713477.62652
kgz,2007,6727503908.51221
kgz,2008,7494389413.87811
kgz,2009,7156961652.72551
kgz,2010,7708765692.08037
kgz,2011,8933628742.11798
kgz,2012,8782794992.66113
khm,1995,852695864371.46094
khm,1996,1151228322091.61011
khm,1997,571139151712.54297
khm,1998,984079486905.02271
khm,1999,1323901352128.52002
khm,2000,1596910549737.3999
khm,2001,1505898721223.16992
khm,2002,1772765722182.36011
khm,2003,1568619400015.69995
khm,2004,1529835739133.17993
khm,2005,1512780760271.47998
khm,2006,2117652134640.05005
khm,2007,1943229607405.75
khm,2008,2063790566557.96948
khm,2009,1714193761149.38989
khm,2010,1863362585495
khm,2011,1631763709703.37988
lao,2002,715383876412.51501
lao,2003,804808450372.35693
lao,2004,522617622915.31097
lao,2005,460183052465.78601
lao,2006,512412555522.00403
lao,2007,620998164531.98303
lao,2008,692081135977.42603
lao,2009,969717895916.0249
lao,2010,1088966021636.17004
lao,2011,943733921330.99597
lao,2012,1246224008253.51001
lbn,1994,297636775927.242
lbn,1995,1652811202731.47998
lbn,1996,1053758004670.83997
lbn,1997,951244140000
lbn,1998,137282250339.799
lbn,1999,-341102046685.06299
lbn,2000,-454948676888.974
lbn,2001,235869906742.92096
lbn,2002,117119193326.924
lbn,2003,483009506833.98401
lbn,2004,2474436587334.56982
lbn,2005,1549322232930.8999
lbn,2006,2848554124202.85986
lbn,2007,3886342909556.95996
lbn,2008,3081328602895.87988
lbn,2009,2158526468401
lbn,2010,2889454946092.37988
lbn,2011,2881259632564.06006
lbn,2012,2908376754630.91016
lbn,2013,2750077750986.97021
lbr,1999,969983268.09525
lbr,2000,626573240.66162
lbr,2001,3440758363.44023
lbr,2002,6716735870.10312
lbr,2003,8735693851.90509
lbr,2004,25120372338.1109
lbr,2005,23503468031.1713
lbr,2006,28092514007.0863
lbr,2007,26102312758.8479
lbr,2008,22373027611.9888
lbr,2009,22865400493.2684
lbr,2010,24221765587.26229
lbr,2011,20696645050.6715
lbr,2012,19544603193.6428
lka,1995,76296207331.0596
lka,1996,77846626672.91318
lka,1997,70334948912.9903
lka,1998,78433323875.95059
lka,1999,88809245656.47491
lka,2000,89067887947.6062
lka,2001,93772901778.03561
lka,2002,104981000000
lso,1975,2123719041.72875
lso,1976,799339575.45139
lso,1977,3067372352.24536
lso,1978,4682385385.13824
lso,1979,5575398769.30088
lso,1980,6167668305.67193
lso,1981,4700318450.13414
lso,1982,2904804051.43826
lso,1983,3124021258.07031
lso,1984,2881258795.09657
lso,1985,2536762533.75981
lso,1986,2503074254.96556
lso,1987,2814822445.55444
lso,1988,1061259336.78005
lso,1989,1033111120.41065
lso,1990,1325123849.09296
lso,1991,1185056611.09182
lso,1992,1420269265.75977
lso,1993,1617011878.10433
lso,1994,1742388165.92664
lso,1995,1865342604.1759
lso,1996,1717375287.57183
lso,1997,1835579514.46948
lso,1998,1231926581.38878
lso,1999,1235720665.82033
lso,2000,1244103888.84665
lso,2001,2994984782.82269
lso,2002,2727871591.6494
lso,2003,2585572147.86795
lso,2004,2889000000
lso,2005,3050048539.89856
lso,2006,4107377763.73989
lso,2007,4737285294.70854
lso,2008,4636135214.87235
lso,2009,3438573800.98831
lso,2010,3408780389.93983
lso,2011,3044148468.36188
lso,2012,4542497510.93236
lux,1960,-1622905558.63709
lux,1961,-1677338036.26432
lux,1962,-1692677537.84369
lux,1963,-1748068809.99926
lux,1964,-1896937849.90033
lux,1965,-1879086136.78266
lux,1966,-1911733922.82167
lux,1967,-1909228977.94655
lux,1968,-1984570250.02038
lux,1969,-2174163796.43866
lux,1970,-2101391437.82503
lux,1971,-2133051443.32263
lux,1972,-2191635230.67978
lux,1973,-2426811436.97447
lux,1974,-2431777922.41759
lux,1975,-1819976282.81321
lux,1976,-1682307016.19138
lux,1977,-1568996778.13441
lux,1978,-1631886016.85284
lux,1979,-1669759394.30178
lux,1980,-1545637359.70815
lux,1981,-1222973882.09416
lux,1982,-431411476.2843
lux,1983,-207267225.7621
lux,1984,-345191582.09983
lux,1985,-274825135.03284
lux,1986,-588884547.55636
lux,1987,-478892327.73558
lux,1988,-765188268.19525
lux,1989,-982062471.60329
lux,1990,-806115315.44548
lux,1991,-757006728.79602
lux,1992,-857255046.64982
lux,1993,-1214676114.10903
lux,1994,-1896134482.57508
lux,1995,-1395223687.95547
lux,1996,-1323410792.36443
lux,1997,-762319272.04512
lux,1998,-1729804813.7832
lux,1999,-2377640889.93492
lux,2000,-3267767545.82151
lux,2001,-2909529827.20425
lux,2002,-4627449500.86733
lux,2003,-6196270448.56925
lux,2004,-3634080358.54178
lux,2005,-4275200000
lux,2006,-7604921825.43544
lux,2007,-6620038850.78193
lux,2008,-7062327702.9287
lux,2009,-10796519153.8172
lux,2010,-10108598684.6533
lux,2011,-10399326004.1185
lux,2012,-10621246176.7813
lux,2013,1.33757
mar,1970,2033737822.88705
mar,1971,2982286516.46735
mar,1972,3670879146.17861
mar,1973,5254609081.29849
mar,1974,6431532231.05425
mar,1975,9246170524.4048
mar,1976,9516354402.34865
mar,1977,9759379685.1155
mar,1978,10636159447.7202
mar,1979,11907546533.6534
mar,1980,11908408713.7935
mar,1981,13785426147.4533
mar,1982,13207594962.03
mar,1983,14966823272.0366
mar,1984,15983431859.514
mar,1985,19385695015.807
mar,1986,23306352808.2473
mar,1987,24054550867.9218
mar,1988,19085803514.2406
mar,1989,19219780553.68909
mar,1990,25333923609.14569
mar,1991,25593239772.3171
mar,1992,26000300704.9161
mar,1993,24804670710.0327
mar,1994,23454755540.1292
mar,1995,22137947503.53609
mar,1996,24975338812.5706
mar,1997,23068886599.6809
mar,1998,22025098854.314
mar,1999,20841586235.0792
mar,2000,24735694935.6095
mar,2001,38548165142.1684
mar,2002,34107130370.3991
mar,2003,37080241407.271
mar,2004,39615913731.5666
mar,2005,43848445147.97009
mar,2006,49746949361.525
mar,2007,54164058699.1774
mar,2008,53897436235.1801
mar,2009,48639692296.0587
mar,2010,48689511869.9196
mar,2011,52307945032.0743
mar,2012,59988566720.3996
mdg,1984,8913482996.03512
mdg,1985,11608108161.4713
mdg,1986,16480325135.1542
mdg,1987,20591941295.5077
mdg,1988,27257195614.4822
mdg,1989,28850312301.724
mdg,1990,28181802873.71569
mdg,1991,22879187535.9165
mdg,1992,18528401611.6546
mdg,1993,19175207317.3668
mdg,1994,10704101888.3539
mdg,1995,7122610437.29083
mdg,1996,14796412433.3582
mdg,1997,19694892345.3202
mdg,1998,9280735204.60915
mdg,1999,14598844860.9585
mdg,2000,15503028020.0137
mdg,2001,15847064894.2006
mdg,2002,9722151649.55143
mdg,2003,26848108577.0119
mdg,2004,36755674309.7288
mdg,2005,19691143208.9593
mdg,2006,22272283139.88309
mdg,2007,25076146325.1859
mdg,2008,27705562258.2708
mdg,2009,19074147984.1335
mex,1965,10053452582.1654
mex,1966,10295755433.2381
mex,1967,11203121546.3145
mex,1968,12613965658.53
mex,1969,12795036829.4163
mex,1970,14957313973.6245
mex,1971,16961755926.146
mex,1972,17600889075.6621
mex,1973,19179331792.54589
mex,1974,18681271005.8564
mex,1975,18049700649.7527
mex,1976,19684995478.5606
mex,1977,23522774989.5164
mex,1978,23461851587.1843
mex,1979,21874879594.5548
mex,1980,20152653780.9532
mex,1981,21013739933.46849
mex,1982,30698929780.8656
mex,1983,38489969748.7972
mex,1984,38782887159.596
mex,1985,54483625318.9923
mex,1986,57781923538.58009
mex,1987,67505863924.1231
mex,1988,59878256627.3324
mex,1989,57719567210.503
mex,1990,81116889089.65459
mex,1991,52933834180.2268
mex,1992,53839286104.6922
mex,1993,53297477270.096
mex,1994,55425662541.6616
mex,1995,79011181001.88739
mex,1996,81719562692.7702
mex,1997,84130077202.3712
mex,1998,95511926571.6407
mex,1999,92122474075.82849
mex,2000,91210780059.4948
mex,2001,114121571875.96899
mex,2002,121776766151.746
mex,2003,168413924855.34399
mex,2004,193390648175.17999
mex,2005,212430890865.952
mex,2006,235317205928.009
mex,2007,227577041446.74399
mex,2008,210693626186.35999
mex,2009,206509577588.888
mex,2010,182764258180.73901
mex,2011,182785313478.73999
mex,2012,244661280623.86801
mkd,1990,3817914553.47261
mkd,1991,-1177968591.29643
mkd,1992,2370972089.42093
mkd,1993,5452222897.33084
mkd,1994,5978345647.17007
mkd,1995,6246456345.03369
mkd,1996,7063582334.06728
mkd,1997,13403941236.7824
mkd,1998,17127684185.4215
mkd,1999,23483518490.8209
mkd,2000,33298814045.5608
mkd,2001,18328117426.41809
mkd,2002,24690160925.4658
mkd,2003,29276709042.7626
mkd,2004,27889758430.2673
mkd,2005,36768026845.5944
mkd,2006,41683829046.4195
mkd,2007,40723150004.0014
mkd,2008,35897703455.2577
mkd,2009,41555860129.7506
mkd,2010,47965507322.85449
mkd,2011,48267329025.5402
mkd,2012,53154562520.0992
mli,1967,17782012808.4048
mli,1968,14755318291.7814
mli,1970,-3330782395.63341
mli,1971,965172186.05847
mli,1972,1465049724.38235
mli,1973,-1509438709.36964
mli,1974,1191046599.20797
mli,1975,4209527968.75463
mli,1976,4071399666.18724
mli,1977,9843872848.78362
mli,1978,12794427527.3003
mli,1979,11169043121.9131
mli,1980,11294674628.7361
mli,1981,10219003645.8575
mli,1982,7894930947.3754
mli,1983,7845483444.42572
mli,1984,30518851153.4064
mli,1985,65482834025.7828
mli,1986,47193067744.1
mli,1987,40701705591.0825
mli,1988,47413137260.8179
mli,1989,53007902881.1059
mli,1990,61303708989.4129
mli,1991,67920218319.7498
mli,1992,71663282715.7973
mli,1993,57783146059.1301
mli,1994,83467029021.4256
mli,1995,55923125747.793
mli,1996,55750367380.5936
mli,1997,40957195554.5917
mli,1998,19649802419.12189
mli,1999,18948134117.5802
mli,2000,47294649175.1191
mli,2001,50307833012.3808
mli,2002,47817676194.2504
mli,2003,53709668878.49129
mli,2004,44688574028.0783
mli,2005,50885237313.743
mli,2006,72169307870.2957
mli,2007,73757857289.235
mne,2000,69270435
mne,2001,119165548.04762
mne,2002,72470331.74369
mne,2003,44895716.24175
mne,2004,45996469.4478
mne,2005,104713530.84761
mne,2006,61446662.35391
mne,2007,37239356.07432
mne,2008,43915390.21737
mne,2009,48011965.46314
mne,2010,62716612.99895
mne,2011,62835222.61323
mne,2012,72596793.22264
mne,2013,70342962.29367
mng,1990,6436344763.55036
mng,1991,35636184553.9056
mng,1992,49300705452.4776
mng,1993,219821271991.466
mng,1994,153473798335.22601
mng,1995,108793212451.41499
mng,1996,111152878392.383
mng,1997,90600437261.84669
mng,1998,105473875016.53999
mng,1999,143734760209.02399
mng,2000,184238298079.26999
mng,2001,238821412087.67496
mng,2002,236028734932.672
mng,2003,259661760969.09296
mng,2004,383575681395.19098
mng,2005,271412598009.25296
mng,2006,204451610462.00101
mng,2007,182486886869.608
mng,2008,156027246133.33401
mng,2009,158839172640.47
mng,2010,99756195450.00061
mng,2011,132968709935.289
mng,2012,127692679896.10001
mng,2013,68183708489.1052
moz,1980,860732896.32592
moz,1981,829832602.83415
moz,1982,1078295177.0321
moz,1983,1156712275.67994
moz,1984,1999968866.26063
moz,1985,1230077216.67809
moz,1986,1634238055.11249
moz,1987,5030623850.76124
moz,1988,7140974492.31247
moz,1989,7482785820.11346
moz,1990,7518523869.75374
moz,1991,5174782640.98054
moz,1992,7618210768.29594
moz,1993,7961144033.47006
moz,1994,9032987806.61656
moz,1995,4619453375.25274
moz,1996,2640155137.45727
moz,1997,3369436749.75227
moz,1998,3254148756.13709
moz,1999,4725506001.96452
moz,2000,7515795363.76027
moz,2001,5825680631.45841
moz,2002,4441420562.82576
moz,2003,6755782654.14906
moz,2004,9215839819.28135
moz,2005,2242966987.63936
moz,2006,40787756315.3827
moz,2007,5192067964.07579
moz,2008,2698775613.20407
moz,2009,2321358716.49043
moz,2010,-911859066.20858
moz,2011,-1054400953.50309
moz,2012,-3392629188.10706
moz,2013,-3779583310.17096
mrt,1968,6989387396.38984
mrt,1969,6260100454.67663
mrt,1970,2406703653.40116
mrt,1971,-4251943056.80349
mrt,1972,-2445786203.53599
mrt,1973,15044585865.0305
mrt,1974,29517996885.1127
mrt,1975,28973670018.3442
mrt,1976,66172714540.1064
mrt,1977,49184941141.091
mrt,1978,57236637250.0125
mrt,1979,37702937598.0076
mrt,1980,27314395349.3836
mrt,1981,30666538338.7499
mrt,1982,21470163468.75109
mrt,1983,17779518970.0807
mrt,1984,27990256858.80429
mrt,1985,66040227055.7661
mrt,1986,46260048523.1247
mrt,1987,32196035775.03049
mrt,1988,58938883862.7138
mrt,1989,72487495632.7599
mrt,1990,20619986442.1072
mrt,1991,14588880299.2334
mrt,1992,20796493336.6972
mrt,1998,23320433545.3227
mrt,1999,26521563331.1288
mrt,2000,27838706649.3872
mrt,2001,38791362726.4772
mrt,2002,28366464271.5591
mrt,2003,39022644749.2365
mrt,2004,28807135408.0326
mrt,2005,27605436627.3474
mrt,2006,37917802049.5556
mrt,2007,29685131615.0833
mrt,2008,36954879762.8629
mrt,2009,32745567662.12329
mrt,2010,38613467948.0057
mrt,2011,25516589570.9236
mrt,2012,28094617522.5918
mus,1990,3607655405.64146
mus,1991,3478253469.22386
mus,1992,3540107082.44386
mus,1993,4015002313.66238
mus,1994,3872066126.61328
mus,1995,3489105088.17064
mus,1996,3945082320.74731
mus,1997,4831794356.6304
mus,1998,3973612401.23834
mus,1999,5966862902.47221
mus,2000,2631962848.95588
mus,2001,2887274778.32502
mus,2002,3903808357.24263
mus,2003,1943763683.29442
mus,2004,1671768043.23591
mus,2005,1994061751.33515
mus,2006,2269000000
mus,2007,3650823484.66262
mus,2008,5385563305.98241
mus,2009,5725198333.42273
mus,2010,4412942645.8323
mus,2011,2836036708.24834
mus,2012,3301432840.57163
mus,2013,2838563273.19093
mwi,2003,48385646212.3538
mwi,2004,62369333658.20409
mwi,2005,74651743411.19998
mwi,2006,81966312823.3961
mwi,2007,102113497918.783
mwi,2008,98960658627.9263
mwi,2009,102382273516
mwi,2010,154969585044.60699
mwi,2011,85386851948.3849
mwi,2012,156667873856.254
mwi,2013,196564742590.90601
nam,1980,537956475.60925
nam,1981,2075358388.3167
nam,1982,2368160311.90791
nam,1983,2371277652.04151
nam,1984,2257295047.20232
nam,1985,2246211330.05329
nam,1986,2375132562.57274
nam,1987,1755181437.03017
nam,1988,1501762829.3551
nam,1989,1379905834.16677
nam,1990,1706563379.10584
nam,1991,1650325869.27596
nam,1992,1859417573.64793
nam,1993,1323788258.93703
nam,1994,1198174509.8952
nam,1995,1393055726.6872
nam,1996,1601226629.74152
nam,1997,1658579263.60757
nam,1998,1809857598.65191
nam,1999,1921563184.09874
nam,2000,2094609353.12237
nam,2001,1899269182.47531
nam,2002,1658051379.86529
nam,2003,1849435815.53204
nam,2004,2250957152.03701
nam,2005,2280483917.35775
nam,2006,3270170029.95506
nam,2007,3826463835.96414
nam,2008,10548066635.0819
nam,2009,10565006357.0201
nam,2010,8887906262.76835
nam,2011,8014229265.03682
nam,2012,11630746903.4939
nam,2013,11220225532.8144
ner,2008,92037847755.2525
ner,2009,59791127554.8236
ner,2010,179757203492.151
ner,2011,107522618420.451
ner,2012,139780659514.19299
nga,1981,-149962441339.436
nga,1982,-107823850283.245
nga,1983,-84309822508.5938
nga,1984,-195776508035.54001
nga,1985,-190231380910.93799
nga,1986,-314560129828.15997
nga,1987,-143852804759.534
nga,1988,-112296637437.68401
nga,1989,76110721629.4709
nga,1990,213173097787.134
nga,1991,380595952906.02197
nga,1992,402703299081.104
nga,1993,421644344465.91199
nga,1994,179365110565.16
nga,1995,712829522235.828
nga,1996,242642316326.45001
nga,1997,838090820627.65186
nga,1998,658535297762.01001
nga,1999,628415165172.53503
nga,2000,833223313613.55603
nga,2001,735829815842.729
nga,2002,560622611058.87402
nga,2003,526459306796.66693
nga,2004,1076086639671.85999
nga,2005,1152878774871.27002
nga,2006,2878363231526.41016
nga,2007,4976065666013.05957
nga,2008,4437266357065.00977
nga,2009,5422747847478.17969
nga,2010,2516041490000
nga,2011,2930842209649.77979
nga,2012,2841511640074.2002
nic,1994,851621062.29307
nic,1995,2324329374.17035
nic,1996,2528622124.519
nic,1997,3896256077.32691
nic,1998,5462945446.02151
nic,1999,7343268492.214
nic,2000,871338717.71588
nic,2001,996780237.70034
nic,2002,1111083711.50563
nic,2003,1295036150.82748
nic,2004,1506331617.78443
nic,2005,1598209695.17032
nic,2006,1762798100
nic,2007,1800713274.99911
nic,2008,1634812711.79738
nic,2009,1619802924.77431
nic,2010,1829761599.00428
nic,2011,2708320487.60883
nic,2012,18132743250.1815
nld,1960,637876378.13834
nld,1961,-28828115.70094
nld,1962,1017618734.55716
nld,1963,342687358.91057
nld,1964,430867444.99903
nld,1965,3441214832.12877
nld,1966,3391712374.4779
nld,1967,3689410116.2839
nld,1968,3711288424.14663
nld,1969,4012596950.36512
nld,1970,4063472459.43458
nld,1971,2939847842.97781
nld,1972,3539896247.39726
nld,1973,4546746868.67197
nld,1974,4160362770.48177
nld,1975,1034080773.4601
nld,1976,2424434546.20043
nld,1977,2142184704.18858
nld,1978,1091671391.56499
nld,1979,3511515381.11714
nld,1980,2374047179.62379
nld,1981,157878299.29403
nld,1982,124454556.93968
nld,1983,1606483789.68105
nld,1984,2627592161.43716
nld,1985,-1210330461.75317
nld,1986,-896185818.25063
nld,1987,2735015433.66038
nld,1988,1575018915.78889
nld,1989,2386137364.99954
nld,1990,-2611024965.93502
nld,1991,-1146239285.08985
nld,1992,-2616725258.01438
nld,1993,12110886.08145
nld,1994,2584176963.81289
nld,1995,5858251201.43091
nld,1996,3640815859.01706
nld,1997,5669281208.63612
nld,1998,-4583962655.60166
nld,1999,5033286434.50296
nld,2000,10376690353.1438
nld,2001,3698643192.00591
nld,2002,4484844794.00878
nld,2003,5595373502.18579
nld,2004,13468285894.8989
nld,2005,2478000000
nld,2006,14272715589.6901
nld,2007,9167503169.9643
nld,2008,-11927586789.1489
nld,2009,-13071166275.6112
nld,2010,-8426339842.77142
nld,2011,1774295507.69806
nld,2012,5166245741.13439
nld,2013,-2477022983.18449
nor,1960,-6123566304.05289
nor,1961,-6436394843.44533
nor,1962,-6780227134.42376
nor,1963,-7533908086.45439
nor,1964,-8090528332.13273
nor,1965,-8422108411.98988
nor,1966,-8881117751.46576
nor,1967,-9526389546.97189
nor,1968,-9264141512.90042
nor,1969,-8274119056.48113
nor,1970,-8238779581.42246
nor,1971,-6998292188.40253
nor,1972,-8015016368.8771
nor,1973,-8021438235.04297
nor,1974,-9011655114.04852
nor,1975,-10063058412.9856
nor,1976,-14169240033.1755
nor,1977,-20351770334.1185
nor,1978,-26948284529.86
nor,1979,-32178988001.0672
nor,1980,-29141207214.5358
nor,1981,-28864943831.8086
nor,1982,-30536995846.5269
nor,1983,-29119412282.5413
nor,1984,-27872066161.843
nor,1985,-19412190474.1217
nor,1986,-18203400343.6727
nor,1987,-16702864022.3354
nor,1988,-28901791630.3721
nor,1989,-32174873377.6967
nor,1990,-34794802482.4492
nor,1991,-40297199976.2803
nor,1992,-27629947119.9552
nor,1993,-30521101875.4667
nor,1994,-23637354529.4928
nor,1995,-17807552812.7474
nor,1996,-17528841632.3891
nor,1997,-17035478151.3168
nor,1998,-18809985044.1966
nor,1999,-14275081779.9691
nor,2000,-23700743751.5274
nor,2001,1597376996.48705
nor,2002,5580177782.91165
nor,2003,11426133820.4159
nor,2004,3655947147.7831
nor,2005,21772000000
nor,2006,1438078472.08434
nor,2007,-6484956681.38629
nor,2008,-9499143182.93505
nor,2009,11446150119.0011
nor,2010,23954288238.7298
nor,2011,22091806512.3347
nor,2012,45055645281.21049
nor,2013,34625792124.6194
npl,2001,65595071893.5159
npl,2002,65629076056.9521
npl,2003,70521653472.0488
npl,2004,76175577419.31641
npl,2005,82833714278.08791
npl,2006,99971068828.51619
npl,2007,95226928469.76988
npl,2008,109966529352.44701
npl,2009,130291111746.888
nzl,1970,-813825766.74813
nzl,1971,-818457073.81561
nzl,1972,-1176935792.42404
nzl,1973,-1184407236.97505
nzl,1974,-1123721278.1397
nzl,1975,-1784307037.01577
nzl,1976,-2522274994.32878
nzl,1977,-2291033595.79751
nzl,1978,-2567808374.4503
nzl,1979,-2034600639.69991
nzl,1980,-2068315956.71175
nzl,1981,-2266628014.59547
nzl,1982,-2636079263.5986
nzl,1983,-3671406173.27155
nzl,1984,-5038040848.37973
nzl,1985,-5633154400.82049
nzl,1986,-5007169023.4831
nzl,1987,-5163294398.86885
nzl,1988,-5070906971.78641
nzl,1989,-5003448538.59408
nzl,1990,-4191071963.76443
nzl,1991,-6600608685.8945
nzl,1992,-6359865515.65829
nzl,1993,-7437922753.50101
nzl,1994,-7201364280.32145
nzl,1995,-7252561205.42424
nzl,1996,-8901083310.09063
nzl,1997,-7402964010.7367
nzl,1998,-5736002786.35258
nzl,1999,-7890388001.93013
nzl,2000,-7682731360.91965
nzl,2001,-7083710446.8723
nzl,2002,-7401271496.16755
nzl,2003,-7268559140.09627
nzl,2004,-8920824548.62099
nzl,2005,-10556374700
nzl,2006,-11213412317.9166
nzl,2007,-12355616962.0969
nzl,2008,-12328581182.9142
nzl,2009,-7081108404.42196
nzl,2010,-8730747869.90802
nzl,2011,-8031281087.01812
nzl,2012,-8085602858.21695
nzl,2013,1.22413
pak,1967,3364593432.91854
pak,1968,6560380462.13181
pak,1969,8124362826.07943
pak,1970,6336821438.59987
pak,1971,4719365673.06508
pak,1972,14732339571.1541
pak,1973,16138193945.172
pak,1974,13226168490.1693
pak,1975,15229273458.0638
pak,1976,21388039333.407
pak,1977,33741090021.1481
pak,1978,64121856137.62209
pak,1979,75024064622.45689
pak,1980,85512937850.7374
pak,1981,85673852246.351
pak,1982,89273728067.93571
pak,1983,129811375074.05901
pak,1984,125317121398.614
pak,1985,119371660567.80099
pak,1986,125763262556.448
pak,1987,117438246210.17599
pak,1988,95805886242.67827
pak,1989,89415308657.1512
pak,1990,97850033110.65559
pak,1991,119333895609.336
pak,1992,141342327441.55399
pak,1993,106614636814.409
pak,1994,110859567136.942
pak,1995,101010852927.20799
pak,1996,97843890874.24141
pak,1997,124722375039.078
pak,1998,140356712856.32501
pak,1999,115021207189.423
pak,2000,144166739250.60599
pak,2001,122980340026.103
pak,2002,173066623768.18799
pak,2003,232566134895.569
pak,2004,209017173270.095
pak,2005,263224933190.57401
pak,2006,285755408400
pak,2007,359087873984.164
pak,2008,714161822847.047
pak,2009,496926167915.96698
pak,2010,203854264266.82501
pak,2011,-9421364454.89712
pak,2012,202686124320.76501
pak,2013,101632351126.17999
pan,1980,64836717.87458
pan,1981,99327160.10944
pan,1982,107714841.49423
pan,1983,112819562.46549
pan,1984,170395007.23637
pan,1985,190114244.80184
pan,1986,189209612.97907
pan,1987,168559343.93039
pan,1988,153847004.63689
pan,1989,136397812.75219
pan,1990,304127818.54644
pan,1991,300623857.42974
pan,1992,270608611.17022
pan,1993,273139145.7125
pan,1994,195669624.52916
pan,1995,192260322.02214
pan,1996,154276377.58922
pan,1997,174745183.66535
pan,1998,183131006.14382
pan,1999,192002719.52201
pan,2000,199105501.42176
pan,2001,253507622.08766
pan,2002,271083733.8307
pan,2003,283885509.35646
pan,2004,239024597.54465
pan,2005,269694742.37666
pan,2006,267693529.04362
pan,2007,253200000
pan,2008,192058614.77914
pan,2009,167110768.35855
per,1991,524497600.07453
per,1992,920880653.5129
per,1993,956821107.61292
per,1994,1148747903.95364
per,1995,1033116091.99973
per,1996,1802000000
per,1997,1843000000
per,1998,2001000000
per,1999,2174000000
per,2000,2232000000
per,2001,2294000000
per,2002,2288000000
per,2003,2625000000
per,2004,2913648000
per,2005,3424672000
per,2006,4111630000
per,2007,4422226479.89409
per,2008,4617630571.61858
per,2009,4544676403.08233
per,2010,4413848957.33789
per,2011,4411468385.09495
per,2012,4194617026.06253
phl,1998,17920567294.0205
phl,1999,236108582190.27097
phl,2000,249375463577.26999
phl,2001,329046607355.474
phl,2002,360287150470.638
phl,2003,401781116068.00403
phl,2004,426501284782.41602
phl,2005,488081990478.35101
phl,2006,498961885743.55798
phl,2007,462885626354.27399
phl,2008,446604174232.77094
phl,2009,503093016035.63
phl,2010,466952331673.55493
phl,2011,471452022293.61298
phl,2012,465222089430.05298
png,1970,-38522232144.2158
png,1971,-40057570597.8676
png,1972,-33260568307.9194
png,1973,-28095596983.3953
png,1974,-28911091889.6763
png,1975,-14488913350.584
png,1976,-10710216716.1163
png,1977,-20071391182.368
png,1978,-16844277549.5896
png,1979,-14621418995.1086
png,1980,-12592119457.3729
png,1981,-11052720928.5097
png,1982,-10180262893.3954
png,1983,-11655294461.7844
png,1984,-12339851767.1034
png,1985,-10253841671.3095
png,1986,-9865827713.15248
png,1987,6856271530.27622
png,1988,7412630925.95871
png,1989,7495986999.21497
png,1990,6269415616.65933
png,1991,3506967664.3836
png,1992,3333324554.84831
png,1993,7123238138.07683
png,1994,8269675829.51647
png,1995,6947564640.14313
png,1996,3146226438.84974
png,1997,1976182851.333
png,1998,477075850.77996
prt,1960,-179577695.15102
prt,1961,-225242204.10523
prt,1962,-273022314.98725
prt,1963,-249205246.65844
prt,1964,-19887477.73113
prt,1965,21966558.26499
prt,1966,-143003656.57852
prt,1967,-62714172.96432
prt,1968,-86198586.50026
prt,1969,8940919.73017
prt,1970,157803712.64579
prt,1971,11131698.48921
prt,1972,35814732.79798
prt,1973,362196392.96489
prt,1974,509807417.28652
prt,1975,-178867034.09388
prt,1976,-699869657.82469
prt,1977,-909059327.56672
prt,1978,-1464866913.70702
prt,1979,-1743802653.36574
prt,1980,-2100673614.05448
prt,1981,-3397804979.57361
prt,1982,-4790202721.40321
prt,1983,-4478711776.55816
prt,1984,-5175990596.11879
prt,1985,-4698698516.266
prt,1986,-3137219655.87088
prt,1987,-2370590115.27463
prt,1988,-1792767763.05559
prt,1989,-1376275529.06135
prt,1990,-695609534.2737
prt,1991,-471116353.58565
prt,1992,65670747.00881
prt,1993,159409075.45899
prt,1994,-329309044.1781
prt,1995,241100347.90596
prt,1996,-4548330.0939
prt,1997,-802055522.91012
prt,1998,-1039258834.52126
prt,1999,-1406941766.28369
prt,2000,-3064102189.35564
prt,2001,-3855809598.10962
prt,2002,-2430755658.32114
prt,2003,-1452759432.31778
prt,2004,-1629220056.92133
prt,2005,-2288200000
prt,2006,-4724703322.23335
prt,2007,-5084530436.22413
prt,2008,-5726000715.52334
prt,2009,-6334926470.79289
prt,2010,-5434316358.37917
prt,2011,-5700305935.15471
prt,2012,-4170431788.05933
prt,2013,-3111909306.97074
pry,1995,452326712828.60602
pry,1996,355154762887.164
pry,1997,343559693924.65802
pry,1998,373293646737.25
pry,1999,372798905581.43597
pry,2000,361115582818.08093
pry,2001,391330237036.22498
pry,2002,345903330283.28998
pry,2003,473595186004.40002
pry,2004,474221226704.98096
pry,2005,484805003903.27698
pse,1994,1410486000
pse,1995,1194067000
pse,1996,1415722000
pse,1997,1317555000
pse,1998,1372940000
pse,1999,1614600000
pse,2000,2586720000
pse,2001,4004131000
pse,2002,5401230000
pse,2003,3558452000
pse,2004,3228736000
pse,2005,4902631000
pse,2006,5274396000
pse,2007,7863252000
pse,2008,10261398000
pse,2009,7799624000
pse,2010,4809462000
pse,2011,2706122000
pse,2012,2756215000
rou,1990,262646801.3156
rou,1991,631764824.57425
rou,1992,191747772.14824
rou,1993,624756028.00083
rou,1994,754777838.36054
rou,1995,864198232.05777
rou,1996,1432142119.93945
rou,1997,1326163189.57227
rou,1998,1414442102.08548
rou,1999,1377112632.647
rou,2000,1878701356.42816
rou,2001,2427777938.38977
rou,2002,3023846125.24067
rou,2003,3032373637.0318
rou,2004,5299948748.02505
rou,2005,5284178248.83707
rou,2006,6612409935.0178
rou,2007,5990471687.07381
rou,2008,7220811035.08528
rou,2009,5305483229.03732
rou,2010,4428230136.59492
rou,2011,4066413618.80911
rou,2012,4205618203.9779
rus,1990,0
rus,1991,0
rus,1992,0
rus,1993,0
rus,1994,-4148573982.19932
rus,1995,2676569294.17729
rus,1996,1194782491.14439
rus,1997,-5794892173.54826
rus,1998,-7763495868.37354
rus,1999,20374663948.4914
rus,2000,1940970000
rus,2001,-19006026021.7362
rus,2002,-17476579447.5296
rus,2003,-7298238240.16814
rus,2004,-13300033303.7465
rus,2005,-13365778067.185
rus,2006,-16496147580.237
rus,2007,-31114243707.0789
rus,2008,-20233326853.049
rus,2009,-22183429967.2228
rus,2010,-27639027187.1762
rus,2011,-20487129246.5348
rus,2012,-38020260964.4053
rwa,1970,51184455319.0435
rwa,1971,58040142724.3653
rwa,1972,58789146769.7656
rwa,1973,73886268347.8336
rwa,1974,78033141420.53868
rwa,1975,70625852981.6709
rwa,1976,69824332476.0909
rwa,1977,78458187136.17108
rwa,1978,103106773954.40199
rwa,1979,140689267714.51999
rwa,1980,101661382697.71001
rwa,1981,92708782146.7308
rwa,1982,97875979565.89841
rwa,1983,107658837262.595
rwa,1984,84982541701.3316
rwa,1985,90545420828.55449
rwa,1986,92628809456.1066
rwa,1987,79500521996.93581
rwa,1988,11765344699.1344
rwa,1989,11639547864.3621
rwa,1990,79489006303.6613
rwa,1991,142745781309.54001
rwa,1992,86240206920.68988
rwa,1993,74934608484.28951
rwa,1994,356084846914.78101
rwa,1995,190398261106.39401
rwa,1996,176559458744.22501
rwa,1997,122195439783.761
rwa,1998,147287079133.64801
rwa,1999,162593682891.004
rwa,2000,207872540785.453
rwa,2001,203125064453.03296
rwa,2002,231314446558.53
rwa,2003,238108812276.048
rwa,2004,313201882797.466
rwa,2005,323298246822.72498
rwa,2006,270068349562.548
rwa,2007,351537453466.19397
rwa,2008,339790625473.62097
rwa,2009,383234538168.98895
rwa,2010,412628207929.39899
rwa,2011,528611360323.88
rwa,2012,405378482339.12402
rwa,2013,461040375713.95398
sdn,1965,0
sdn,1966,0
sdn,1967,-1552136.5
sdn,1968,-1482349.5
sdn,1969,-2019965.125
sdn,1970,-2196060.75
sdn,1971,-246980.8125
sdn,1972,3869753.75
sdn,1973,4423029
sdn,1974,2402503.25
sdn,1975,86539544
sdn,1976,174155072
sdn,1977,237941216
sdn,1978,254294416
sdn,1979,244747008
sdn,1980,406273952
sdn,1981,485903680
sdn,1982,393487744
sdn,1983,607265600
sdn,1984,536394304
sdn,1985,419603648
sdn,1986,285818848
sdn,1987,261603120
sdn,1988,374593952
sdn,1989,475318624
sdn,1990,191426496
sdn,1991,195964256
sdn,1992,489232416
sdn,1993,194362784
sdn,1994,123541280
sdn,1995,92916720
sdn,1996,449385426.84342
sdn,1997,495741496.315
sdn,1998,592653339.09887
sdn,1999,571792342.62163
sdn,2000,445463739.03797
sdn,2001,450770856.265
sdn,2002,732445712.40345
sdn,2003,927037079.04104
sdn,2004,1024572595.57793
sdn,2005,1301969966.05458
sdn,2006,1027351388.52111
sdn,2007,411004832.05691
sen,1968,-4462306454.20811
sen,1969,-12161371232.6303
sen,1970,-11484513838.6932
sen,1971,-12671567227.2746
sen,1972,-8776116048.3532
sen,1973,-17753713765.1761
sen,1974,-16187323466.7511
sen,1975,-9194442453.36226
sen,1976,8641548704.47368
sen,1977,2837805998.79182
sen,1978,-9509845330.82977
sen,1979,-28231195430.2425
sen,1980,14290777702.7009
sen,1981,3250709285.99478
sen,1982,6031369401.23877
sen,1983,-4046709048.60569
sen,1984,-4859331193.75239
sen,1985,-4412486165.45716
sen,1986,6400304741.54937
sen,1987,-7459601056.83226
sen,1988,4044961486.61959
sen,1989,7901735132.64675
sen,1990,14060394722.724
sen,1991,14169122895.248
sen,1992,14957302595.1791
sen,1993,6786540768.25108
sen,1994,127983890111.377
sen,1995,91477202939.96979
sen,1996,87462924129.68089
sen,1997,106301807670.463
sen,1998,100200205944.793
sen,1999,97928896844.2697
sen,2000,174259027114.922
sen,2001,208954164609.97101
sen,2002,234237073689.55801
sen,2003,279036673849.138
sen,2004,295664144502.05103
sen,2005,347788863100.90997
sen,2006,357471598635.09998
sen,2007,418782767514.89294
sen,2008,464967731462.28094
sen,2009,604581236249.97595
sen,2010,670660587108.88794
sen,2011,660102918743.74194
sen,2012,562422862193.8009
sle,2001,361180839589.50494
sle,2002,575714983831.25903
sle,2003,556087477972.151
sle,2004,389054759291.51202
sle,2005,517038326900.24493
sle,2006,448729267443.18201
sle,2007,450369168261.15894
sle,2008,419899875754.68402
sle,2009,475326816075.38
sle,2010,472351632134.414
sle,2011,625955710110.40906
slv,1965,0
slv,1966,0
slv,1967,0
slv,1968,0
slv,1969,0
slv,1970,0
slv,1971,0
slv,1972,0
slv,1973,0
slv,1974,0
slv,1975,0
slv,1976,0
slv,1977,0
slv,1978,0
slv,1979,0
slv,1980,0
slv,1981,0
slv,1982,0
slv,1983,0
slv,1984,0
slv,1985,0
slv,1986,0
slv,1987,0
slv,1988,0
slv,1989,0
slv,2000,1081809333.75693
slv,2001,1352973166.82817
slv,2002,1170095167.96354
slv,2003,1183043477.38832
slv,2004,1367282116.15437
slv,2005,1557806778.90809
slv,2006,1709426380.26379
slv,2007,1764926817.08843
slv,2008,1659721210.14099
slv,2009,1502560663.73555
slv,2010,1530534631.54196
slv,2011,1549499801.54467
slv,2012,1601957092.7123
slv,2013,-334736297.57989
srb,1999,30321860867.8372
srb,2000,169173629412.5
srb,2001,185956121501.79001
srb,2002,162348114300
srb,2003,123770359556.25999
srb,2004,147754650823.14999
srb,2005,147355792019.164
srb,2006,145331108966.909
srb,2007,124553982205.30299
srb,2008,98554375729.9095
srb,2009,150992153061.931
srb,2010,144463512818.34799
srb,2011,135163004366.81
ssd,2011,1852567369.63402
ssd,2012,1574413736.81537
svk,1993,135991535.81797
svk,1994,24774315.09104
svk,1995,-83396830.20662
svk,1996,184944794.5901
svk,1997,112650699.56417
svk,1998,504519960.29362
svk,1999,372143372.40939
svk,2000,212966694.95961
svk,2001,376610327.23539
svk,2002,62574197.78187
svk,2003,224576101.48447
svk,2004,54214049.50469
svk,2005,-542025000
svk,2006,-623512658.77905
svk,2007,-812911496.19449
svk,2008,-1089241671.23597
svk,2009,-660357144.66473
svk,2010,-547833819.21088
swe,1960,13135427644.4015
swe,1961,13540031445.296
swe,1962,14309660855.041
swe,1963,14745585054.1251
swe,1964,16523283642.3689
swe,1965,16641673018.9597
swe,1966,16615620016.5309
swe,1967,16556058415.833
swe,1968,16719126764.3328
swe,1969,17132494782.0669
swe,1970,-7667974936.22359
swe,1971,-6012725728.06888
swe,1972,-5093633648.09685
swe,1973,-3071440933.5723
swe,1974,-4027181415.31489
swe,1975,-4271380894.41877
swe,1976,-6300283626.49809
swe,1977,-10924921810.7534
swe,1978,-13315385924.7441
swe,1979,-12902203469.5185
swe,1980,-7528653450.53465
swe,1981,-14473078642.307
swe,1982,-22581095000.8287
swe,1983,-27332219245.0434
swe,1984,-27699671351.2744
swe,1985,-28722709536.6245
swe,1986,-19918838266.3068
swe,1987,-13036853693.0102
swe,1988,-14731565428.7046
swe,1989,-18619183527.6344
swe,1990,-30234157249.6812
swe,1991,-42675375907.1154
swe,1992,-65694867297.9175
swe,1993,-74913146974.2283
swe,1994,-48253955192.1019
swe,1995,-47775219816.8078
swe,1996,-46165775128.84889
swe,1997,-46312374829.0212
swe,1998,-32597694458.4361
swe,1999,-21228932763.9412
swe,2000,-20390177609.9816
swe,2001,-17885268623.6996
swe,2002,-9870481053.18727
swe,2003,31754147824.6211
swe,2004,-492321831.58164
swe,2005,19895000000
swe,2006,37108259190.0777
swe,2007,68021233290.4033
swe,2008,103422513113.547
swe,2009,53798244826.5981
swe,2010,67478399312.54569
swe,2011,69397556788.1219
swe,2012,79472479210.54939
swe,2013,89535930926.48779
swz,1990,850051836.97959
swz,1991,890724298.22782
swz,1992,955778995.57007
swz,1993,1160398661.37463
swz,1994,1150518292.36631
swz,1995,912947404.11066
swz,1996,1053436964.46412
swz,1997,755824115.23972
swz,1998,940731505.28038
swz,1999,915531712.86271
swz,2000,742957230
swz,2001,276014182.5985
swz,2002,552966435.67996
swz,2003,271790387.13968
swz,2004,513021216.15915
swz,2005,424508027.16305
swz,2006,605281737.54611
swz,2007,1548411297.2145
swz,2008,971734831.88958
swz,2009,854033087.18802
swz,2010,674278269.1186
swz,2011,357416111.27698
syr,1990,14226150403.0307
syr,1991,17957703045.9557
syr,1992,21894304833.6172
syr,1993,16066669194.7329
syr,1994,40828526748.1077
syr,1995,41215595970.5628
syr,1996,37133216853.1995
syr,1997,28496668411.6683
syr,1998,30539041254.7424
syr,1999,24676831884.8179
syr,2000,23168450000
syr,2001,22239380447.3693
syr,2002,22519120212.3343
syr,2003,26621829155.8741
syr,2004,30143998350.1394
syr,2005,30219169365.8958
syr,2006,20173466194.2347
syr,2007,27646232975.4718
tcd,1968,-6368591384.59292
tcd,1969,-10356103493.9267
tcd,1970,-10680569502.1897
tcd,1971,-10960119964.6879
tcd,1972,-11949346669.4517
tcd,1973,-11106839469.5058
tcd,1974,-11185327879.2217
tcd,1975,-7759934852.79261
tcd,1976,-4035085073.72332
tcd,1977,-12732683144.7095
tcd,1978,-8549373649.45854
tcd,1979,-5874367029.15713
tcd,1980,-2472931671.06821
tcd,1981,-418259477.14482
tcd,1982,-565155463.05839
tcd,1983,-2608568872.29396
tcd,1984,-1410488038.93671
tcd,1985,98284523228.8856
tcd,1986,61837341563.1694
tcd,1987,80900304413.37779
tcd,1988,70228035138.5266
tcd,1989,58024386304.1151
tcd,1990,63010774954.6269
tcd,1991,55670129185.7855
tcd,1992,58775374645.7878
tcd,1993,17812986491.9508
tcd,1994,104130750285.63499
tcd,1995,39078164734.1344
tcd,1996,26231786002.226
tcd,1997,20590297209.6808
tcd,1998,35259199714.7074
tcd,1999,31999787166.7296
tcd,2000,42840391158.6252
tcd,2001,58264988881.1922
tcd,2002,69168278316.44479
tcd,2003,67945183791.7811
tcd,2004,107958960720.731
tcd,2005,176812102265.34299
tgo,1997,11860203520
tgo,1998,11301672960
tgo,1999,7891334656
tgo,2000,11236622336
tgo,2001,78903214215.09801
tgo,2002,56783141341.3448
tgo,2003,74268588760.00998
tgo,2004,100715100723.00999
tgo,2005,89787158180.58238
tgo,2006,98061001759.24449
tgo,2007,101636685673.40401
tgo,2008,88890883838.4126
tgo,2009,92313423272.50841
tgo,2010,109179867075.73801
tgo,2011,106305479940.13901
tha,1968,509346929.5699
tha,1969,284946424.84266
tha,1970,218408469.54596
tha,1971,488711098.94899
tha,1972,2024616923.97093
tha,1973,6858950865.1074
tha,1974,9955671705.22488
tha,1975,2433646661.91445
tha,1976,1194706768.96148
tha,1977,843880217.0886
tha,1978,220983234.79934
tha,1979,742973659.84434
tha,1980,2151099679.682
tha,1981,1396005567.43317
tha,1982,2043013777.05104
tha,1983,4141364165.03097
tha,1984,1636815267.76205
tha,1985,1403889693.3302
tha,1986,1829741674.59862
tha,1987,2708945888.98628
tha,1988,1178695772.89279
tha,1989,1119696368.0084
tha,1990,4719320999.85688
tha,1991,6298877421.70713
tha,1992,13064103707.6396
tha,1993,14635609567.8407
tha,1994,20750855636.60049
tha,1995,8379188819.39095
tha,1996,14042930579.7684
tha,1997,12053197942.9106
tha,1998,12200479665.8227
tha,1999,8952128084.14697
tha,2000,13350621640.7981
tha,2001,14547681890.4888
tha,2002,14045459151.0622
tha,2003,21061674634.238
tha,2004,44693079728.5657
tha,2005,81485657670.6371
tha,2006,82048521122.14819
tha,2007,88501446829.0334
tha,2008,93941129672.31529
tha,2009,79061880692.00381
tha,2010,78702578532.8748
tha,2011,127108792252.616
tha,2012,133369331457.041
tjk,1993,44588248.83465
tjk,1994,37410854.51108
tjk,1995,38750402.9156
tjk,1996,38895212.54876
tjk,1997,70159738.89744
tjk,1998,71621941.79765
tjk,1999,50066955.15413
tjk,2000,78202640.83726
tjk,2001,185377361.39919
tjk,2002,241657834.29713
tjk,2003,324051813.32661
tjk,2004,280811051.8128
tjk,2005,717230863.31753
tjk,2006,830781490.98364
tjk,2007,996506099.15714
tjk,2008,1209829138.70944
tjk,2009,1013354568.06131
tjk,2010,1182574272.98516
tjk,2011,1414115149.35824
tjk,2012,1598528869.05197
tjk,2013,1778663317.90946
tkm,1991,216489878.87887
tkm,1997,-82359976.8719
tkm,1998,69984205.53936
tkm,1999,331968988.34753
tkm,2000,610006651.72987
tkm,2001,208556167.13812
tkm,2002,23229240.08806
tkm,2003,116001427.22421
tkm,2004,136491299.70049
tkm,2005,110968457.42934
tkm,2006,133652835.2103
tto,1975,-180603741.71941
tto,1976,-366996041.03354
tto,1977,-288749099.6957
tto,1978,-308429294.24042
tto,1988,-226180395.65343
tto,1989,-199827420.71377
tto,1990,-189870911.05748
tto,1991,-92540859.7559
tto,1992,-101016773.19387
tto,1993,-50548732.2289
tto,1994,-42517251.35161
tto,1995,-108139895.26509
tto,1996,-48070381.89266
tto,1997,26043380.70323
tto,1998,148789749.99576
tto,1999,246407260.7064
tto,2000,238762416.93497
tto,2001,202526392.81003
tto,2002,361110761.52508
tto,2003,359095980.9357
tto,2004,329819143.04896
tto,2005,248515334.60835
tto,2006,312889053.16338
tto,2007,261089728.13425
tto,2008,154640686.56443
tur,1987,1175843191.23276
tur,1988,1046476381.5347
tur,1989,1431944702.62916
tur,1990,1423517629.63261
tur,1991,1656613849.64807
tur,1992,1282936041.79879
tur,1993,1142146684.44228
tur,1994,1250834495.23307
tur,1995,1479977946.77471
tur,1996,1356569501.16816
tur,1997,1551627734.81016
tur,1998,1432491407.05681
tur,1999,1396719448.80014
tur,2000,1297691866.38427
tur,2001,845293581.73439
tur,2002,690052631.84789
tur,2003,259536919.38887
tur,2004,248317912.04398
tur,2005,298500594.75467
tur,2006,351666789.83934
tur,2007,377246439.26742
tur,2008,286330065.39027
tur,2009,383063431.77155
tur,2010,218505240.43242
tur,2011,225360985.32843
tur,2012,211724005.02913
tur,2013,234256362.64367
tza,2001,363619770846.39697
tza,2002,160910655927.58499
tza,2003,319237802307.65002
tza,2004,443461337558.96802
tza,2005,540283509735.34198
tza,2006,450647658349.14496
tza,2007,424738121204.16895
tza,2008,639697600388.922
tza,2009,711487380712.48401
tza,2010,674925228723.04199
tza,2011,791858562409.06592
tza,2012,682998614725.76404
tza,2013,563263664663.77795
uga,1982,37488298481.46829
uga,1983,139821121604.48099
uga,1984,34643876443.9277
uga,1985,53521412464.4993
uga,1986,120977073839.886
uga,1987,75383810066.3143
uga,1988,94707918694.578
uga,1989,115719871046.19099
uga,1990,99831719383.2478
uga,1991,136099710802.433
uga,1992,268834967367.17896
uga,1993,205092257652.82999
uga,1994,508764566324.93103
uga,1995,459180120447.164
uga,1996,591769856215.85291
uga,1997,26351980486.6338
uga,1998,51754328474.1986
uga,1999,35168894161.28
uga,2000,202467000000
uga,2001,1164935609363.8501
uga,2002,1268977351066.55005
uga,2003,1542645983703.6499
uga,2004,1628956808665
uga,2005,1701873781966.28003
uga,2006,1588074124603.98999
uga,2007,1656519434137.08008
uga,2008,1584305718194.23999
uga,2009,1666212731011.1499
uga,2010,1355986135172.26001
uga,2011,2044687629195.13989
uga,2012,1650165590793.65991
uga,2013,1765155745229.91992
ukr,1994,2556244636.9507
ukr,1995,2131904348.15164
ukr,1996,2216051816.45939
ukr,1997,3242495208.48647
ukr,1998,3642892976.78384
ukr,1999,4578328762.80344
ukr,2000,6905744994.14948
ukr,2001,8838872926.61189
ukr,2002,11105135407.5548
ukr,2003,11646616800
ukr,2004,12140085985.8147
ukr,2005,10506286187.5093
ukr,2006,10280536517.1616
ukr,2007,11286468609.0469
ukr,2008,7302828764.53549
ukr,2009,7507305856.14742
ukr,2010,7656340144.16979
ury,1988,708977753.20983
ury,1989,255231991.15554
ury,1990,245022711.50932
ury,1991,756621058.22553
ury,1992,706709024.39956
ury,1993,1047018345.94028
ury,1994,1128692583.11005
ury,1995,2036184107.21863
ury,1996,2167770378.21437
ury,1997,1914807115.86911
ury,1998,1500764107.99457
ury,1999,1844476522.75069
ury,2000,1240994659.21848
ury,2001,1189948260.98738
ury,2002,2060005759.72648
ury,2003,1912538387.05884
ury,2004,2821262712.97839
ury,2005,3480179334.94967
ury,2006,2831010204.55106
ury,2007,2756879404.53275
ury,2008,2482257949.13829
ury,2009,2391698468.93041
ury,2010,1779405694.90095
ury,2011,1741462157.25472
ury,2012,1183968410.62771
usa,1960,-3230369875.08938
usa,1961,-1737821117.41542
usa,1962,-155339643.99997
usa,1963,461133643.41701
usa,1964,1222105739.70536
usa,1965,1113610482.68802
usa,1966,-2490965977.23914
usa,1967,-2130834483.12641
usa,1968,-1991372391.45486
usa,1969,-3440675161.19986
usa,1970,4033679658.97889
usa,1971,-7293307648.52646
usa,1972,5518569364.03647
usa,1973,23028291318.3002
usa,1974,25932091821.2132
usa,1975,-586018010.75898
usa,1976,-9999351963.71471
usa,1977,2615334972.26391
usa,1978,-3910021848.42054
usa,1979,-28895439774.8513
usa,1980,-20085577531.5492
usa,1981,-7007430760.98352
usa,1982,52962249003.0993
usa,1983,-29164056459.2909
usa,1984,-3976142467.16303
usa,1985,-41579451137.0102
usa,1986,-93946584996.81859
usa,1987,-35446449824.8942
usa,1988,34395698345.3054
usa,1989,-56227062758.4732
usa,1990,-78028576294.9503
usa,1991,-75516787142.15179
usa,1992,-103913221901.314
usa,1993,-153009818326.785
usa,1994,-140604567703.13101
usa,1995,-75270447429.55939
usa,1996,-29711926174.4834
usa,1997,13899314540.2128
usa,1998,91356986678.3999
usa,1999,68472089537.1433
usa,2000,147831020208.75299
usa,2001,179332046581.633
usa,2002,128380661890.31799
usa,2003,84935276529.05
usa,2004,99698343219.5695
usa,2005,127300000000
usa,2006,275238807503.33197
usa,2007,100463480858.186
usa,2008,68504221172.5888
usa,2009,68992877012.5603
usa,2010,147969415024.758
usa,2011,280344269589.62
usa,2012,236454083890.258
usa,2013,222225919966.82697
uzb,1994,882362115.54441
uzb,1995,1289774985.94541
uzb,1996,-131118655.25581
uzb,1997,1888125000
uzb,1998,2886524654.76551
uzb,1999,2960646940.16349
uzb,2000,1030596796.44843
uzb,2001,4254834119.88235
uzb,2002,14757274044.1576
uzb,2003,40797936966.2648
uzb,2004,41337483258.914
uzb,2005,69929075984.14371
ven,1974,-143304859.43946
ven,1975,-122379838.25533
ven,1976,-156277495.84206
ven,1977,-177025774.35554
ven,1978,-230357191.03757
ven,1979,-201589718.43631
ven,1980,-192720556.62751
ven,1981,-161664229.89021
ven,1982,-238799488.35455
ven,1983,-73259400.13062
ven,1984,-79891729.08133
ven,1985,-68438134.3592
ven,1986,-57400767.28946
ven,1987,-56701271.47205
ven,1988,-73344751.87893
ven,1989,-187639287.52884
ven,1990,-209962949.91286
ven,1991,-230535990.85869
ven,1992,-218525224.02536
ven,1993,-210714896.83795
ven,1994,-49056396.05593
ven,1995,49434043.95845
ven,1996,72014234.48523
ven,1997,-47397595
ven,1998,-85683457.11044
ven,1999,-26678846.60386
ven,2000,-64867362.8116
ven,2001,-53304009.56983
ven,2002,-70310575.90759
ven,2003,9459618.09891
ven,2004,-32416896.24529
ven,2005,-26282167.37046
ven,2006,-29799131.83153
ven,2007,-251363772.58779
ven,2008,-242025033.98041
ven,2009,-138379772.0489
ven,2010,-176499940.54492
ven,2011,-207436382.85587
ven,2012,-219028194.42832
zaf,1960,800284689.61864
zaf,1961,880052590.09388
zaf,1962,771537179.92682
zaf,1963,717937243.29935
zaf,1964,822382356.08898
zaf,1965,914105224.89372
zaf,1966,940410079.98404
zaf,1967,1080101605.52446
zaf,1968,1891593257.55403
zaf,1969,1088742227.61665
zaf,1970,245565580.63005
zaf,1971,-93644507.98067
zaf,1972,-346593082.81731
zaf,1973,-1449385631.46599
zaf,1974,33593634.62358
zaf,1975,1036210996.55347
zaf,1976,525209297.11835
zaf,1977,48356379.05605
zaf,1978,131456932.22843
zaf,1979,448993969.9099
zaf,1980,1785191763.13984
zaf,1981,1193219686.13626
zaf,1982,257853579.56099
zaf,1983,-2297586025.40321
zaf,1984,-3288237260.64559
zaf,1985,-3154045316.41018
zaf,1986,-585414845.60668
zaf,1987,-3550775612.96142
zaf,1988,-2902712983.028
zaf,1989,-2423829820.18751
zaf,1990,-3123486267.08225
zaf,1991,-4593430430.48273
zaf,1992,-2927957927.28611
zaf,1993,-5177154865.75748
zaf,1994,-4880897391.96117
zaf,1995,-4767825851.78672
zaf,1996,-6117990396.01313
zaf,1997,-5843160584.59392
zaf,1998,-6646171024.62723
zaf,1999,-8503658717.04915
zaf,2000,-8824701156.55853
zaf,2001,-8037666236.00292
zaf,2002,-6853402726.22105
zaf,2003,-8325563299.77429
zaf,2004,-11431429630.816
zaf,2005,-15673620622.7159
zaf,2006,-14938480170.6915
zaf,2007,-14565567448.7913
zaf,2008,-15348945908.3679
zaf,2009,-17226907462.7667
zaf,2010,-12136385212.5874
zaf,2011,-9797592567.83214
zaf,2012,-20253914794.5062
zmb,1980,-117346905.0234
zmb,1981,-73865977.68219
zmb,1982,-14864818.97025
zmb,1983,-6305139.8363
zmb,1984,-28350762.71005
zmb,1985,-39707347.25906
zmb,1986,-66633067.85621
zmb,1987,-36408018.69549
zmb,1988,-28583452.43327
zmb,1989,-17176203.33923
zmb,1990,-33756795.36691
zmb,1991,-27643452.85621
zmb,1992,-21948205.94529
zmb,1993,-13266586.0304
zmb,1994,-12718048.46191
zmb,1995,-14461293.11134
zmb,1996,-14065079.24287
zmb,1997,-11729356.87684
zmb,1998,-23528066.22519
zmb,1999,-15011710.01037
zmb,2000,17136392.74444
zmb,2001,14176697.11132
zmb,2002,97604146.17745
zmb,2003,154140805.94311
zmb,2004,154671789.29633
zmb,2005,211444367.71019
zmb,2006,322391568.46716
zmb,2007,507205651.12511
zmb,2008,442921177.31327
zmb,2009,340930362.40272
zmb,2010,266858938.00093
zmb,2011,221966887.08213
zmb,2012,288348468.9574
zmb,2013,243634080.14097
